"Hash","Path"
"6f975f4590b22af1da02d25ffe3fcaa4e0a39452",""
"e69de29bb2d1d6434b8b29ae775ad8c2e48c5391",".dockerignore"
"475b6bd1dcdbf58ac54a93f410eed01abf1135c5",".github"
"95f736ef7c2fd57f63726d85cc099464a8673e60",".github/workflows"
"1c8e56a6f10a70d2b3134c4bc3543247843cbf4d",".github/workflows/deploy.yml"
"a49dd6b647d6b82393093a44d466d7ae71f89d26",".gitignore"
"233038fd4a180a8aaf1b2a8f4f196a8247d9eaeb","backend"
"ce2597e7207cc7d58f1e0f67be89c37ad7baff8f","backend/.dockerignore"
"080517e3a55a7f3fdcc6e4e86d46483b2a747c6b","backend/Dockerfile"
"5020a72b61223439d2dbd4f98c69299ea0978660","backend/config"
"1f2a03372c8baecd4be13814cf67723a1f0fd2d8","backend/config/db.js"
"4ea62cff583d71f4342ff3502f4afc1e97196e81","backend/config/mailer.js"
"532b601f6b627beac9cd10b40150336dde98305f","backend/controllers"
"2eb6d2565d5ea5dbf2614d6f0005cc9967f846e5","backend/controllers/alarmController.js"
"d3801929d4c7101f047834cbff87d7a93c63a771","backend/controllers/auditController.js"
"6b13418667ce43abf3bb705d252c4026ac1df497","backend/controllers/childrenController.js"
"931e4a18a7dd56da5d747c88eb5b82dc1102f8f9","backend/controllers/dbUtilsController.js"
"5c60cd6d012e2a8097b45755fbd6047449dff24f","backend/controllers/formController.js"
"ca470461228da4bc790c8367e193decf7118783b","backend/controllers/othersController.js"
"cc0a644346fc9564065bdd05f4302a1488a7ec1b","backend/controllers/statsController.js"
"7151b8694f209013b789d81f30f033f253ffb156","backend/controllers/testsController.js"
"34119531b2925159d216f9797cf32419a6519921","backend/controllers/usersController"
"a646baf76cdef48de0df8d49351cf64b9dd7defc","backend/middlewares"
"e417a61877a38881a327fd28c56fb5eb9eaa7b9e","backend/middlewares/audit.js"
"c950f8b38477c11e201ba1cd8f56941232f22d84","backend/middlewares/auth.js"
"1a1beae67de2a1b6d8fcdcaa776f282bb8e27e1d","backend/package-lock.json"
"4973c13d1d54734f7b98341a85cc56de6cb97eab","backend/package.json"
"c8a8975bb7a3654adef92f215cb6ec8e205489a5","backend/public"
"69daeedc34cb43d6760a1c1dc28a127e7fc0a807","backend/public/build-info.json"
"7a7dce2171fd0048d4ff285a9391c40d52c3f5fd","backend/routes"
"c0a80023b67ad5d223dd743be817086b3fe90456","backend/routes/alarmRoutes.js"
"cfb39311a3c44c8abc59afd903b735f40a900fc4","backend/routes/auditRoutes.js"
"76f7801c8618f837000c63637318c72e8b8893ac","backend/routes/childrenRoutes.js"
"d0272e321f63a74cde919f7c6fccfe77c872cfa6","backend/routes/dbUtilsRoutes.js"
"36eb5a27277c4eac444eed917a43fc42b31d5a28","backend/routes/formRoutes.js"
"19e509443590a14248398a0f1224c17e2d8d5593","backend/routes/index.js"
"ae36f95c9240b6e7eb0dc5f3745647a277c91f1a","backend/routes/othersRoutes.js"
"9e613547888cae9fc60d3ae135ca6f2fabeec6fa","backend/routes/statsRoutes.js"
"2d4a8ebc13c3d9228fa05a672f571d9af006b06a","backend/routes/testsRoutes.js"
"05e0c358079ee967428dca4646472bc45f0e42fc","backend/routes/usersRoutes.js"
"82f21783d40ee79d9afb8d74fb1f3d4b77a3a910","backend/scripts"
"ed57a29054ea11c63a00f14f797a0b857b993c6c","backend/scripts/generate-version.js"
"03865fd0360cd6d56b1700987347a39a7b28501d","backend/server.js"
"81689707fd081ebcdaf5891ae2f322e5f2baaac9","backend/services"
"77766eca1c42815fc1738def7dbf355e68d8a203","backend/services/alarmCronService.js"
"c7755aba8a9dc4222adeb4b1215a3555e16457e1","backend/services/userService.js"
"9f396209decfbebdba1e99ac3ca4601a9f9f7cba","backend/sonar-project.properties"
"4a04c0e21613ef9863a23c85af59a2924a79a244","backend/utils"
"08ead1881bfc8f067cb5b5469d888ca52d24ea97","backend/utils/childrenHelpers.js"
"b58824d8e4a9adb00e088556b17b0a0778342ed7","backend/utils/dbUtils.js"
"7f02b95f5573ea5ee07fd01d783138f1fcb3a517","backend/utils/redisUtils.js"
"224558d12a26f73f0fe05461fd622385618f597b","backup.sql"
"39c30e7077caba1dd5e9d9628b19d7c01ae342f7","docker-compose.yml"
"abb32b4dcd011dc6f8cebd2933f8239d6c973a91","frontend"
"00fc6929f551a76917b42a3f8cff1381175ac3a9","frontend/.dockerignore"
"4964c240a3e60f7ac5120bddbb10557d20c027b8","frontend/Dockerfile"
"27113e4c640344206f2e509ca443a23f9a53bc68","frontend/css"
"48ceb090d90810110be633b5e2177f296ca13918","frontend/css/alarmstyles.css"
"ee5ccc51e45cc885d91a435799d57bc994583169","frontend/css/auditstyles.css"
"f228f87a3c4a1aae7ea9e98ff4c0ad40d90eec6c","frontend/css/dashboad.css"
"6924db4842071d5377ef179a2817c9fbd663d14a","frontend/css/estadisticas.css"
"44fd393558175cb3b78face26c766f265bac0ec9","frontend/css/login.css"
"567d77fa3c150104cb3eb8649e2baeac6a3e1644","frontend/css/me31styles.css"
"24297232397144c7b8908ccc3aa401f73cdfec70","frontend/css/me321styles.css"
"97a0cbc59fa9513b23c3833f500d4c308b4514ee","frontend/css/me322styles.css"
"63747f2329558dc44567a7b7ab45f88d4346046b","frontend/css/me323styles.css"
"64cfc9e4bc97058002e5fdd1fd54c36f2c19e2c2","frontend/css/me331styles.css"
"3a796d011e834163aa5eb68c64d05afb0448d474","frontend/css/me332styles.css"
"b2701db769bf1b681b1b76a160eeaf428ab5d335","frontend/css/me333styles.css"
"167ae0f369a111bb4b42a917a0387dfd98669e8a","frontend/css/me34styles.css"
"d32e08a66e4301aff04803c096337c2c0960eb6d","frontend/css/mgistyles.css"
"b44d5b0eca99f680b0586ea8d93c14274975f98d","frontend/css/mrrp41styles.css"
"ce2391bb98c3747d4b3f7200f4b3daeafcdcd6ea","frontend/css/mrrp42.css"
"3234711ac4a9d492c2c24e0a038396e56e91a9a9","frontend/css/newestadisticas.css"
"6970a9e6ce0dce010fb21073cf555485463b50bc","frontend/css/rolstyles.css"
"f5758cea281c88d7c331ae089e2414be7cbab97b","frontend/css/styles.css"
"428aa841f555b3372c9a0d15e7638ff7eba2dc8f","frontend/css/subjectboard.css"
"65123ae4c4626c5675333628c685fc5a9748bf66","frontend/css/tests"
"3e342c4bbbd561f30189a989a9549d0edabd9bd8","frontend/css/tests/tabc.css"
"e1073643d0a159a15e5e167b9b5d1de5f503fb39","frontend/css/usersdlg.css"
"de5e25e55ebba2940f118b6bc9656bd6648a1940","frontend/css/userspend.css"
"43b6cfae42916a00858f5c263ad911735eb21fb2","frontend/css/version.css"
"9071ba1e238b28363c960839a8fc8afc8360a1e6","frontend/images"
"43d3cd59e828eab9113ab821a1afbac56ebca163","frontend/images/Gemini_Generated_Image_20gtmx20gtmx20gt(1).png"
"5b667ed5ba7b31f3a58bc42152a74f26a360f4dd","frontend/images/Linkedin.jpg"
"8664e271e7da62a3e3d77894a2716047d03980cc","frontend/images/b1.jpg"
"e07d118f63cf6f10ef3ae1b401ab9c054585785f","frontend/images/b2.jpg"
"d51df72b4d148195b4530455dd9fb6dbf0f63f59","frontend/images/b3.jpg"
"a4b58edd58942fdcbbe69aeac4ada9a347355420","frontend/images/banner-bg.png"
"e417b559b22361308a5577d7d6edb5dae63ef9ee","frontend/images/banner-bg0.png"
"42f7ad757638bc2e9ec860c0b165a5bfadab7c8a","frontend/images/banner-bg1.png"
"497a63c12a0e4adb6b136f7f2cdd622d2364ce92","frontend/images/banner-bgnew.png"
"78ab610803b94d602b12ec2323b70cc9e43179a6","frontend/images/campana.gif"
"e3744dfbae9dc0dc00f9f3a1c99cc7ee6395ccd6","frontend/images/children.gif"
"eb3a026157c41304d35645c9ac565c35c8c51103","frontend/images/emptyphoto.jpg"
"d4f17c458a62df2c7057fd3524dec510ac8a9f56","frontend/images/emptyphoto1.jpg"
"45c26aa2597f784072a6320cdfcc92f591663aaa","frontend/images/estadisticas.png"
"0999fc99c61f8934496921721eba5b843e8aefc9","frontend/images/estadisticas.webp"
"b98439455ac840a01b3fce4e480f9ac55e3c58f0","frontend/images/facebook.jpg"
"2993cffb29dabd4bd44c45286ba1f66a366a24ea","frontend/images/icon-delete.png"
"51e37c6ac1fd657e3f85d359b7298f6e06e03caa","frontend/images/icon-edit.png"
"576af3a1e3e333dadc52f6838c9452cb2429257f","frontend/images/initialbackground.webp"
"1e4da63bd17df84892876e8db1ad67b5edd79fab","frontend/images/instagram.jpg"
"fc645d87feceb5f5d37b440394b8bfbbfd26df4c","frontend/images/logo-cliente.png"
"e79e1ad15b9879c4447615e3cb4e2bcb84dcb88e","frontend/images/logo-entidad.jpg"
"b98b6f3dcd794776dc1e42e2f73d9c78589665cb","frontend/images/logo-proyecto.png"
"20145473de04e88896cd8ec8a8760f85b12329bf","frontend/images/logout.jpg"
"0bf771de77b8b22257c5dadd50744ae3dde6a0a0","frontend/images/mRRP.png"
"fb17e85e5b936b9a2be79571783bfc67b4fe5796","frontend/images/mapa.png"
"391b211c841a0cb3f38874d241dd15c1aca40de2","frontend/images/me.jpg"
"f50f884d6bcf3eb2f990216e4c899b4c1170f895","frontend/images/mgi.jpg"
"affe115ac9598e3ea28d1626f69a69732cc81b0a","frontend/images/telegeam.jpg"
"46f90e5c9419a7c24a77fdacb32cbd0e092e5cb0","frontend/images/tests"
"6af6d57667eb8dff8cbe38e146c9544d6ca56dcc","frontend/images/tests/tabcf1.jpg"
"4e98d1e008e03313dd9da544936e028205e8655a","frontend/images/tests/tabcf2.jpg"
"0459b54f7144c5964f715d04c293ada11b85b741","frontend/images/tests/tabcf21.jpg"
"b206450d95d33dfb91de0d23f8846d3d97557fe4","frontend/images/tests/tabcf3.jpg"
"d265094cb8ad58fe4608a8930e3bf4a3c12e4a67","frontend/images/tests/tabcf31.jpg"
"5db332e3ff582565e98e472111a46b50b3f60299","frontend/images/tests/tabcf4.jpg"
"34d974b819a0eba88df1ef82995b683427a086b8","frontend/images/tests/tabcf5.jpg"
"2c795387dd0aea7772cf9569e336e4662d21ad98","frontend/images/tests/tabcf6.jpg"
"e5bea10698ee9758b0f40a579887b4ae8aac9b9f","frontend/images/tests/tabcf71.jpg"
"10e4a4f7a2e37a9002691352c86280cc903cfb63","frontend/images/tests/tabcf72.jpg"
"c903ecdca15d2601c1e6be0bdd4fc485cb38b855","frontend/images/twitter.jpg"
"b89e672f8502c9a8f10184a11b6a3e101e1bc710","frontend/images/youtube.jpg"
"8b2c2b3b8cfd50c3150412507f11fc8f1df839f1","frontend/index.html"
"107618d7b25ed13e3bc52f83efce5af7d605d75e","frontend/js"
"cd1df6d016e7962c0879b028d6bba87dd76a12e4","frontend/js/alarmscripts.js"
"55bb87f129b6f94493eeb9421e11daf073bc51fb","frontend/js/auditscripts.js"
"4964e9d646077a801d1ecfae7d54f8b0d417e82d","frontend/js/dashboad.js"
"4b70cf22ddf7a3d84ef3f7369ddaf22ccbd27ea3","frontend/js/definitions.js"
"6699e640213fb03fec3b2811626c1378bdedd98d","frontend/js/login.js"
"b3b53a9ef0598e8e90c9a5eb356afaa2b7a51878","frontend/js/main.js"
"b0c6b7a5b9fae17f1396bbd5b66ed7972332d23b","frontend/js/me31scripts.js"
"7fda51638668dd3137866efa68edb94395f93e4c","frontend/js/me321scripts.js"
"7e5ae4148b14f6f08e1c1a385dcbc196e8c0df79","frontend/js/me322scripts.js"
"32572b920366bfb3f42f26db09ec69f672572e13","frontend/js/me323scripts.js"
"71c9959d4671c55661d46578a93ca8b6bf6b9932","frontend/js/me331scripts.js"
"183ddf33fc783bb2f49b314a659e638fbefc590d","frontend/js/me332scripts.js"
"b700f4717955902d1ddd62f1fba4c403b6381d28","frontend/js/me333scripts.js"
"6fd1bec01778e3c174f68bf9920b2355d6099233","frontend/js/me34scripts.js"
"ada11b0a4395f15b7b0729f8cc321f55da6b10e9","frontend/js/menu.js"
"6b160652565e58277823c55c63724247b089af34","frontend/js/mgi-voz.js"
"32d2ecb527466834268eb4ebfeb35ff36895f926","frontend/js/mgiscripts.js"
"efa11f35dcc9c6754a8ec0e166ba921aee631501","frontend/js/mrrp41scripts.js"
"643b7ab3df0a9a940de7fe34320d6fce2835e78d","frontend/js/mrrp42.js"
"1d4c213f68ba944a59e67658058fc1a481e6c867","frontend/js/newestadisticas.js"
"c2c103d6f246fe3a457c805d48f83c95b8e4131d","frontend/js/pdf.js"
"964e94771e30f5ef9c7e6eb4d429a5291e32927d","frontend/js/rolscripts.js"
"bccb7a5c29262c9d56a3ff5f57db15407d3cbc7e","frontend/js/subjectboard.js"
"45e124c06db3d4013aacd842b7379cef43628cf7","frontend/js/tests"
"61571f6fbe10853bebf30a3159ed7aaa03576006","frontend/js/tests/tabc.js"
"3e0db50687cc530810a9d330c1f269e9f65b335b","frontend/js/usersdlg.js"
"6705d91b75e1eccb179c426a27f997476f60d3b0","frontend/js/userspend.js"
"a6ceb727962de79523d22d756067b83bd4c4a225","frontend/js/version.js"
"cb8492f50db5d73e050975c99958c384c5ad562f","frontend/main.html"
"6466b9fcaaff339a133f0482b7a3d6fb646b671e","frontend/nginx.conf"
"500304a7a3daf260bb7ecc5dcecef30ee2e84a74","frontend/package-lock.json"
"9da9dbec6cfe9c20762eb9d2c7d257545fad1aba","frontend/package.json"
"0842e79eacea59f6ebc3a8a39cdb53bdca4ab73c","frontend/pages"
"a58a7b00db915d5c8260451a53e75b255a745c16","frontend/pages/abc.html"
"ea8464d6816d68b85a0165b2a2148f2b1adff9f5","frontend/pages/acerca-de.html"
"f0a5896c5c623fdec8290a97405053b1d87bd543","frontend/pages/contacto.html"
"9ca4a32e5d49dc9ab08c57f03b2de79ba3743d5c","frontend/pdf"
"0e251c6b3e050b0e891b2fd8313264fd371588c7","frontend/pdf/21m.pdf"
"3a4a295bf1cf5ee433e4e51ffdfe84f0bb9ddb85","frontend/pdf/311m.pdf"
"9124cb93cb2e4294e576e449124dbd0eac32abfe","frontend/pdf/321m.pdf"
"10c5bb78af28bb32c89bcc914a067d08d1941fdc","frontend/pdf/322m.pdf"
"1d662926b222bc2c1221fdb9db21fa1331b5d540","frontend/pdf/323m.pdf"
"f0b94d5cff752bdfa078da2e36fc8b67fcf03519","frontend/pdf/331m.pdf"
"4280127d8d9138cfe817163911171bc43aaa89a6","frontend/pdf/332m.pdf"
"2ce40c31068899ab0275f6aed030d286196d0286","frontend/pdf/333m.pdf"
"e889c8cebd74c56b0b082d4722982458ae5fb4b0","frontend/pdf/34logopediam.pdf"
"ee880f1049f389c6108c7cc2c10553784e2f1fc4","frontend/pdf/34m.pdf"
"08b5da16449f282280d5fca09c64b98547efab29","frontend/pdf/34neurom.pdf"
"86d298d0c847be46591854fa4c0d31b77bfd263c","frontend/pdf/34otrosm.pdf"
"5cddba449a6b3c51928b1d377886c5d306fcdaa4","frontend/pdf/34pedgeneralm.pdf"
"7cec4db05821d40e2875084fb6da7b5ab37a105f","frontend/pdf/34pedhistoriam.pdf"
"5aea18bcc82483f8eafa3309bfe414358a46924b","frontend/pdf/34pedlangm.pdf"
"57dc3e31cc26e8bab02985f0c034284b66e16ed3","frontend/pdf/34pedmathm.pdf"
"f5087ae870ae503fc69bcc08dfdc3308215764fe","frontend/pdf/34psicom.pdf"
"2ce6fd70b6a4cb624c123385fc3d4f8eed10adce","frontend/pdf/34psicomem.pdf"
"60a8d3092c36331dfcc38bb550028374033f7959","frontend/pdf/34psicopedm.pdf"
"065729d0f08e623c7777f5ed1f5ba68ca8aec680","frontend/pdf/411m.pdf"
"8347a4e7cb9e90850c08b35d06912913fd252e93","frontend/pdf/412m.pdf"
"fe8b9e4f6471d9c6c07c3ab9e3a7725e186b3c4a","frontend/pdf/413m.pdf"
"0496957f6ac055cd2cb30c6fc670e3315f658e45","frontend/pdf/41m.pdf"
"f331ced38732a95c97821af154dafdfff009e12c","frontend/pdf/42m.pdf"
"1ddca02ce0d9ea8b4d48dad98efe72f76b367db9","frontend/pdf/tutorial.pdf"
"2ddebccec0e3da16a0e8a7c2d7bad5669eedbc39","frontend/sonar-project.properties"
"d49d9000b617afeb879196e753a0acec11064e57","frontend/vite.config.js"
"2723166cb87dcf25182d0ee65d36e4ea8e933a78",""
"61ed1c0e698258d383bfc93fd82f2a35ae13ed32",".gitignore"
"1b9247dbea2f9b3161be8224ad3477c3c3ccedfb","docker-images"
"2da96790fa35625b94c3d6a2d8cde072d465b8ff","docker-images/mariadb.tar"
"8b968e570b8d13bf0b515ecb08def2345b5ce463","docker-images/mysql.tar"
"817f00d7fa804084c6b63b85cfc1b4321d2cf970","docker-images/nginx.tar"
"40bcb389c47c80c587768eeebce577124225a487","docker-images/node.tar"
"a7f65896bf265265aac18f404ee657db72455883","docker-images/node.zip"
"8d991d21b9d91783177780a1b346864a31cfcc44",""
"486e7bce95c19c64948f76a247e6d040be15cf76",".gitignore"
"8f739273f5e201f2b4686e44abff31f3a419966b","backend"
"4a46c6f48c14ca2259a7897cf78e3ebbfae1dd75","backend/.scannerwork"
"ea2cce74c255476699f8431ef4562cbced886c07","backend/.scannerwork/report-task.txt"
"5b6eb2c062401d84b7bfcad2655409acdb8e8bb4","frontend"
"bea452316538514d33ff8507e4f4b11466e3311c","frontend/.scannerwork"
"1fa5ae29460e7fbfd303509ec7253b00bc856fd6",""
"0a77112fe5e55178bf8b13ee9002b31653b6cec9",".gitignore"
"513c5f28442c34d0094653c36d9885aca0a8e3ca","DOC"
"14a6a2f483f3a208a4f45a31a082ced7d04ddb56","DOC/Documentaci??n tecnica m??nima y contenido exigible_SAIDI Valido.docx"
"e023db20e79a14271fa3bc1bbd5823f53436a417","DOC/Entorno.Desarrollo.CNeuro.Gitlab.pdf"
"681ae7459982e39076fbc382dd10a09982315fac","DOC/Implementaci??n de los roles.docx"
"762ea97ceac191df0663b12a5190366695e5bb96","DOC/Manual de Tecnico.docx"
"b889fc6e1e4b3c873c468ab3f57b64f7e900130f","DOC/NIVEL EDUCATIVO CON MAYOR CANTIDAD DE EDUCANDOS ATENDIDOS.docx"
"e965d9d5930fa61dd23515f60ce5bbe388de7809","DOC/Nueva version 25 enero 2026.docx"
"9b60e13d8834d99a59abb119c021d5cca4a76447","DOC/Pasos para actualizar servidor.docx"
"aa612c05ed2760b7826ec972292951d22f4005ea","DOC/antiguo fichero configuracion nginx.docx"
"b93ac972839ceebf40366ba121325de49dfce0c2","DOC/dircciones CDO .docx"
"32ba977c1324be3b887c546914bffad2231b4f96","DOC/docker.docx"
"3397564d125e58e0a32a10349d4bbbc6947e84ba","DOC/tutorial v1.1.docx"
"a783502ebd87a9ab4f3ecd9d2735d44df6881790","DOC/tutorial.docx"
"229ebf4b2bb02ef1994db53ae32162b1517080b0","DOC/tutorial.pptx"
"973a2adf49f2c4f854602aee84103b70f8d03154","DOC/~$nual de Tecnico.docx"
"39b743b1f7e3116aa7877d43a35a5cc33d80bd65","DOC/~$torno.Desarrollo.CNeuro.Gitlab.pdf"
"00edb814eea1e78445922ab55314c2418421da1a",""
"ccbdc4738cd545f480195dde1fadc13fd7879682",".gitignore"
"e71964ff2d7bad4c7763a2167e8a6b85bd5b16a9",""
"985f49fb77ea7edcf5e7001302065ee21e863237",".gitignore"
"30bb9f5726fd0aa702a9bb2f02bdf59470164574",""
"40325de93b10edd5ade9ace1300e63edb12e4ad5",".gitignore"
"8d862980a13596099baed919549ff96cfe0bbe55",""
"dbda54a75127a724e9c4a90ce1b24691457caf9c","DOC"
"b17653cc634c2e811fcb148b3342ec1316f83d46","DOC/docker.docx"
"9724359b94395c9451a4c0a94e07ff21d26c9a40","DOC/~$docker.docx"
"7bf20b900d0c965973ffab8f6428bd4d4839a807","DOC/~WRL0003.tmp"
"5d37df0f06e5431dc204232acec164f970438ec8",""
"352b1637f2ff295e48ec8a989a8c48bac25b7724","21.pdf"
"b02bae7bff16143ada5ad06ab8d9e0f09377ec18","311.pdf"
"9e80d80d2fac787a10f56c137ff384eba62261e7","321.pdf"
"ff96ddde1f719570b8dba14c65ea5c741bb76cc0","322.pdf"
"fc4e7cd47d88f68bce661f420e0ad2a66ab9af06","323.pdf"
"a82c074ec63388b62830ac3b00c99d58f1d8d1a6","331.pdf"
"dadead06c33c3869e4fb51ed6e1e0c4e1c4bea89","332.pdf"
"ac4c232c74530c79775d889b2add806c1c5a3398","333.pdf"
"0042160f5ccf84222c565a5ed8936e3d8c3a989e","DOC"
"856d43124157a98165478f0c4c7cc4a79399ae95","Tabla permisos.docx"
"d855dbb1d8220a3569f53a9bd162dc53874738af","WhatsApp Image 2025-12-13 at 14.50.57.jpeg"
"e3c0a0d61568016e33ba824f01950706c1dec111","backend"
"db6e9ec2af65b4fbe8cf925d05260be74270f0a9","backend/.env"
"3aa81951fb800589c53b2e8c98b261ddd4216fe5","backend/.scannerwork"
"c1157276f0e49c2069feb4fd4bd1abc71ef0cd55","backend/.scannerwork/report-task.txt"
"b939a4e617c44323da38ef05c3145f1a8f199292","backend/config"
"ab06fe7f969ccfe82475f57f0465b936bef3805b","backend/config/db.js"
"8f8defb68ac732aa551fb75d891e446d790bd666","backend/controllers"
"041f95689247de998a39f73e0ad371d2d0ff483a","backend/controllers/alarmController.js"
"88b653607ad0d299e19bcd7ff56bd3e400635cfe","backend/controllers/auditController.js"
"b075a16a3a73eb7b282d3eba4ab1673b9fcb82f7","backend/controllers/childrenController.js"
"ed02e7fa40b3e29560a1fea0b91a3c23dd980f73","backend/estructura.sql"
"ebdb1b91cffc5e4b9cd60debf954519212eb19b7","backend/node_modules"
"96d032974309f6806ca2b907755c6cf0faea692e","backend/node_modules/.bin"
"1ab9c81af5cd69d16a0c0876a3e32a8cd795b931","backend/node_modules/.bin/mkdirp"
"a865dd9f3a2ef7c26f9cb350ee12041578808e79","backend/node_modules/.bin/mkdirp.cmd"
"911e85466417449a40e584cce49fa18f1c513c3d","backend/node_modules/.bin/mkdirp.ps1"
"2a058b47d2c2aadd99f6fe7ef0fc3943b2853a50","backend/node_modules/.package-lock.json"
"b6e143475d223fbf3b2e7c5316f15298f2e4fd3c","backend/node_modules/@ioredis"
"f0259b4037177c7623b316074a1bd1ee9eb691cc","backend/node_modules/@ioredis/commands"
"8931fa92eafd4cc1b51cd1a74ca712e1fa4bbab4","backend/node_modules/@ioredis/commands/LICENSE"
"2649696469e599a40cdec36212c2582aab00b9d8","backend/node_modules/@ioredis/commands/README.md"
"4f9057e2d1222e633d855ad03713a1f795fc6c6c","backend/node_modules/@ioredis/commands/built"
"4004701c14c08e317ad1fd67172336d79e556be4","backend/node_modules/@ioredis/commands/built/commands.json"
"94506a269b564b74df46fa479cf3f1583a5fd168","backend/node_modules/@ioredis/commands/built/index.d.ts"
"c0e9b2f6b5dd133dc1169d1f2cc5c8ca7c10cd3e","backend/node_modules/@ioredis/commands/built/index.js"
"c60e19a686437b4a6bbc54f4e0381161b8443561","backend/node_modules/@ioredis/commands/package.json"
"01485300b837d1c91311dbfa02ba0428fddfc5f7","backend/node_modules/accepts"
"627a81d0c760328910c25e561ae121db3b473127","backend/node_modules/accepts/HISTORY.md"
"06166077be4d1f620d89b9eb33c76d89e75857da","backend/node_modules/accepts/LICENSE"
"f3f10c4a4c36bb690ab2f2f8565a95f400ab153c","backend/node_modules/accepts/README.md"
"4f2840c0b72488218ac325a35022de790176be4d","backend/node_modules/accepts/index.js"
"b35b262db04543f863690301c6d48924da90afbb","backend/node_modules/accepts/package.json"
"d0bc72fec559ec41c3488bf26ec8b260bb8c1d38","backend/node_modules/append-field"
"c2658d7d1b31848c3b71960543cb0368e56cd4c7","backend/node_modules/append-field/.npmignore"
"14b1f891b40cc88122b238cdfb966124d7268084","backend/node_modules/append-field/LICENSE"
"62b901b7e8c1f92f113ad0bc728aed6595ee7a13","backend/node_modules/append-field/README.md"
"fc5acc8bc41502a08fa7d537987d05b0c7ef5775","backend/node_modules/append-field/index.js"
"8efbfa459dafa3636ff6be9d36075311ccb0860e","backend/node_modules/append-field/lib"
"31d617966f02ca37d98f9caa3ef4779118bbd635","backend/node_modules/append-field/lib/parse-path.js"
"c15e87377bc84537acdceb74466320644592b72d","backend/node_modules/append-field/lib/set-value.js"
"8d6e716433ff4f99e99412f2e63523459dc0f9a8","backend/node_modules/append-field/package.json"
"64967ab2fc4c9675e32a4298893bdb2c0fc06cf0","backend/node_modules/append-field/test"
"dd6fbc988e8b71f9cc438d5ddf114f8ad704216f","backend/node_modules/append-field/test/forms.js"
"9868fa8f32c03c911ae8ff57483368aad030fafb","backend/node_modules/asynckit"
"c9eca5dd999d7cead12f32f6089b577e8e78c23e","backend/node_modules/asynckit/LICENSE"
"ddcc7e6b95ca9aab30e8ef697e8941869adad32a","backend/node_modules/asynckit/README.md"
"c612f1a55fda02075d146f05a14343a0c73e6fb6","backend/node_modules/asynckit/bench.js"
"455f9454ee6483f450a3c7b2e4570a10d6e78d39","backend/node_modules/asynckit/index.js"
"8f38635c303829054d280d24f78f96b52027ed9c","backend/node_modules/asynckit/lib"
"114367e5fbf144ad085f0fbe8081ad8adb101dcb","backend/node_modules/asynckit/lib/abort.js"
"7f1288a4ce9ae031b0778d38afe16dc477c59ab1","backend/node_modules/asynckit/lib/async.js"
"b67110c7ad6e5501a355b3c96f410b4216f0fda0","backend/node_modules/asynckit/lib/defer.js"
"5d2839a590b2bac46489909265bc3010fdc62b28","backend/node_modules/asynckit/lib/iterate.js"
"78ad240f0afd80d9a632fc108ac482f7143615d2","backend/node_modules/asynckit/lib/readable_asynckit.js"
"5d2929f7a67750caca25e51ed80ced22c3f43e64","backend/node_modules/asynckit/lib/readable_parallel.js"
"78226982041ce40c7ed2906b34d3cd13b880767a","backend/node_modules/asynckit/lib/readable_serial.js"
"3de89c47291b403fa38a8340c11d4db0eb99c751","backend/node_modules/asynckit/lib/readable_serial_ordered.js"
"cbea7ad8f6bc63f0b9c5710b942852f9041edf73","backend/node_modules/asynckit/lib/state.js"
"f56a1c92bf5c21380396826493eff1be86f19027","backend/node_modules/asynckit/lib/streamify.js"
"d6eb99219f3d9d9d44a688312c204059aaf312f0","backend/node_modules/asynckit/lib/terminator.js"
"51147d6569aa0f44c087b01b93ff2db52bd1b2b7","backend/node_modules/asynckit/package.json"
"3c50344d8515f80a01d21bf7bc61cadf363e24cd","backend/node_modules/asynckit/parallel.js"
"6cd949a6777137da8128895053b743915ac7d067","backend/node_modules/asynckit/serial.js"
"607eafea56cb060292269b11c9809777c11abf62","backend/node_modules/asynckit/serialOrdered.js"
"d43465f903ed6354a2ceae4a182768838955b528","backend/node_modules/asynckit/stream.js"
"32dd8d45f1d5f65a143e4b902cc60eed57b36919","backend/node_modules/aws-ssl-profiles"
"95dc09639b3e4c8d8e01e752a49afd423a2d432a","backend/node_modules/aws-ssl-profiles/LICENSE"
"99acaadb5e7e2538b6be27977fcff27bf32a2282","backend/node_modules/aws-ssl-profiles/README.md"
"dfc259c9a8dc8ecdb9997af7560dfad73ad4fe36","backend/node_modules/aws-ssl-profiles/lib"
"ef773e134dbe70af47b32b75189d5c721db3b2fd","backend/node_modules/aws-ssl-profiles/lib/@types"
"a02c121af2515d46df16b367ce7e4aca33b8717d","backend/node_modules/aws-ssl-profiles/lib/@types/profiles.d.ts"
"c8ad2e549bdc6801e0d1c80b0308d4b9bd4985ce","backend/node_modules/aws-ssl-profiles/lib/@types/profiles.js"
"18d181bda3befc23357138f0becf2fb87cfbad3a","backend/node_modules/aws-ssl-profiles/lib/index.d.ts"
"d702ca7b74630c92ef1f4de66484f203b2b08b75","backend/node_modules/aws-ssl-profiles/lib/index.js"
"6f97b79106b9899d9af2c002f6e7a0eeb03642bd","backend/node_modules/aws-ssl-profiles/lib/profiles"
"b551de7084073606d8ebefcd3f0f2fd1abb2e547","backend/node_modules/aws-ssl-profiles/lib/profiles/ca"
"347c7b59ce76b21d6f825590597165d14c9184af","backend/node_modules/aws-ssl-profiles/lib/profiles/ca/defaults.d.ts"
"343c8a074db10550d9ceb5debe1ba81289368648","backend/node_modules/aws-ssl-profiles/lib/profiles/ca/defaults.js"
"da2b76b7d657acc6985ff55d40494f6f1ad2c36d","backend/node_modules/aws-ssl-profiles/lib/profiles/ca/proxies.d.ts"
"367a4c3ff10b4c8baf6dd556a8b07256a6a1b96f","backend/node_modules/aws-ssl-profiles/lib/profiles/ca/proxies.js"
"0856ad91285250aecdbf8dc2423f676e8bee7250","backend/node_modules/aws-ssl-profiles/package.json"
"70611d1d5342bdb1a11c150e70d9962919298c72","backend/node_modules/axios"
"49af8996f26d62adada41b44edf18aba63d73c8f","backend/node_modules/axios/CHANGELOG.md"
"05006a51eb888282323883df740cd90ad72d0700","backend/node_modules/axios/LICENSE"
"ec3ae0da9b14105ca1c401de0fbeb827b29ce32b","backend/node_modules/axios/MIGRATION_GUIDE.md"
"d81981f6308c0830591f306acbd2540b6963e066","backend/node_modules/axios/README.md"
"765a11de1f30a80701a070e159106ff4af85bef9","backend/node_modules/axios/dist"
"17606d68880e92caa041c4b9a234a5063ba47be8","backend/node_modules/axios/dist/axios.js"
"53f39b79db4a7233d99c0568faac606c3a61e963","backend/node_modules/axios/dist/axios.js.map"
"2b482facb3d08b70221b5c37d3f17c2f8607514d","backend/node_modules/axios/dist/axios.min.js"
"4e1bf4828367c76965557fdb0a29a0c6805b38c3","backend/node_modules/axios/dist/axios.min.js.map"
"4e0bf8caa2daaebb2ad91741d1d8223a37424e87","backend/node_modules/axios/dist/browser"
"bf34e71a19c7c74ef1e202600182aaa404b871f4","backend/node_modules/axios/dist/browser/axios.cjs"
"c9501018f0858e27173970b85a0882c45b1c43c9","backend/node_modules/axios/dist/browser/axios.cjs.map"
"19720b4bac5bb326629b3fe8b518b1b1b9ce8210","backend/node_modules/axios/dist/esm"
"f2943c794cc09cd0efdb7d2c4a83528c255109ed","backend/node_modules/axios/dist/esm/axios.js"
"d525b7a012b7a16184442ca9fd38459c16dc1db2","backend/node_modules/axios/dist/esm/axios.js.map"
"c9740696eb291b7cc7c890ec8d7ef87f6c0a69a9","backend/node_modules/axios/dist/esm/axios.min.js"
"96382016aea55824046c4840fce4b737cf61092d","backend/node_modules/axios/dist/esm/axios.min.js.map"
"b4d5ae96147893cd4fb8b0d65880fcd0a4ab0f82","backend/node_modules/axios/dist/node"
"984a81e6e4c5c3a66d49c4c3e7f2fa07615b2599","backend/node_modules/axios/dist/node/axios.cjs"
"86eccb20dd8a3a3baff0810511777c70c0842aed","backend/node_modules/axios/dist/node/axios.cjs.map"
"e3a06a3789871dc8e13f73a2b54229f9d8627bba","backend/node_modules/axios/index.d.cts"
"a97882aa0dc55f5fffec7d2f99b7269299d2f8a2","backend/node_modules/axios/index.d.ts"
"fba3990d8c284b9dbed3149955bf7325d24609d0","backend/node_modules/axios/index.js"
"fdf3f9d93d78944f5db02c5a34526a3c8fa9e007","backend/node_modules/axios/lib"
"a560a53224dc05a8feadacba1091a3360c845e1f","backend/node_modules/axios/lib/adapters"
"68f1118959527677cafe8c28547ec68d1ffd1605","backend/node_modules/axios/lib/adapters/README.md"
"2e117db39abbb8d94046d0e9be83c26e7163d3a7","backend/node_modules/axios/lib/adapters/adapters.js"
"e2e90f6563dfbc2b3aff83b16e0cd23e53e6d78c","backend/node_modules/axios/lib/adapters/fetch.js"
"ccc89be66d7c5f2a5ef8774c388568fa9e352c45","backend/node_modules/axios/lib/adapters/http.js"
"0223618aab2ecbeac6f4079a4183c3a77d2575e9","backend/node_modules/axios/lib/adapters/xhr.js"
"873f246daffc4b35773c208dba2d1be160b5a485","backend/node_modules/axios/lib/axios.js"
"90d5fe5d34db63dab6fbf5e1a39597b0331330da","backend/node_modules/axios/lib/cancel"
"0fc20252513be596e4e9f9a9f30096344c8a8546","backend/node_modules/axios/lib/cancel/CancelToken.js"
"880066edf4c86aaa805625228a0e09ff7eea447e","backend/node_modules/axios/lib/cancel/CanceledError.js"
"a444a129dec9c8dc9e0ed3f6914e8613f01df37c","backend/node_modules/axios/lib/cancel/isCancel.js"
"ae9ebaaf1622b740336ce4546b46a9a4a9b88a3e","backend/node_modules/axios/lib/core"
"a5649270facfddf1313f3cfda348ab4916534a9c","backend/node_modules/axios/lib/core/Axios.js"
"3d118cbf6290f904c829d55b92d15d11e83a700b","backend/node_modules/axios/lib/core/AxiosError.js"
"67445815fcf207fb7e52845f8d14831df925ffd8","backend/node_modules/axios/lib/core/AxiosHeaders.js"
"ac1b61b969ecc57c1a281902aadb8cfe7a2330f9","backend/node_modules/axios/lib/core/InterceptorManager.js"
"84559ce7c8039363a0c08afc72590af0aa288979","backend/node_modules/axios/lib/core/README.md"
"3050bd64df3a2cd9ddca1a4206fc990b57c282ec","backend/node_modules/axios/lib/core/buildFullPath.js"
"bdd07f8ed799268b14b62f5aea267a039ac899e0","backend/node_modules/axios/lib/core/dispatchRequest.js"
"b1b50f0fc9cd45ebc9dee9193e577310bfc23097","backend/node_modules/axios/lib/core/mergeConfig.js"
"ac905c43206e73f28a6610cff1bb47ba9c41f9ee","backend/node_modules/axios/lib/core/settle.js"
"eeb5a8a186579f26a628ef200e8defa3e9597d0b","backend/node_modules/axios/lib/core/transformData.js"
"fe896d981d96ebad727de0f87ffe84e83308eaa5","backend/node_modules/axios/lib/defaults"
"cc14a8b36196e7451d82bd5dc3520cd88f9b547d","backend/node_modules/axios/lib/defaults/index.js"
"f89133196ee0b832df3d8afa5157bcf2e80849a1","backend/node_modules/axios/lib/defaults/transitional.js"
"8897b700037a973512e4b625f32ff6a67de96835","backend/node_modules/axios/lib/env"
"b41baff3c9960a110087369cea8dbc86d6a75f0b","backend/node_modules/axios/lib/env/README.md"
"d142658debdd3af8bf77fc902e19607c60ec8c8c","backend/node_modules/axios/lib/env/classes"
"862adb93c3df8de3c178325d090b7a5b1503274a","backend/node_modules/axios/lib/env/classes/FormData.js"
"38dd6aac224d69cfc4f26926e583de98da58a145","backend/node_modules/axios/lib/env/data.js"
"3748053aa6a3cbab303a93a3aeec56c4869425fe","backend/node_modules/axios/lib/helpers"
"414007121ee2f96c31b6ec1ff7d86bff1e56441c","backend/node_modules/axios/lib/helpers/AxiosTransformStream.js"
"b9aa9f02bf5f66ed94eb1629f0bddf6d2b2ae16f","backend/node_modules/axios/lib/helpers/AxiosURLSearchParams.js"
"b68d08e1bbea3f9eda0c49adf778a8e81da16cbb","backend/node_modules/axios/lib/helpers/HttpStatusCode.js"
"4ae34193a1edf855caaf3fc3a3700230934379af","backend/node_modules/axios/lib/helpers/README.md"
"d1791f0b8e0c1c6815191721b1b71501ed155c1d","backend/node_modules/axios/lib/helpers/ZlibHeaderTransformStream.js"
"938da5c1640963c3727aaf7a85b9d148648eaedd","backend/node_modules/axios/lib/helpers/bind.js"
"4f9c0d11bfc7ebd2484818717ee9408baa5fbbab","backend/node_modules/axios/lib/helpers/buildURL.js"
"4603badc3174d17cce7ba6b8f6e65a8884f57777","backend/node_modules/axios/lib/helpers/callbackify.js"
"9f04f02020a629275d6e90cb8d7cf5c5d13c8f7d","backend/node_modules/axios/lib/helpers/combineURLs.js"
"84087c8067bbec11d87b96785186df990506c3dd","backend/node_modules/axios/lib/helpers/composeSignals.js"
"266f09ddde871af8540f7300959ef6db346e7d45","backend/node_modules/axios/lib/helpers/cookies.js"
"9e8fae6bfea81685466014e38b1c01e8843ccbd5","backend/node_modules/axios/lib/helpers/deprecatedMethod.js"
"f29a8179d81a0570dad65049ec933d86fc6722f3","backend/node_modules/axios/lib/helpers/estimateDataURLDecodedBytes.js"
"906ce60258445fcd24824eb23311587efa1b1d70","backend/node_modules/axios/lib/helpers/formDataToJSON.js"
"afc61742ec2e162187f75eb7f16241182dae9fca","backend/node_modules/axios/lib/helpers/formDataToStream.js"
"eb71d3f3b6b015e6f49449612b5e79d1f1d7e439","backend/node_modules/axios/lib/helpers/fromDataURI.js"
"4747a457672a59d2b18e17bbb0054f55adefce1b","backend/node_modules/axios/lib/helpers/isAbsoluteURL.js"
"da6cd63fdda9a325e72363c0a56977dbe6801892","backend/node_modules/axios/lib/helpers/isAxiosError.js"
"6a92aa1528faae53711bbd36beda1319154334ef","backend/node_modules/axios/lib/helpers/isURLSameOrigin.js"
"b9f82c46434fe514f0c4e20f5e738c077dc6a2d8","backend/node_modules/axios/lib/helpers/null.js"
"50af9480c6b38aaab62475fdd38a609cbd8fe56c","backend/node_modules/axios/lib/helpers/parseHeaders.js"
"586ec9647106eac9343adfe8d683db406205dde7","backend/node_modules/axios/lib/helpers/parseProtocol.js"
"ff601cc4f721c1e51996bbf5154f880868c6eaa6","backend/node_modules/axios/lib/helpers/progressEventReducer.js"
"6de748e8e263c24a3b10d818eef33025fe222e6d","backend/node_modules/axios/lib/helpers/readBlob.js"
"26bce9d7c8fbfd6538c3e7b0be4fa4f805d5b37a","backend/node_modules/axios/lib/helpers/resolveConfig.js"
"3b3c6662f68d2416a0061109af76640869edb130","backend/node_modules/axios/lib/helpers/speedometer.js"
"13479cb25c51019fd108f0de04886d6643daac5b","backend/node_modules/axios/lib/helpers/spread.js"
"73e263d1aaf63f3ff78022b297327b2ea3773f6a","backend/node_modules/axios/lib/helpers/throttle.js"
"ec47d8ce647e6ab78b9812841644fc6c5590bfdf","backend/node_modules/axios/lib/helpers/toFormData.js"
"ffa95ec902380828e8ab5eb9136bc18d7ef9aaa0","backend/node_modules/axios/lib/helpers/toURLEncodedForm.js"
"95d60081f502551c172a1a9d8696ac5743d0585f","backend/node_modules/axios/lib/helpers/trackStream.js"
"127056872b176894b745b692045dec13823f9c1f","backend/node_modules/axios/lib/helpers/validator.js"
"93b1ebab985462ba28ff12935e07052b7c96dd16","backend/node_modules/axios/lib/platform"
"e55deb752a6ec0459ee37122a0059254e86e7ebc","backend/node_modules/axios/lib/platform/browser"
"6284f62aa568e0c3e6d0645afde28ff5e777ab31","backend/node_modules/axios/lib/platform/browser/classes"
"6c506c48aad7d0c1a59cfb15d924df547b78e7c0","backend/node_modules/axios/lib/platform/browser/classes/Blob.js"
"f36d31b29eba0d79b16f3f08b5477dd473e2c18d","backend/node_modules/axios/lib/platform/browser/classes/FormData.js"
"b7dae9533e1afd95f3b9740dc77ff494f496716e","backend/node_modules/axios/lib/platform/browser/classes/URLSearchParams.js"
"08c206f3c793b4167e80ae2187cb2312f38dc534","backend/node_modules/axios/lib/platform/browser/index.js"
"15be277722ad1ed72cc8855eeebee6bcb610c17f","backend/node_modules/axios/lib/platform/common"
"52a3186e3c7d6f5495014818e0986c960b1a1d28","backend/node_modules/axios/lib/platform/common/utils.js"
"860ba21a1b9f97c2f5777ebd6bdcbd58bc5fb984","backend/node_modules/axios/lib/platform/index.js"
"3ca85344fc7eac2b4cfd37c3d9b5c35c33664019","backend/node_modules/axios/lib/platform/node"
"c38c7338d662aa0eef7197cf6cd90dd98b04ed13","backend/node_modules/axios/lib/platform/node/classes"
"b07f9476daa615b60e163a63debe2b70a8c7eacc","backend/node_modules/axios/lib/platform/node/classes/FormData.js"
"fba584289ac345f64e2e92ee7fa376a949e6ee88","backend/node_modules/axios/lib/platform/node/classes/URLSearchParams.js"
"cd1ca0c457b5653ee8860a9f6fbb34e19d520f13","backend/node_modules/axios/lib/platform/node/index.js"
"ade83092066e127b9153b59937dd2a40a3cec93d","backend/node_modules/axios/lib/utils.js"
"f85fdb47661e169c5e3fbfe27d3d00b606711cc2","backend/node_modules/axios/package.json"
"30c48b0aa7738751925fa7924eaf913b0f0f0b08","backend/node_modules/body-parser"
"17dd110e87f4d0c20e04326ae3f19e651867a86d","backend/node_modules/body-parser/HISTORY.md"
"386b7b6946e47bc46f8138791049b4e6a7cef889","backend/node_modules/body-parser/LICENSE"
"9fcd4c6f8eb550d7ddca624212b0533390c0fdb5","backend/node_modules/body-parser/README.md"
"d722d0b23d7c6ad3d5277d2befa15eb0499afa18","backend/node_modules/body-parser/index.js"
"4657d1cc9a9ab145a51bfa45fba0466645d9cef4","backend/node_modules/body-parser/lib"
"eee8b111c24c6b67e2bc12085fd29179203cfb6a","backend/node_modules/body-parser/lib/read.js"
"0260655beacd1cc68fae935c2a5a7ae8efbca981","backend/node_modules/body-parser/lib/types"
"078ce7108ed8f971e6f644f84cdcf8d2bb87cd35","backend/node_modules/body-parser/lib/types/json.js"
"3788ff2791df88670a7aec2ecdd3a79bf4894640","backend/node_modules/body-parser/lib/types/raw.js"
"3e0ab1bbd229f7acb829645f2727d267362a998c","backend/node_modules/body-parser/lib/types/text.js"
"f993425efc8f64e5e05dc556b54a0be4e7df52d5","backend/node_modules/body-parser/lib/types/urlencoded.js"
"eee5d952a1072c6bf5a1acd8b1506b4d213a6124","backend/node_modules/body-parser/lib/utils.js"
"e7f763b8e8ccd6db546518f7d9d0823c6a4f8599","backend/node_modules/body-parser/package.json"
"d363e4ee8def5f38d5e41b6ecc7d49fa8a14a744","backend/node_modules/buffer-from"
"e4bf1d69b1bb0df5acf1278e583264acdc1eefc5","backend/node_modules/buffer-from/LICENSE"
"e1a58b5e8a06fd24ce5321aa6b08255dc9d0716d","backend/node_modules/buffer-from/index.js"
"6ac5327bf8621ef03a3df8039518a98ba3d1648a","backend/node_modules/buffer-from/package.json"
"9880a558a7c91fefb0e6908318fbd991b6b93dcf","backend/node_modules/buffer-from/readme.md"
"e3b320b99bb4ede4db1ee05ab31215450c4a4edb","backend/node_modules/busboy"
"be9311d02655a22381f13078bfe868bcbd85b3a6","backend/node_modules/busboy/.eslintrc.js"
"3bc52ca412398ada7302bed6b54deca20bec2075","backend/node_modules/busboy/.github"
"b4792c0b8e9c677e86dd4f485dd4acb7b4d2c755","backend/node_modules/busboy/.github/workflows"
"799bae04adb62ae5b327afff21a37b8ab841ec2f","backend/node_modules/busboy/.github/workflows/ci.yml"
"9f9e1f589a30be583a860f928382b3033c38749d","backend/node_modules/busboy/.github/workflows/lint.yml"
"290762e94f4e2f2b52cc13ae4f2b63ac0269bfd1","backend/node_modules/busboy/LICENSE"
"654af30455614e47ad22cf53d1235f7c928bf42a","backend/node_modules/busboy/README.md"
"3725da3d0cc4de08531aa0dfadc6dd162f1ffda6","backend/node_modules/busboy/bench"
"ef15729ea65c38a6c470d7abe63211efb0945c22","backend/node_modules/busboy/bench/bench-multipart-fields-100mb-big.js"
"f32d421c735d323b2b0d7ef478b1d612a939b1a5","backend/node_modules/busboy/bench/bench-multipart-fields-100mb-small.js"
"b46bdee02cdded28483eb8bba655e56695abd6fa","backend/node_modules/busboy/bench/bench-multipart-files-100mb-big.js"
"46b5dffb0c74d8e06000f8ee453ecdb4b2d5a0ec","backend/node_modules/busboy/bench/bench-multipart-files-100mb-small.js"
"5c337df2ef951f6a36aabac8894211f06573ce6e","backend/node_modules/busboy/bench/bench-urlencoded-fields-100pairs-small.js"
"1f5645cb8cc43fb299c3577027b2cf39b5d9c286","backend/node_modules/busboy/bench/bench-urlencoded-fields-900pairs-small-alt.js"
"6a77e9d5ec1eaa9bf6381c3811b7ac13a7c9cf77","backend/node_modules/busboy/lib"
"873272d93cf34c7d3c973a8204a23f479c36655c","backend/node_modules/busboy/lib/index.js"
"86efd545fbc4e76ee87fc3970b4eff4f60e6ca25","backend/node_modules/busboy/lib/types"
"cc0d7bb6638a12cb0572c95d515a10d6ddbb68cb","backend/node_modules/busboy/lib/types/multipart.js"
"5c463a25899a72ab94b17f0a29b937e0c0c3ee97","backend/node_modules/busboy/lib/types/urlencoded.js"
"8274f6c3aef47ad929b2e2a4772c23fd6f0644d8","backend/node_modules/busboy/lib/utils.js"
"ac2577fe2c5873d1f171955eecce4caa5578fdbd","backend/node_modules/busboy/package.json"
"86d204bcc645e3316ac4e29724b2b30855b00c3e","backend/node_modules/busboy/test"
"fb82ad81b1b9ef0e07164e6bfecd8391264ef2c2","backend/node_modules/busboy/test/common.js"
"ed9c38aeb6c1f3f85c9eb0efa071349504dbfde6","backend/node_modules/busboy/test/test-types-multipart-charsets.js"
"df7268a4b17f73af6e1087785e45a8fec2445703","backend/node_modules/busboy/test/test-types-multipart-stream-pause.js"
"9755642ad9060cbcdb2e2e97c1d3b484815d355d","backend/node_modules/busboy/test/test-types-multipart.js"
"c35962b973f29a69951ed7eae08c0abe6dfbb7da","backend/node_modules/busboy/test/test-types-urlencoded.js"
"d0380f29de7842d0f5451b79c93c77067b421324","backend/node_modules/busboy/test/test.js"
"aeeaeb5b4e1b832e01cb17055056dd11aba212b8","backend/node_modules/bytes"
"d60ce0e6df2efd3f83c08b098d1b7b683b96ec84","backend/node_modules/bytes/History.md"
"63e95a96338a608c218a7ef5805629878aaa951f","backend/node_modules/bytes/LICENSE"
"5790e23e328e045e66ec6f0b98526157b6c2abcf","backend/node_modules/bytes/Readme.md"
"6f2d0f89e1258564bad95175159e1d8a6abd9ddf","backend/node_modules/bytes/index.js"
"f2b6a8b0e3c9020746409617bcd562c9368be451","backend/node_modules/bytes/package.json"
"b6271f66ddd1bd6f71e5bfa17f2443cf116eb9c0","backend/node_modules/call-bind-apply-helpers"
"201e859be230a5390ae41935c6f8d5f2ab1dbb5f","backend/node_modules/call-bind-apply-helpers/.eslintrc"
"d02b2c5d7375751139257aadde0ddbaab50f332b","backend/node_modules/call-bind-apply-helpers/.github"
"0011e9d65fcaefeaccd7c79a0357e8f2214695ed","backend/node_modules/call-bind-apply-helpers/.github/FUNDING.yml"
"bdd626ce91477abbdd489b79988baebadbd3c897","backend/node_modules/call-bind-apply-helpers/.nycrc"
"24849428bae69540a59077dd4d6b3d15ab7b097b","backend/node_modules/call-bind-apply-helpers/CHANGELOG.md"
"f82f38963b0d282b529f64def2bcd40be3a9a947","backend/node_modules/call-bind-apply-helpers/LICENSE"
"8fc0dae1b3f6b0a22322a21b40b0f51665eadfb0","backend/node_modules/call-bind-apply-helpers/README.md"
"b87286a21e3eda5e94932818c21e2bd20b30e905","backend/node_modules/call-bind-apply-helpers/actualApply.d.ts"
"ffa51355dc7e5d3eb24f602f85f6ae57d087d310","backend/node_modules/call-bind-apply-helpers/actualApply.js"
"d176c1ab30e5193071f5f6a6b6e8aaa4402476c6","backend/node_modules/call-bind-apply-helpers/applyBind.d.ts"
"d2b7723147450c8094f98d20d88a5170a4173bbb","backend/node_modules/call-bind-apply-helpers/applyBind.js"
"1f6e11b3d0e95337b67b81b962b4c6abe69ed7ae","backend/node_modules/call-bind-apply-helpers/functionApply.d.ts"
"c71df9c2bcf07ca4340530058d0662661f29ec95","backend/node_modules/call-bind-apply-helpers/functionApply.js"
"15e93df350fb6b8552c6ba89289966a8b998064e","backend/node_modules/call-bind-apply-helpers/functionCall.d.ts"
"7a8d8735752ef518698f1fe62b4edd16725898a8","backend/node_modules/call-bind-apply-helpers/functionCall.js"
"541516bd0f23194a87482e272f48439100b70c73","backend/node_modules/call-bind-apply-helpers/index.d.ts"
"2f6dab4c10431239352ab4626e326bf4e97cad5c","backend/node_modules/call-bind-apply-helpers/index.js"
"923b8be2f14c65e78fd75a4fd34aba94fb733274","backend/node_modules/call-bind-apply-helpers/package.json"
"6b2ae764c54541ae224d93bb49e8f176260601b6","backend/node_modules/call-bind-apply-helpers/reflectApply.d.ts"
"3d03caa695a5dd65a5aebbd2819621e757bda420","backend/node_modules/call-bind-apply-helpers/reflectApply.js"
"99e3bc613e27d12d6ac0f916871cb83386738273","backend/node_modules/call-bind-apply-helpers/test"
"1cdc89ed4925c800751b44108a2e78305224d07c","backend/node_modules/call-bind-apply-helpers/test/index.js"
"aef9993084c3643257b6d6aea21f76017caf92a7","backend/node_modules/call-bind-apply-helpers/tsconfig.json"
"aebe5da094e5b8e5df4b90936de4f77747154fad","backend/node_modules/call-bound"
"2612ed8fefad45d3a68ae842a28e0353ebcb5cf1","backend/node_modules/call-bound/.eslintrc"
"f7749bb4202b143bd85f9537b4b5d3482aba928a","backend/node_modules/call-bound/.github"
"2a2a13571375d28b56577ad1f91bddabde753f33","backend/node_modules/call-bound/.github/FUNDING.yml"
"8bde4e9a56313204c5cc43fceb634a5d0c69d6ca","backend/node_modules/call-bound/CHANGELOG.md"
"a44e43e56e07b9dce55d14eba09dcbbaf2024303","backend/node_modules/call-bound/README.md"
"5562f00ed88c9b9c1ba622ef9c06a95b34d972c1","backend/node_modules/call-bound/index.d.ts"
"e9ade749d90b7eb0eebdb0626c0f22355c833389","backend/node_modules/call-bound/index.js"
"d542db430ed3b58551bbfa688d47c591e9150cb7","backend/node_modules/call-bound/package.json"
"3f5d21165e7f6a5ed46e84227d91c8596c17fe88","backend/node_modules/call-bound/test"
"a2fc9f0f2286539446cb61339c6c8d837275b1c2","backend/node_modules/call-bound/test/index.js"
"8976d98b8e07a7672dabcca3d68e6852d8462d5e","backend/node_modules/call-bound/tsconfig.json"
"e454a3b670713b5d13fc39a81088c8eecaf2e28e","backend/node_modules/cluster-key-slot"
"3ee8296dc1506da636d406ca4fdb5a1bbc95920f","backend/node_modules/cluster-key-slot/.eslintrc"
"fd22a2dbe9c147eaae0b12ad85ac5988690982cb","backend/node_modules/cluster-key-slot/LICENSE"
"440f7b15a46ad11998bce4d6d08a766a6e793c07","backend/node_modules/cluster-key-slot/README.md"
"1713b44c2a3e33f3854a03ae22bec83894428a8f","backend/node_modules/cluster-key-slot/index.d.ts"
"8a7c68dbfdfd7a73678c8a2c8674933a446140a6","backend/node_modules/cluster-key-slot/lib"
"7928c77bc894492c99b08f6e8edb40a6c1ea269f","backend/node_modules/cluster-key-slot/lib/index.js"
"f75d3d611444ec598ad3b3eaec166039fca7f54b","backend/node_modules/cluster-key-slot/package.json"
"28b657d22559107c5fffcc946252fd34996d1570","backend/node_modules/combined-stream"
"4804b7ab411f5f72ff74343a88bc503ecc309033","backend/node_modules/combined-stream/License"
"9e367b5bc5b59c98923b75d327799e5759f15e23","backend/node_modules/combined-stream/Readme.md"
"74e44517a24aef84b94ac86c298d0daaa19f0d49","backend/node_modules/combined-stream/lib"
"125f097f35818ba9bb6ca9f13f693909e6034097","backend/node_modules/combined-stream/lib/combined_stream.js"
"6982b6da17561e86b110f0c8eb7add66b9180e7b","backend/node_modules/combined-stream/package.json"
"7edf41840c9812acddef7ae6d9b513f98d3509cb","backend/node_modules/combined-stream/yarn.lock"
"9b174ff069d550ef3cf93943bcd16ace4c4ae545","backend/node_modules/concat-stream"
"99c130e1de342703106a2032f2d8f8329fea1af4","backend/node_modules/concat-stream/LICENSE"
"dd672a761b2f8212455353b05385b85573424567","backend/node_modules/concat-stream/index.js"
"379782860f581fdb3f7c4b371f395a57d2a459ee","backend/node_modules/concat-stream/package.json"
"7aa19c4fb104c31236f8419f421f848d7159ef8d","backend/node_modules/concat-stream/readme.md"
"4db32a16d60b1f2682af45370105ebaa69676845","backend/node_modules/content-disposition"
"ff0b68bb11ca3f5d9149e3d5f57cd2571e88d255","backend/node_modules/content-disposition/HISTORY.md"
"84441fbb5709262c2bfc9b5ff0166ad4f024a1b8","backend/node_modules/content-disposition/LICENSE"
"3a0bb055949cdaed008f0f85e111624214213873","backend/node_modules/content-disposition/README.md"
"44f1d51f897d17edc707be84f4c44f60621c7ee3","backend/node_modules/content-disposition/index.js"
"5cea50ba00024fd3272ed83643ca6219d5873223","backend/node_modules/content-disposition/package.json"
"147fa5498fcba0d6c7eff57377ae3a04b0f8acfc","backend/node_modules/content-type"
"458367139eb9f0af3daa5449ff0a3d9e2e189582","backend/node_modules/content-type/HISTORY.md"
"34b1a2de37216b60b749c23b6f894e51d701ecf0","backend/node_modules/content-type/LICENSE"
"c1a922a9afba84293f449dc4b661124fbac2fd5d","backend/node_modules/content-type/README.md"
"41840e7bc3e48cda894597cd18e562a37a174f7c","backend/node_modules/content-type/index.js"
"9db19f63fb96592d8d3bced654a72d47c12cef97","backend/node_modules/content-type/package.json"
"81eee12b12f8a12bd085eae78344f6d91b04a4e7","backend/node_modules/cookie-signature"
"479211a7b32761ad05e3f735e511424cfbf6c7d3","backend/node_modules/cookie-signature/History.md"
"a2671bf753dfdc9caafbbfd3fe4a1ef6dabf15a5","backend/node_modules/cookie-signature/LICENSE"
"369af15f8511f0d6037937f1610bbc71b39f4e60","backend/node_modules/cookie-signature/Readme.md"
"3fbbddb6c11e38c4faf143ddb2ad4c8db7b869f9","backend/node_modules/cookie-signature/index.js"
"a16004005bf42fa3d7635be323a518f126e4a760","backend/node_modules/cookie-signature/package.json"
"dd36a67d50b0ff3247ddddf3255682732a2b0c49","backend/node_modules/cookie"
"058b6b4efa3f45896ae691f2558a2a1aca05bebd","backend/node_modules/cookie/LICENSE"
"71fdac1110bba222a716c4b56b90028a6a9e5af4","backend/node_modules/cookie/README.md"
"fd4a6c53a9cd1abacf91125dab3fde3163b4c412","backend/node_modules/cookie/SECURITY.md"
"acd5acd6ab3cfd4441516573c5948db0ea6d7785","backend/node_modules/cookie/index.js"
"22e3f922ba048e5cd1a20ac6a5b77fbc3b155095","backend/node_modules/cookie/package.json"
"f0737876919dbae712ff51bea80e50571388da33","backend/node_modules/cors"
"591b09a130fc44dbfac9e85b42a4253708c80104","backend/node_modules/cors/CONTRIBUTING.md"
"5762bce92212a44c4ceaab3cff5eded5efc72874","backend/node_modules/cors/HISTORY.md"
"fd10c843f2bab584e53933b7d1fc445b9aef9bfc","backend/node_modules/cors/LICENSE"
"732b847ed97bd13599fba587e6bbbec9df1ecdf8","backend/node_modules/cors/README.md"
"741fe74301560b3edbfb805a1141110dfc9eb3dc","backend/node_modules/cors/lib"
"5475aecd6d1d271cfde489f0bfc289cddcf1f9d9","backend/node_modules/cors/lib/index.js"
"ff37d9843ecff443f9c72443ac539ddc86b4bad7","backend/node_modules/cors/package.json"
"36f14d19ac67cab45b1de78cbdee960fb78b38fe","backend/node_modules/debug"
"1a9820e262b26b60fe71a4dcd9bc9cfd0a01f26e","backend/node_modules/debug/LICENSE"
"9ebdfbf1491ef8bdffb942ee0b475e38a65379bf","backend/node_modules/debug/README.md"
"ee8abb523dbe0ad51949ad8f864207164f38b051","backend/node_modules/debug/package.json"
"92e0cf83ce786aace226e6d56ab2d1ac5fc4afbf","backend/node_modules/debug/src"
"5993451b82e6b27d981e202b349641816d867ccf","backend/node_modules/debug/src/browser.js"
"141cb578b7722324d8e1799b2a41bac473f6a9c1","backend/node_modules/debug/src/common.js"
"bf4c57f259df2e16761b45e2636db307c89ba419","backend/node_modules/debug/src/index.js"
"715560a4ca8fb4c8dd6353eafdde6e83af28f05e","backend/node_modules/debug/src/node.js"
"58666ffeff7a07797209832abdc1fd10f6d9873a","backend/node_modules/delayed-stream"
"9daeafb9864cf43055ae93beb0afd6c7d144bfa4","backend/node_modules/delayed-stream/.npmignore"
"b4ff85a33b6eb482476385b7c3e6661ec9c9eb0c","backend/node_modules/delayed-stream/Makefile"
"aca36f9f0bc9662c8ff39d6e61e727e69fbe5b2a","backend/node_modules/delayed-stream/Readme.md"
"187a8630cf670105eb82699710ff88a6c8b9a15d","backend/node_modules/delayed-stream/lib"
"b38fc85ff415f0bbf893eb55eaf54dcbba67e73b","backend/node_modules/delayed-stream/lib/delayed_stream.js"
"eea3291c54b473ae55f4c8e5f5d2b323e2400f9b","backend/node_modules/delayed-stream/package.json"
"c5f553d5c4266da7de80ef9887cabd8d2faf3ceb","backend/node_modules/denque"
"391a1f514b2d0b4f93618d8645004b9abf315569","backend/node_modules/denque/CHANGELOG.md"
"c9cde920169245884fd8fead561e94eec477590a","backend/node_modules/denque/LICENSE"
"3c645d39c5cd12c0482b2ce63ae0bdf9822d17e8","backend/node_modules/denque/README.md"
"e125dd471cba71a1b2374333c68f24f0a0173377","backend/node_modules/denque/index.d.ts"
"6b2e9d8625b50857d917d3b11366a661744523aa","backend/node_modules/denque/index.js"
"a63591030a0ea153d710ca6943299f27190d9af7","backend/node_modules/denque/package.json"
"f013ca077dce9d9ecd842ef6a337d9c875e4890b","backend/node_modules/depd"
"cd9ebaaa9963f794167f74e00a37d9ceb42e7b91","backend/node_modules/depd/History.md"
"248de7af2bd16cc7f2b4d8017bbeb9e7a0b2ccd6","backend/node_modules/depd/LICENSE"
"043d1ca28403a9460a22fcd403b559b90244458f","backend/node_modules/depd/Readme.md"
"1bf2fcfdeffc984e5ad792eec08744c29d4a4590","backend/node_modules/depd/index.js"
"d8c6cda07c012ba7a238afbebc9fb9f704f23244","backend/node_modules/depd/lib"
"b6a75242e87771e5ef075c56f24b66127f6f2829","backend/node_modules/depd/lib/browser"
"6be45cc20b33f20dcdc580b9709f1a4a20bb87a1","backend/node_modules/depd/lib/browser/index.js"
"3857e199184a0a3f0d921e740525278af0f86ff3","backend/node_modules/depd/package.json"
"8eaf2bfd6a2d53e621eb94f82c480b3104050c41","backend/node_modules/dotenv"
"90e19a0a05c3e346fc73d3adfbfb4de1cf4badf8","backend/node_modules/dotenv/CHANGELOG.md"
"c430ad8bd06f2c6495641c83b78c910f2f53c837","backend/node_modules/dotenv/LICENSE"
"978a73b5a1358d483cba56f927ad1b84e35ec2d2","backend/node_modules/dotenv/README-es.md"
"c942898fe8ade5e7af4e27a286bc08d148ba9c7e","backend/node_modules/dotenv/README.md"
"237a8ce742646cab7e777adf830dc92a0e4a1234","backend/node_modules/dotenv/SECURITY.md"
"cb0ff5c3b541f646105198ee23ac0fc3d805023e","backend/node_modules/dotenv/config.d.ts"
"b0b5576bea40f28fa5c75ff0cca545d9bea4cde6","backend/node_modules/dotenv/config.js"
"b5132051d12e27fb97f4563ccd3f289c6a478f7e","backend/node_modules/dotenv/lib"
"b6e40db083c8678184b3814c33ea84db2bc8e29e","backend/node_modules/dotenv/lib/cli-options.js"
"5dcee8a376febaada2962b4c5ed727e087cf512a","backend/node_modules/dotenv/lib/env-options.js"
"0bbb9cc6b1ad0c07eae979f1827ed98da941bc30","backend/node_modules/dotenv/lib/main.d.ts"
"67712ca51f49039d6a986400210f51db07c1ed71","backend/node_modules/dotenv/lib/main.js"
"ec347e3990d914754f6491e57f381dec3928b580","backend/node_modules/dotenv/package.json"
"1b6ba12b83c0bb3f02cebd2b424079e63d309231","backend/node_modules/dunder-proto"
"3b5d9e90ec405f85dd7f9066656efccc51193697","backend/node_modules/dunder-proto/.eslintrc"
"0669b970b1e2362f8a2133e818e5fcb281eb60f3","backend/node_modules/dunder-proto/.github"
"8a1d7b0e9ebbefa9b3696bd5bdd36b2f1f245f30","backend/node_modules/dunder-proto/.github/FUNDING.yml"
"1826526e091b89c896e7099ccd891db79165e329","backend/node_modules/dunder-proto/.nycrc"
"9b8b2f82aec45421466c27d777de1d8565e03565","backend/node_modules/dunder-proto/CHANGELOG.md"
"34995e79d1528aaceca7d38f323df52514ba7d0f","backend/node_modules/dunder-proto/LICENSE"
"44b80a2d4f5685511a02eee7f6471630fe9af2b4","backend/node_modules/dunder-proto/README.md"
"c7e14d25e5a0bbe6c66d332c9dcdfb6f1dba9788","backend/node_modules/dunder-proto/get.d.ts"
"45093df984f8dd727ce524e14d0e61ab08aaa7ab","backend/node_modules/dunder-proto/get.js"
"04a40367751ee4c064ac88045e79b17ba4aab0a6","backend/node_modules/dunder-proto/package.json"
"16bfdfe2bb855afb2772294bba83b0cb5a622ee3","backend/node_modules/dunder-proto/set.d.ts"
"6085b6e84dbc760b9aa2fee924ef3bcb87989e93","backend/node_modules/dunder-proto/set.js"
"d78193ddeae4d19e2219801b35b16c13f5a87aa1","backend/node_modules/dunder-proto/test"
"253f1838ef01e519179515bdec086f97d2bed7c0","backend/node_modules/dunder-proto/test/get.js"
"08ff36f7dce8bb3c41fecfbaf63f0a59305d2735","backend/node_modules/dunder-proto/test/index.js"
"c3bfe4d4fe956aecceb49f159c89785b3c9f81fe","backend/node_modules/dunder-proto/test/set.js"
"dabbe230d74beb5962f67a6da7da18c707441ad5","backend/node_modules/dunder-proto/tsconfig.json"
"e22c69c998d55b0bb65cb0f501a96629372f834e","backend/node_modules/ee-first"
"a7ae8ee9b8a30ef2a73ff5a7a80adc3b1a845cae","backend/node_modules/ee-first/LICENSE"
"cbd2478beffb7e4e612f99e8bff383255c21f253","backend/node_modules/ee-first/README.md"
"501287cd3b7024435d85a872bb1ba0b234db8e7f","backend/node_modules/ee-first/index.js"
"b6d0b7d6757512f58dbf65a8e92f953a483069ad","backend/node_modules/ee-first/package.json"
"78749d85b6182f9c7187ede873c10e4b4cc43b86","backend/node_modules/encodeurl"
"8812229bc59b5f365549fb3c799b32a4d4acdabc","backend/node_modules/encodeurl/LICENSE"
"3842493ec68e8eb5a5377fa4c3a33e454be4e882","backend/node_modules/encodeurl/README.md"
"a49ee5a0b62136da6524703314e88b4199c4c208","backend/node_modules/encodeurl/index.js"
"313382214599a9b52a408282b40c3f907407a30a","backend/node_modules/encodeurl/package.json"
"5af7cf6acb5a0649834b2142c3c0d9b09e3cd709","backend/node_modules/es-define-property"
"46f3b120b8724f7a62ece8975157c2df19e5f1b3","backend/node_modules/es-define-property/.eslintrc"
"423bc521defb0dee3a1ad100057f60596253a3ee","backend/node_modules/es-define-property/.github"
"4445451fbe2ccd00617f2848e567afb5eecb6825","backend/node_modules/es-define-property/.github/FUNDING.yml"
"5f60cc0992cbae4f34123dedce058743617a842c","backend/node_modules/es-define-property/CHANGELOG.md"
"9b291bddb2d0dd0e37ca82e6ac02a7002b6e0c44","backend/node_modules/es-define-property/README.md"
"6012247c464a88a37c8711b0c40884ec8c8e182d","backend/node_modules/es-define-property/index.d.ts"
"e0a29251646c4cc40dd6b1be8d3e28674cd21ad1","backend/node_modules/es-define-property/index.js"
"fbed187879c12efa431383a9d4b9f340e9c41184","backend/node_modules/es-define-property/package.json"
"27fff44851d0cf9d449218718fa7d0b4b3fc279d","backend/node_modules/es-define-property/test"
"b4b4688fbe21410f840ebadfc21512da78bc3cda","backend/node_modules/es-define-property/test/index.js"
"5a49992eafed9157e55fe5cf18a1eae8da8300fa","backend/node_modules/es-define-property/tsconfig.json"
"f10e8cd22366d532cd5a5973a5b801419779e99b","backend/node_modules/es-errors"
"37b11eac5e47d1cb657f8106cba8ef75955e8855","backend/node_modules/es-errors/.github"
"f1b880554aae3ac981c255f24b8a38ff7bed627e","backend/node_modules/es-errors/.github/FUNDING.yml"
"204a9e904b4ea5d092d53f9b9bb77301bfda559e","backend/node_modules/es-errors/CHANGELOG.md"
"8dbfacfea727f2486a51415fa63e8494689ca3ed","backend/node_modules/es-errors/README.md"
"e4210e01ea5a4def42ac84742b36d2cada422ca4","backend/node_modules/es-errors/eval.d.ts"
"725ccb61a96e9a89faa7d0046cfffb78e1c92539","backend/node_modules/es-errors/eval.js"
"69bdbc92ee1c2272f4ea3180319378f4c9ffb94c","backend/node_modules/es-errors/index.d.ts"
"cc0c52124b678924decd65b835587b5cbdbb878f","backend/node_modules/es-errors/index.js"
"ff8c2a531b89061d61eadcdd419a752b79cd2daa","backend/node_modules/es-errors/package.json"
"3a12e8642651dc11e02842be181311761562f318","backend/node_modules/es-errors/range.d.ts"
"2044fe03646a725081f95460e4fca9a1ef59750f","backend/node_modules/es-errors/range.js"
"a13107e24926aea33fb0cb22ae209ab2be115577","backend/node_modules/es-errors/ref.d.ts"
"d7c430fdb3ae766b215ad8e072d6ac2212d7c619","backend/node_modules/es-errors/ref.js"
"6a0c53c5b9ed0ecc1d4130caf9f61f6bdfcb2fd4","backend/node_modules/es-errors/syntax.d.ts"
"5f5fddeec53b514df79342efce6cae341b6309be","backend/node_modules/es-errors/syntax.js"
"2f7f2fa28822113957adab0b2b7e9f494070505a","backend/node_modules/es-errors/test"
"1ff027721aabcada7c00b9e69fbd6f99a901c470","backend/node_modules/es-errors/test/index.js"
"99dfeb6c80dfed0a80dac97c6e9f04263fec7a8c","backend/node_modules/es-errors/tsconfig.json"
"576fb51617719961375b38b15773244480b61a0e","backend/node_modules/es-errors/type.d.ts"
"9769e44e397cc2a8f089258833a733f3fe0627ef","backend/node_modules/es-errors/type.js"
"c3261c91e08c1a3c6499741ccd32d47612bea72c","backend/node_modules/es-errors/uri.d.ts"
"e9cd1c78709f0773db77943de1fdb95d3d268a5f","backend/node_modules/es-errors/uri.js"
"3da92ff02055dda7da2a8997b0b9c4f851355d98","backend/node_modules/es-object-atoms"
"d90a1bc657a8c3b85c939c7b20e4ed4e4aba4ab0","backend/node_modules/es-object-atoms/.eslintrc"
"ca62d9ee2b8abc4235b4e6b493d48c7e66290272","backend/node_modules/es-object-atoms/.github"
"352bfdabd228c58a83d22f1d739a33d5e0b0cf0f","backend/node_modules/es-object-atoms/.github/FUNDING.yml"
"fdd2abe34d3c8d6d87679f4a2e9b87d6c7af487b","backend/node_modules/es-object-atoms/CHANGELOG.md"
"447695b2e1220bea0ee1572544a47ccb864e69c0","backend/node_modules/es-object-atoms/README.md"
"7e26c45734d7f5c3c431972dfd915744d3967fac","backend/node_modules/es-object-atoms/RequireObjectCoercible.d.ts"
"8e191c6ef1521644b2bb0879f9f3e85ab7d21fd6","backend/node_modules/es-object-atoms/RequireObjectCoercible.js"
"d6dd3029d8c51858964fdf8e05228ab604334f5f","backend/node_modules/es-object-atoms/ToObject.d.ts"
"2b99a7da025f57138b7bc98245ac032425655f25","backend/node_modules/es-object-atoms/ToObject.js"
"8bdbfc8154dad2999f38aaba5a91257e668ad6ee","backend/node_modules/es-object-atoms/index.d.ts"
"1d33cef45ac4212d8710fa253075ca7969c5cd81","backend/node_modules/es-object-atoms/index.js"
"43bee3bc93c9929d5ea7b88eb5d1bc16bcd4ad5c","backend/node_modules/es-object-atoms/isObject.d.ts"
"ec49bf12877f62026e56899693bfadac77149498","backend/node_modules/es-object-atoms/isObject.js"
"f4cec7152578638f52f6fa67a96c748271e6b4b4","backend/node_modules/es-object-atoms/package.json"
"f1d2f8dc116fa196e6dbe77e25d4bd487beaff41","backend/node_modules/es-object-atoms/test"
"430b705aca13c9c40f62066a3cb4815faacbd4ed","backend/node_modules/es-object-atoms/test/index.js"
"1f73cb725de8e34af3ce6bdd9bc9315604ca5599","backend/node_modules/es-object-atoms/tsconfig.json"
"a3733e8409345ea73439bfa3c991f2a5ccfa20c0","backend/node_modules/es-set-tostringtag"
"00bdc038cb7c13f8462b70ee72f8bcf71a08d21e","backend/node_modules/es-set-tostringtag/CHANGELOG.md"
"c2a8460a3c4c3b8de391983485f26f4bce0ba5a6","backend/node_modules/es-set-tostringtag/LICENSE"
"c27bc9fc0c44620607d2e39a20387079694a2c7b","backend/node_modules/es-set-tostringtag/README.md"
"c9a8fc4d4693439805d9eadcecc93f8a0c423eb8","backend/node_modules/es-set-tostringtag/index.d.ts"
"6b6b49c7734d884e49f33256602bf2cb755d839e","backend/node_modules/es-set-tostringtag/index.js"
"277c3e5a6407b8d4440961dfa8ea1fed19ff9f5c","backend/node_modules/es-set-tostringtag/package.json"
"e81feb87f656b41cf19c305326728b5aee7f637c","backend/node_modules/es-set-tostringtag/test"
"f1757b3a803db86e4f41186a4ff2b7411724d39a","backend/node_modules/es-set-tostringtag/test/index.js"
"d9a6668c3ae6be748c78fbd5694053706b3d6942","backend/node_modules/es-set-tostringtag/tsconfig.json"
"f0e65b546c3e1ba4173f1d497d794ff2a2a370d5","backend/node_modules/escape-html"
"2e70de9717e715b4fc05c7f8bdc4e8d63a33b859","backend/node_modules/escape-html/LICENSE"
"653d9eaa793317827ce724c4a0756110e9356fc8","backend/node_modules/escape-html/Readme.md"
"bf9e226f4e872bee53a930739e5381d013c47568","backend/node_modules/escape-html/index.js"
"57ec7bd0754d50af9c5e96a208aed6d85c1e6d5e","backend/node_modules/escape-html/package.json"
"daf77407c27bfbf227142ce2b86e794b8307a342","backend/node_modules/etag"
"222b293dee9f8712b82a7e453c1f80e6e65348e7","backend/node_modules/etag/HISTORY.md"
"cab251c2b9a81318267600f68130faa3a290e5fd","backend/node_modules/etag/LICENSE"
"09c2169e7b3ab576199dfe890b2f04cb645c5ac7","backend/node_modules/etag/README.md"
"2a585c91f07351e9566d50faec67a0272367ba81","backend/node_modules/etag/index.js"
"b06ab803c0f80f56c5c88b8dc394468aee3485f4","backend/node_modules/etag/package.json"
"b7f4ea51e8b913a54de88f8aa5f070b53fe5628b","backend/node_modules/express"
"5b6cba51ed8df23550d85d448e2be040de4d4002","backend/node_modules/express/History.md"
"aa927e44e31d486f807634887662efa39256bf84","backend/node_modules/express/LICENSE"
"7443b8185910857022736faff6087b55600e9a0e","backend/node_modules/express/Readme.md"
"d219b0c878dc6136eb2096cffa140bf6bf2b8e9c","backend/node_modules/express/index.js"
"bd488abee6b5a741ff824b11a51b268c10286294","backend/node_modules/express/lib"
"cf6d78c741edb03774832c8fbcc019edf6fb2750","backend/node_modules/express/lib/application.js"
"2d502eb54e4d7e2f2374494e32071d9416d56418","backend/node_modules/express/lib/express.js"
"d8e5263078864f93e62f26ed653b8787ea0d27f8","backend/node_modules/express/lib/request.js"
"9362d0ed5dd45cbde80a7216dee4ed3b416dcfa1","backend/node_modules/express/lib/response.js"
"d53c5a13374db1361fae28b9b18c016cbdbfcec7","backend/node_modules/express/lib/utils.js"
"d66b4a2d89cda638ca1dcbba3da090e631175fc1","backend/node_modules/express/lib/view.js"
"bdcd25e60fa7e6af6104df070719d473fe0ceb15","backend/node_modules/express/package.json"
"5c409623206da6c2d9ec760b1074c57dca0d8f1f","backend/node_modules/finalhandler"
"4bc1850240dfffcf22376e99b250c4c920b14dd5","backend/node_modules/finalhandler/HISTORY.md"
"60221067c4d591554407b4700033aab9669a9b0e","backend/node_modules/finalhandler/LICENSE"
"6244a13eb656346f2ff668c4742aee06bed35a62","backend/node_modules/finalhandler/README.md"
"bf15e484c8f40a242f5fbf24676bda8da0e9e013","backend/node_modules/finalhandler/index.js"
"992b3067d136435e17e30c668e410da7d7d0d633","backend/node_modules/finalhandler/package.json"
"0990b28ac9202239c46f901ef158d0db9cce496f","backend/node_modules/follow-redirects"
"742cbada545ef218c598a58dabd7014e1701cb60","backend/node_modules/follow-redirects/LICENSE"
"eb869a6f046ba5da45f06fcecbb908ed65046f11","backend/node_modules/follow-redirects/README.md"
"decb77dedde56627ef2d50280daa14326a6091e1","backend/node_modules/follow-redirects/debug.js"
"695e356174a86759d476ae3c4098206580076fbd","backend/node_modules/follow-redirects/http.js"
"d21c921d99a7371e8cdeaeee43579f6bc3da77f6","backend/node_modules/follow-redirects/https.js"
"a30b32cdf91b6eb501f9ad314804dcca434a9e9c","backend/node_modules/follow-redirects/index.js"
"a2689fa134ce2991d482e86505dc27a94dc7d8dd","backend/node_modules/follow-redirects/package.json"
"1bb9ba4330128d31405c432d3f06a59ec3d5dc93","backend/node_modules/form-data"
"cd3105e660bb8abe627b13ceb52b7cc928874394","backend/node_modules/form-data/CHANGELOG.md"
"c7ff12a2f8af2e2c57f39da1754409c25b35f46a","backend/node_modules/form-data/License"
"f850e3034c16ea604cdbc476646d8eb024801d16","backend/node_modules/form-data/README.md"
"295e9e9bc5fb9a2c1667c0dcd23876b263ee7903","backend/node_modules/form-data/index.d.ts"
"264c5c6591848121ec2857a076c725ed3cfa413e","backend/node_modules/form-data/lib"
"8950a913aefa2b526c2b4a0ef949d364dfeb72c3","backend/node_modules/form-data/lib/browser.js"
"63a0f016d65ab52c8145e165f9598ce277e1419e","backend/node_modules/form-data/lib/form_data.js"
"55ac3bb2c455140fa404b1d399a0fd9e518bc722","backend/node_modules/form-data/lib/populate.js"
"a18966a4a61439e28dc84644364651447653c085","backend/node_modules/form-data/node_modules"
"d3d3f0fb0c22249be1d1515443a612a49bfc3c9f","backend/node_modules/form-data/node_modules/mime-db"
"7436f64146e87d2ebe6cacac33af0aeedcc798fb","backend/node_modules/form-data/node_modules/mime-db/HISTORY.md"
"0751cb10e94972be9a07b44cc261447bac726a7f","backend/node_modules/form-data/node_modules/mime-db/LICENSE"
"5a8fcfe4d0d813c4608765b31342fe5297e5867f","backend/node_modules/form-data/node_modules/mime-db/README.md"
"eb9c42c457a3b42f3af43e37ed62de4d704c413a","backend/node_modules/form-data/node_modules/mime-db/db.json"
"ec2be30de1663c20ea2166f33a583c9c0b84d029","backend/node_modules/form-data/node_modules/mime-db/index.js"
"32c14b846848a5627421f0fb4fb3108ad5183d76","backend/node_modules/form-data/node_modules/mime-db/package.json"
"d256c6c0b0df6e43859325ebacbaca16a7efcfe1","backend/node_modules/form-data/node_modules/mime-types"
"c5043b75b958766a3880805dc4f19d70a4f167dd","backend/node_modules/form-data/node_modules/mime-types/HISTORY.md"
"48d2fb477241e837c6e8d349777aac312746029b","backend/node_modules/form-data/node_modules/mime-types/README.md"
"b9f34d5991077fe9fadc7d9187a7225db7e58fca","backend/node_modules/form-data/node_modules/mime-types/index.js"
"bbef6964509e73f95e5b390b3923f919c72b6528","backend/node_modules/form-data/node_modules/mime-types/package.json"
"f8d6117a848d040802261baec4a2a182968415a3","backend/node_modules/form-data/package.json"
"76dcc0fd70907a399f767910ffa682293a5fe457","backend/node_modules/forwarded"
"381e6aad4619cbed1e74bf64a0dc3fe216dc0abe","backend/node_modules/forwarded/HISTORY.md"
"fdd220bcaab88b00b844736404c326fa6bdfbc0e","backend/node_modules/forwarded/README.md"
"b2b6bdd3c98349ba48b5dc150e66746dab1beec1","backend/node_modules/forwarded/index.js"
"bf9c7d6550b4efceee2f6f55350860097b218a0a","backend/node_modules/forwarded/package.json"
"c7beae82708543e30ea09d1360240568c53062fe","backend/node_modules/fresh"
"fd3888acb4dd7a0cdb0dae0761c593c95802d6be","backend/node_modules/fresh/HISTORY.md"
"1434ade75d1fc4faf25a6ac5daed813e12eaed28","backend/node_modules/fresh/LICENSE"
"fd79c5b525a9d373331b39a48eaced9003877f1a","backend/node_modules/fresh/README.md"
"fc3dea7b4ae085168714ffb7b7fbe01646e858a5","backend/node_modules/fresh/index.js"
"5d7e2157f31d97514c00437582b77d3686b12ebd","backend/node_modules/fresh/package.json"
"80dc1141ff3d00d1d84a0847d04a2364e19f7ca0","backend/node_modules/fs"
"5e9a74cab04642bede779f902c8e04e586e9d812","backend/node_modules/fs/README.md"
"11661b0395c56992af02a97248fee84e1c48c962","backend/node_modules/fs/package.json"
"75dee4c36885766b2544db4541befe507824f133","backend/node_modules/function-bind"
"71a054fd370a627af5171153377e7c78ba8937f9","backend/node_modules/function-bind/.eslintrc"
"989a7d7e52b73f18f7c594e9e173fc01c113fd55","backend/node_modules/function-bind/.github"
"74482195934a98d0ce03d92cdabbc8a36e647d6f","backend/node_modules/function-bind/.github/FUNDING.yml"
"82e4285adc6285693cd6c06af02d606e09dd8fcd","backend/node_modules/function-bind/.github/SECURITY.md"
"f9e6cc078dadd58957c92af75542453c18169d73","backend/node_modules/function-bind/CHANGELOG.md"
"62d6d237ff179b118746a64a34967f7ff4b5dff8","backend/node_modules/function-bind/LICENSE"
"814c20b5a9e3c97f41dde308939b358f9ed93931","backend/node_modules/function-bind/README.md"
"fd4384cc0c34ce3e1e411bc8b0557680cf000eff","backend/node_modules/function-bind/implementation.js"
"3bb6b9609889f8131b2d6732ff1606e01e1365b2","backend/node_modules/function-bind/index.js"
"618596389779061eb7f6f34edc61add4a517ca4f","backend/node_modules/function-bind/package.json"
"d0e860bbbd27d760ef6842eb14a49a5b8a7cd90b","backend/node_modules/function-bind/test"
"8a56d5b72fb008043cc69939648790ef482cdab8","backend/node_modules/function-bind/test/.eslintrc"
"2edecce2f0fa5adcc88ebc609440221621048c05","backend/node_modules/function-bind/test/index.js"
"4e80ddf2e8463aa31fea7980528607faa8cee351","backend/node_modules/generate-function"
"6e5919de39a312330fd1abf64237c4b6ad10c56b","backend/node_modules/generate-function/.travis.yml"
"757562ec59276bff35792501d88fe83b34acca9a","backend/node_modules/generate-function/LICENSE"
"97419e95e51eeed22c5b121399faa5c0950e13d1","backend/node_modules/generate-function/README.md"
"7c36c765b75ca261a78e96bccb66f218a1442ded","backend/node_modules/generate-function/example.js"
"8105dc09b2cd4da79588fd96455cd834315f3051","backend/node_modules/generate-function/index.js"
"be2ac04997a7ecd2b5cb8f71f51f5c576966c55b","backend/node_modules/generate-function/package.json"
"9337b716c4222aa85d80bfde6135ce352cd09787","backend/node_modules/generate-function/test.js"
"6165fb0f735882b37c0d9674594b9f1cef3df5a9","backend/node_modules/get-intrinsic"
"235fb79a2521611644ab093c3d739c8d90617818","backend/node_modules/get-intrinsic/.eslintrc"
"24406ed067deb8fda15daa970cafc9a580ab3181","backend/node_modules/get-intrinsic/.github"
"8e8da0dda153deb6bf1bfbb2c1a7e5e19aea08c5","backend/node_modules/get-intrinsic/.github/FUNDING.yml"
"ce1dd98713317a95f0a72036434478172fe991d8","backend/node_modules/get-intrinsic/CHANGELOG.md"
"48f05d01d0acae75acada5bd42a3442d0699d067","backend/node_modules/get-intrinsic/LICENSE"
"3aa0bba4037e57211920a2cf8b57194b61eb24d9","backend/node_modules/get-intrinsic/README.md"
"bd1d94b7f12eb2144fd68163e6481ad0e5f2b70a","backend/node_modules/get-intrinsic/index.js"
"2828e736c2c67960628ff7ad82e69bb778f2242c","backend/node_modules/get-intrinsic/package.json"
"72899f40b1688342f6b995609fe13bac9e06fc04","backend/node_modules/get-intrinsic/test"
"d9c0f30a34ccccdf1636aa599b7d40dc7d111e5e","backend/node_modules/get-intrinsic/test/GetIntrinsic.js"
"61a54f189ad93716226e80373a71a41c63e8743c","backend/node_modules/get-proto"
"1d21a8aefa405581c2fe7e1a1e28bde05a45f1cc","backend/node_modules/get-proto/.eslintrc"
"ee4673b6c4c7a7ed9ef41846fb09deff4b70692d","backend/node_modules/get-proto/.github"
"93183ef5f0448585d4fe09742be017a2a1f857e9","backend/node_modules/get-proto/.github/FUNDING.yml"
"586022936c59d39d5cd280a281f4ffc6fad932f5","backend/node_modules/get-proto/CHANGELOG.md"
"eeabd1c37ce03aeba427120b80997db32513f35f","backend/node_modules/get-proto/LICENSE"
"028b3ff1ce7490110b79ec5bf688abd66a8d86dc","backend/node_modules/get-proto/Object.getPrototypeOf.d.ts"
"c2cbbdfc65c390afc3205f87dd95bc996e24cbb8","backend/node_modules/get-proto/Object.getPrototypeOf.js"
"f8b4cce347f6718bd564f2d5f9f31f93e17fe5d5","backend/node_modules/get-proto/README.md"
"2388fe073e3b830f05169d685566e8283d7f3805","backend/node_modules/get-proto/Reflect.getPrototypeOf.d.ts"
"e6c51bee433645af0221f124bc33e7d7ca3626a6","backend/node_modules/get-proto/Reflect.getPrototypeOf.js"
"2c021f304e712d18e77b08d5dd9f87d0bc241021","backend/node_modules/get-proto/index.d.ts"
"7e5747be023988fb560d4fc0098e82b8197df340","backend/node_modules/get-proto/index.js"
"9c35cec93a5697a6c0858b8bbf8092c9dcca27ee","backend/node_modules/get-proto/package.json"
"87edb70c5dff350ead1767422a25013efca5d8e3","backend/node_modules/get-proto/test"
"5a2ece252d1aaa7f2bc64e7eb958278a42c944dc","backend/node_modules/get-proto/test/index.js"
"60fb90e45970d491a68e6db8c72fcc531d13a44e","backend/node_modules/get-proto/tsconfig.json"
"4ff7e9a4143ee9077ca901075d44a0ed1aec570d","backend/node_modules/gopd"
"e2550c0fb7e8a8b16191ac89b2aaab429948720d","backend/node_modules/gopd/.eslintrc"
"cb8f074b6c82be77ea023da93b6d0d90517e85e4","backend/node_modules/gopd/.github"
"94a44a8e83ff69f9167af25ae71c238d0f07250e","backend/node_modules/gopd/.github/FUNDING.yml"
"87f5727fb65c35e7a75fe15464473ffc0455739b","backend/node_modules/gopd/CHANGELOG.md"
"6abfe1434ebd5c15c245b9f0a7c25e36b581df19","backend/node_modules/gopd/LICENSE"
"784e56a09695adb47410cb6cf08e96334a9f9c1f","backend/node_modules/gopd/README.md"
"def48a3ccd01ec119d6d996fb6070d82de1641a5","backend/node_modules/gopd/gOPD.d.ts"
"cf9616c4a6671026d27790a79dbf26732a5860fb","backend/node_modules/gopd/gOPD.js"
"e228065f3682d916a1474496f002a9c7bf23c2f4","backend/node_modules/gopd/index.d.ts"
"a4081b013e2a7f3406e47ff109bc0c454905b4cf","backend/node_modules/gopd/index.js"
"01c5ffa632971171f69bd06cf866d4a3be0db124","backend/node_modules/gopd/package.json"
"33535a9219b75d58aaf9b20e627f4bbe54b37d5d","backend/node_modules/gopd/test"
"6f43453ade2de4499935b80e16d47d7c1406dd2f","backend/node_modules/gopd/test/index.js"
"84cfed425ac6a7ec21b001d6f812140593797a7a","backend/node_modules/has-symbols"
"2d9a66a8acdbacede413918d9c0c8eaaacee7457","backend/node_modules/has-symbols/.eslintrc"
"6ac1a564c350bd08792065b5bcde03ddca511e13","backend/node_modules/has-symbols/.github"
"04cf87e66ed8daa00712b7926d2ed63a9108c2ae","backend/node_modules/has-symbols/.github/FUNDING.yml"
"cc3cf8390d16d4568d961f93395b7d330c4ada27","backend/node_modules/has-symbols/CHANGELOG.md"
"df31cbf3c064d00ba5f15a3bb13c957b598b96a1","backend/node_modules/has-symbols/LICENSE"
"33905f0fc92c406715fef234ba43605c95390b30","backend/node_modules/has-symbols/README.md"
"9b98595004b23ce56854e4be1181217591e34776","backend/node_modules/has-symbols/index.d.ts"
"fa65265a9d45a38560d60c71f0a3305802c39365","backend/node_modules/has-symbols/index.js"
"d835e20b957be00d24b62cfc3e7243cc9f133ca2","backend/node_modules/has-symbols/package.json"
"8d0bf2435e7e4f5d6c01058b738243f6361b186b","backend/node_modules/has-symbols/shams.d.ts"
"f97b474105d705cc4acb88c32aaf60cfb28bf6b3","backend/node_modules/has-symbols/shams.js"
"04c0f57940cd107010a0f5a2fefb9c04b8afba52","backend/node_modules/has-symbols/test"
"352129ca356c8ce4ba2e5e6b78c092f401e0f2da","backend/node_modules/has-symbols/test/index.js"
"df5b2f63a7cc063c8de5ffe0b0e38c384d3f7ce1","backend/node_modules/has-symbols/test/shams"
"1a29024ea215a7eefa9e372a75ac2d9c1b9e2abb","backend/node_modules/has-symbols/test/shams/core-js.js"
"e0296f8e25c8f10b0b4fbb428b8d92c04c5373a9","backend/node_modules/has-symbols/test/shams/get-own-property-symbols.js"
"66a2cb800239b52fded1d03a2747967f17c92251","backend/node_modules/has-symbols/test/tests.js"
"ba99af43fe36a32096fd9bdd451c200215f9293e","backend/node_modules/has-symbols/tsconfig.json"
"7f9b2781d6dd508bdbdb55794ec7e9ec83bc3f85","backend/node_modules/has-tostringtag"
"cb68a95b657ccb03adc84afcbc1d172e56d78efc","backend/node_modules/has-tostringtag/.github"
"7a450e70826f140f9e92de4b5bc6967db78eafca","backend/node_modules/has-tostringtag/.github/FUNDING.yml"
"eb186ec601ca337a3e77d372edbdc1d560cd4294","backend/node_modules/has-tostringtag/CHANGELOG.md"
"7948bc02a7937478ae009ff3796e76b25bdfbb08","backend/node_modules/has-tostringtag/LICENSE"
"67a5e929dfce41c47370c4141ed9fae8ba6aea21","backend/node_modules/has-tostringtag/README.md"
"a61bc60a86c3c7149b6fcef29c4826d2ee404235","backend/node_modules/has-tostringtag/index.d.ts"
"77bfa00702851e245eaca0b4bb197075e4afd9a9","backend/node_modules/has-tostringtag/index.js"
"e5b0300258950d1cd622fc5367ddf50717278ce0","backend/node_modules/has-tostringtag/package.json"
"ea4aeecfd04c4c0b3dc79389754968cf1e201c06","backend/node_modules/has-tostringtag/shams.d.ts"
"809580dbd6a347bb63b22eb116a14e32bcd64cda","backend/node_modules/has-tostringtag/shams.js"
"3ed44572292eefe6c60ff6be0df8a1112c66bea5","backend/node_modules/has-tostringtag/test"
"0679afdfa78bffebe91fda3023491bba375b53a6","backend/node_modules/has-tostringtag/test/index.js"
"b97d8d0bbeb4d950abaf84c192d6e0a06a6ffada","backend/node_modules/has-tostringtag/test/shams"
"7ab214da3433e437bbd54ce422e389e88c01c1f7","backend/node_modules/has-tostringtag/test/shams/core-js.js"
"c8af44c522e5067c08511d5171f7e037f615e3d2","backend/node_modules/has-tostringtag/test/shams/get-own-property-symbols.js"
"2aa0d48877e45a58bf4b421ff7a110f529dbd0a0","backend/node_modules/has-tostringtag/test/tests.js"
"2002ce5a53532769b9b5bc561dac11518c384d13","backend/node_modules/has-tostringtag/tsconfig.json"
"eb024f5c51c925b5d3848177305b6173aa7762a9","backend/node_modules/hasown"
"c2a1f94770390700cae40dcba5a325bd5dfd36db","backend/node_modules/hasown/.github"
"d68c8b716ff04186cd4c0ed8f85af474cfbfbc6a","backend/node_modules/hasown/.github/FUNDING.yml"
"2b0a980fbd767e2c3ac910e34158964e7dcdbf2c","backend/node_modules/hasown/CHANGELOG.md"
"0314929078de8a733a0af9c8ba5bc00aca094cc9","backend/node_modules/hasown/LICENSE"
"f759b8a8396e3993fb7901d7551d38ee2a786b31","backend/node_modules/hasown/README.md"
"aafdf3b2b8f0ef01aa1b3e44596560eee3f38ff7","backend/node_modules/hasown/index.d.ts"
"34e60591349679d8cbdb1033a60eb5d171d7637e","backend/node_modules/hasown/index.js"
"8502e13dd5c835ead21cfc21ead0dbdce432f741","backend/node_modules/hasown/package.json"
"0930c565850326810b8efe09ca98895aeffd8f21","backend/node_modules/hasown/tsconfig.json"
"54d0158a57f80553b4d70dc3b2dbc396034e8b6a","backend/node_modules/http-errors"
"7228684298c364a907e54732f4ddcce110efe6b2","backend/node_modules/http-errors/HISTORY.md"
"82af4df54b4ce9aad915485c4660a0abab727a07","backend/node_modules/http-errors/LICENSE"
"a8b7330b09582701c7f06f4b4e5a332b3481c55c","backend/node_modules/http-errors/README.md"
"c425f1ee9d0944b1e2274ebb78528febf563d17e","backend/node_modules/http-errors/index.js"
"06efb36cb0ee7ca90fd948afd5241b8f6d37c8e4","backend/node_modules/http-errors/node_modules"
"cf8e78ebdbbd7aba0bd6187a908842a3444cdec8","backend/node_modules/http-errors/node_modules/statuses"
"fa4556ef2cc396369f4b2dd8dc9a6f941d050ddb","backend/node_modules/http-errors/node_modules/statuses/HISTORY.md"
"28a31618205d7dbeed5b966fe9d2c682bd9367f5","backend/node_modules/http-errors/node_modules/statuses/LICENSE"
"57967e6e62c56f9e3082b1054f9238d47a0106ae","backend/node_modules/http-errors/node_modules/statuses/README.md"
"1333ed10bab28344b55c217d80ce4f6cc2555793","backend/node_modules/http-errors/node_modules/statuses/codes.json"
"ea351c553520e1bc62d53b97a316194c48ac49e6","backend/node_modules/http-errors/node_modules/statuses/index.js"
"8c3e719b50cdaa58f6a3fa38c84d8faeefdfc00f","backend/node_modules/http-errors/node_modules/statuses/package.json"
"4cb6d7edad5952ce18bc5d1a65483a1da82a485b","backend/node_modules/http-errors/package.json"
"ea09b22eb41a83f37568dcf9618c5826bb7f0458","backend/node_modules/iconv-lite"
"ec4ba1e27f7e9353534dd20a7b11b6866d989e90","backend/node_modules/iconv-lite/.github"
"e4a0e0afdff7c81947fc0359ad479dfd6c9430ab","backend/node_modules/iconv-lite/.github/dependabot.yml"
"adf78e184d0eccf2531e741f1338c253eabd6101","backend/node_modules/iconv-lite/.idea"
"c0ace8a96d11dc5a5df835a8afd9fbf8dc91de30","backend/node_modules/iconv-lite/.idea/codeStyles"
"3f2688cb57ab8cf0c18c4d3057be5fb75198ed9a","backend/node_modules/iconv-lite/.idea/codeStyles/Project.xml"
"79ee123c2b23e069e35ed634d687e17f731cc702","backend/node_modules/iconv-lite/.idea/codeStyles/codeStyleConfig.xml"
"0c8867d7e175f46d4bcd66698ac13f4ca00cf592","backend/node_modules/iconv-lite/.idea/iconv-lite.iml"
"34771f5364585eb7f3a52c634b269f58db871ad6","backend/node_modules/iconv-lite/.idea/inspectionProfiles"
"03d9549ea8e4ada36fb3ecbc30fef08175b7d728","backend/node_modules/iconv-lite/.idea/inspectionProfiles/Project_Default.xml"
"5d24f2e1ec92a255c8bc442c30b6666e0bb8d324","backend/node_modules/iconv-lite/.idea/modules.xml"
"94a25f7f4cb416c083d265558da75d457237d671","backend/node_modules/iconv-lite/.idea/vcs.xml"
"464549b148481a3f61966c985bf41bdabc095009","backend/node_modules/iconv-lite/Changelog.md"
"d518d8376af9faa47af875d83c8cdd51a11f9099","backend/node_modules/iconv-lite/LICENSE"
"3c97f87307946765dae4f1b2089c9d8afd9130f0","backend/node_modules/iconv-lite/README.md"
"607ec75ea32d85d54c9203413e107708659a5692","backend/node_modules/iconv-lite/encodings"
"fa839170367b271072dc097d29b2c05f085e7681","backend/node_modules/iconv-lite/encodings/dbcs-codec.js"
"0d17e5821b3df97bb961c4e71142331139d03d15","backend/node_modules/iconv-lite/encodings/dbcs-data.js"
"d95c2441151a93320a45e2042d30974230b4902b","backend/node_modules/iconv-lite/encodings/index.js"
"dc1074f04f11a31c0e962846f5d162eab9556d38","backend/node_modules/iconv-lite/encodings/internal.js"
"abac5ffaac97da29fa5c5d8aedf5b47763fc7c58","backend/node_modules/iconv-lite/encodings/sbcs-codec.js"
"9b4823607b6071c67dd7b553767bfee98a49de1c","backend/node_modules/iconv-lite/encodings/sbcs-data-generated.js"
"066f904e5f1d3e713e573b1e1cd7dae41f463ed3","backend/node_modules/iconv-lite/encodings/sbcs-data.js"
"c02fcb6c39775f36fe90c2a8534b0d6e69f227d9","backend/node_modules/iconv-lite/encodings/tables"
"3c3d3c2f7b14c6a570e58184f68ef0894a5f812d","backend/node_modules/iconv-lite/encodings/tables/big5-added.json"
"49ddb9a1d68fd76a82904ef694de6b2770c04575","backend/node_modules/iconv-lite/encodings/tables/cp936.json"
"2022a007ff7ac97ce51167903d116eec42bffd9a","backend/node_modules/iconv-lite/encodings/tables/cp949.json"
"d8bc87178dd38fca1829b9e2109c6f71e9721bdf","backend/node_modules/iconv-lite/encodings/tables/cp950.json"
"4fa61ca116009efc18ecbd1531538f31234ad103","backend/node_modules/iconv-lite/encodings/tables/eucjp.json"
"85c6934757761e98580abf0c26c351b6fdfd6ad5","backend/node_modules/iconv-lite/encodings/tables/gb18030-ranges.json"
"b742e368f560003b9c95c3ae9b96633034d6f9e9","backend/node_modules/iconv-lite/encodings/tables/gbk-added.json"
"5a3a43cf8cf6d20324a49b75aff87d1bf902d108","backend/node_modules/iconv-lite/encodings/tables/shiftjis.json"
"97d066925bbd5dfaa7213e0433570a113c461f3e","backend/node_modules/iconv-lite/encodings/utf16.js"
"2fa900a12eb3562e38fc9442dd3f57ea919b3c74","backend/node_modules/iconv-lite/encodings/utf32.js"
"eacae34d5f80d0b406ad63104406ddd5f3232f4a","backend/node_modules/iconv-lite/encodings/utf7.js"
"969e7c183274962caed3b7d8b0f787b9c5c710cf","backend/node_modules/iconv-lite/lib"
"1050872385c7f96b4f54d50ebc873b1031e2528c","backend/node_modules/iconv-lite/lib/bom-handling.js"
"99f200f4ab04c365baa41f89070972d5408de410","backend/node_modules/iconv-lite/lib/index.d.ts"
"657701c38d243b8af1cd3d4a67056e095a0ede5e","backend/node_modules/iconv-lite/lib/index.js"
"a1506482f580162d5b3a07b1ef82fcca22b40e5a","backend/node_modules/iconv-lite/lib/streams.js"
"d351115a839fa05fe3a3b70114e7484d77e3dcda","backend/node_modules/iconv-lite/package.json"
"4af9c6e8ea5fa65aede3aa02a833b0504d1ad472","backend/node_modules/inherits"
"dea3013d6710ee273f49ac606a65d5211d480c88","backend/node_modules/inherits/LICENSE"
"b1c56658557b8162aa9f5ba8610ed03a5e558d9d","backend/node_modules/inherits/README.md"
"f71f2d93294a67ad5d9300aae07973e259f26068","backend/node_modules/inherits/inherits.js"
"86bbb3dc29e4847df14de2c2b4b168e065184643","backend/node_modules/inherits/inherits_browser.js"
"37b4366b83e63e037cd447090ec25b39fce27e01","backend/node_modules/inherits/package.json"
"55e8a5079cd8f327fd7f3de9bb3f78364a5e52e1","backend/node_modules/ioredis"
"1d4bd28df5711f7c11e12c2768c6d17b08432343","backend/node_modules/ioredis/LICENSE"
"2b33d38ed8290c08234e18193710d06986906579","backend/node_modules/ioredis/README.md"
"fbfd5aca4a29ddabbfdc447ab94a1d2439b1193a","backend/node_modules/ioredis/built"
"1121bb85f711b1607a61d89d2d2ba4860e6f8aab","backend/node_modules/ioredis/built/Command.d.ts"
"5069820d4027ff028104407903c50543623728bd","backend/node_modules/ioredis/built/Command.js"
"93e97d9670bd7d756bc308d0a1c46542e4926688","backend/node_modules/ioredis/built/DataHandler.d.ts"
"7f95466b0260668ba81d68e937af4e49002a1714","backend/node_modules/ioredis/built/DataHandler.js"
"8503d7223db355ad7116df04e8b2c8dde7e9358e","backend/node_modules/ioredis/built/Pipeline.d.ts"
"c1c4566d9e56ec429b333d04ec200364f52c1e6f","backend/node_modules/ioredis/built/Pipeline.js"
"5cc73b07b447a246bbbee4301d943e8084306b48","backend/node_modules/ioredis/built/Redis.d.ts"
"6c9bdfd2e8ebd83a96dfb73426a8569ff8419270","backend/node_modules/ioredis/built/Redis.js"
"38c380346563aa53a2de75014ccf78ffabcbb679","backend/node_modules/ioredis/built/ScanStream.d.ts"
"3abecaf7f875aa080f372988930f8ed1de49e9af","backend/node_modules/ioredis/built/ScanStream.js"
"b17f4d89b830dbf0cd9ebeb007b17c756897234e","backend/node_modules/ioredis/built/Script.d.ts"
"34ea485b67a19364b02b6c137ba6aa65804bde2c","backend/node_modules/ioredis/built/Script.js"
"2b5c7cc0a38e394363089387a0766fd64fc3fcee","backend/node_modules/ioredis/built/SubscriptionSet.d.ts"
"df39e619d90ce04531f97c5d5c3009702870f521","backend/node_modules/ioredis/built/SubscriptionSet.js"
"64505fcd84c6500924af272993388e57219dd059","backend/node_modules/ioredis/built/autoPipelining.d.ts"
"b3d416afc64404883a624a3e50b6dd54745b87a6","backend/node_modules/ioredis/built/autoPipelining.js"
"0b9666e6fbe6a710d215de57bce99ef2e778bd28","backend/node_modules/ioredis/built/cluster"
"80c7e2c835d1cf61f3c6b3467e089d1e4b3b19d6","backend/node_modules/ioredis/built/cluster/ClusterOptions.d.ts"
"8c3e2e5aded53a80f59b46cb6bf6a88e5074b830","backend/node_modules/ioredis/built/cluster/ClusterOptions.js"
"93a221a624e01ff1f778f6db48a0ab5643f94016","backend/node_modules/ioredis/built/cluster/ClusterSubscriber.d.ts"
"ceb02cd365c06fba36ad1c7fd2c316d1d351a21e","backend/node_modules/ioredis/built/cluster/ClusterSubscriber.js"
"496b96dd48bbf140fc4bb3c8a44b686a424e3fe0","backend/node_modules/ioredis/built/cluster/ClusterSubscriberGroup.d.ts"
"8f524a8135ac96e3b120345780c546564e7568f0","backend/node_modules/ioredis/built/cluster/ClusterSubscriberGroup.js"
"0de5d7a498cae9e88aacdccec4f0cc77f73276f3","backend/node_modules/ioredis/built/cluster/ConnectionPool.d.ts"
"4fef1b896647caa0b346adf09fc489dc852caf91","backend/node_modules/ioredis/built/cluster/ConnectionPool.js"
"2d64896915871e0ae6e8d848714bb43009ba9a5f","backend/node_modules/ioredis/built/cluster/DelayQueue.d.ts"
"e17df51e6ba226bfb2f56a118389e2ca0ea81635","backend/node_modules/ioredis/built/cluster/DelayQueue.js"
"921bcdb37c363538719c4d2737ae7039bdad82db","backend/node_modules/ioredis/built/cluster/ShardedSubscriber.d.ts"
"163fb639ee004a8733efe9d1d6363fc32c2e219d","backend/node_modules/ioredis/built/cluster/ShardedSubscriber.js"
"3f5e1b48ea1cc295f1fba531cfd57f8e1deb09ff","backend/node_modules/ioredis/built/cluster/index.d.ts"
"1c8d57b8955437b92986d95a138331dc33d554b7","backend/node_modules/ioredis/built/cluster/index.js"
"d8629c3819d7dbdab40ccc56b464ad764ff6a971","backend/node_modules/ioredis/built/cluster/util.d.ts"
"e3a779b83fbf341f7b0c4e8cb62de718ba97f4ea","backend/node_modules/ioredis/built/cluster/util.js"
"c57ee6d3e7c5dc62fb358d994a70c143de6e5be9","backend/node_modules/ioredis/built/connectors"
"14bdbaab820780efa21f7fce1896ec874220d808","backend/node_modules/ioredis/built/connectors/AbstractConnector.d.ts"
"2e2151d3ad7a855bcd8ede7a61c4f81f94bc39c2","backend/node_modules/ioredis/built/connectors/AbstractConnector.js"
"2f332aedcf9a85d65e29398b82eb73b23f3ecf8d","backend/node_modules/ioredis/built/connectors/ConnectorConstructor.d.ts"
"69a78525ff025b30717d127f3618aeed3c66981a","backend/node_modules/ioredis/built/connectors/SentinelConnector"
"abd44e566a374c13517dd05fa95b964cfee63f96","backend/node_modules/ioredis/built/connectors/SentinelConnector/FailoverDetector.d.ts"
"8db28d0f86245ec4b4d17b8c0bdc78aa0f21d687","backend/node_modules/ioredis/built/connectors/SentinelConnector/FailoverDetector.js"
"fbe5f34c07e5a6f0d64b4e5287545de156dc7a2d","backend/node_modules/ioredis/built/connectors/SentinelConnector/SentinelIterator.d.ts"
"3399bae128c0f85e497279baf4524fa40541b2b4","backend/node_modules/ioredis/built/connectors/SentinelConnector/SentinelIterator.js"
"66660e5dc90ce89524aede9a8b04e3643c4d9cde","backend/node_modules/ioredis/built/connectors/SentinelConnector/index.d.ts"
"5cb4b48d1b8dba1f484cc8380e0bb80a70dc15cd","backend/node_modules/ioredis/built/connectors/SentinelConnector/index.js"
"4734cdcf1403c11d2cbb8aeba7b09a8b0f2ba1ff","backend/node_modules/ioredis/built/connectors/SentinelConnector/types.d.ts"
"45fb5523d966ca4e05995682dd4aaa451a6ddc6d","backend/node_modules/ioredis/built/connectors/StandaloneConnector.d.ts"
"d17c91a8fd96244af7296bb73ab6fce52d11e2c5","backend/node_modules/ioredis/built/connectors/StandaloneConnector.js"
"fa74d6f9790caadba6e421386099872262063201","backend/node_modules/ioredis/built/connectors/index.d.ts"
"49a03a2b92905c199d5ff544b91ecd426dacc0e6","backend/node_modules/ioredis/built/connectors/index.js"
"687383f21eb27fadde819af314a8f79502c6a934","backend/node_modules/ioredis/built/constants"
"7547966d29bcc715f044031a13b5a194504a0793","backend/node_modules/ioredis/built/constants/TLSProfiles.d.ts"
"f90760d5e6fcbffb1044fe010642f3998cb2061f","backend/node_modules/ioredis/built/constants/TLSProfiles.js"
"659abaad81486a9ac6d3d714fe6dcef4b45617ee","backend/node_modules/ioredis/built/errors"
"870640fc26da2687dfed794b0f145f5e135a3ae8","backend/node_modules/ioredis/built/errors/ClusterAllFailedError.d.ts"
"c223f1609f07b497ad1bcaea509355ba8ffea47d","backend/node_modules/ioredis/built/errors/ClusterAllFailedError.js"
"9c4b4e5d4903a3cf31295805200cac40acb75eca","backend/node_modules/ioredis/built/errors/MaxRetriesPerRequestError.d.ts"
"d8c8e1dd2617af570ba9ff3f4cf3044acc9bff75","backend/node_modules/ioredis/built/errors/MaxRetriesPerRequestError.js"
"6d2530810db63f14348992990eeeeea2c27361d5","backend/node_modules/ioredis/built/errors/index.d.ts"
"02b72a98e89517da79f94433f87ccb9ddc6af8b0","backend/node_modules/ioredis/built/errors/index.js"
"d98fa59823da834aab1f912196dfce2c5a65f241","backend/node_modules/ioredis/built/index.d.ts"
"24a189578794dc3073278788fc443e6c8dc957d5","backend/node_modules/ioredis/built/index.js"
"16f2f71f0b6f108c0cd66481d3f90ca3994fb8d5","backend/node_modules/ioredis/built/redis"
"62427280d484622f88e91186c06df1fa7af57e81","backend/node_modules/ioredis/built/redis/RedisOptions.d.ts"
"99ee7dc536c3bae8692075ee255aa3c1efa1c1fa","backend/node_modules/ioredis/built/redis/RedisOptions.js"
"1ce79dd7cfc3b8b296377b3683322e5cf95351cb","backend/node_modules/ioredis/built/redis/event_handler.d.ts"
"ba8b1dc27e4752be9dafd10f109d3c1d524d2f1f","backend/node_modules/ioredis/built/redis/event_handler.js"
"d499f259c0a7295fc701848bb8016d9f266baffa","backend/node_modules/ioredis/built/transaction.d.ts"
"468fa8f6b35ebde237dd0e38755ad6b7caf00ee8","backend/node_modules/ioredis/built/transaction.js"
"e6d95a9216202d17147fc0c062e971e52c8e87bb","backend/node_modules/ioredis/built/types.d.ts"
"4bac0ecf74caea3ff585b788a3a3095d0ddea024","backend/node_modules/ioredis/built/utils"
"cbee525d433044fd199621e51f1f7b96e586ebe0","backend/node_modules/ioredis/built/utils/Commander.d.ts"
"31a9155014ff17b047f594e173807465ffefb8e8","backend/node_modules/ioredis/built/utils/Commander.js"
"4074af3a93b444a4e37a21666a4a4bb1569a0e97","backend/node_modules/ioredis/built/utils/RedisCommander.d.ts"
"c7431fc68aff0daa019cd4aa601d34e80e6475af","backend/node_modules/ioredis/built/utils/RedisCommander.js"
"cf5cdb4d4f2f3e3dae99d527b711b04254b65a4f","backend/node_modules/ioredis/built/utils/applyMixin.d.ts"
"0b2d5b98c557da5b37dc4797b421003ddac1021d","backend/node_modules/ioredis/built/utils/applyMixin.js"
"c451e1406562be848c76855c1408397977313473","backend/node_modules/ioredis/built/utils/argumentParsers.d.ts"
"7a806058075234566d38afc5467cf63d8aa12dcd","backend/node_modules/ioredis/built/utils/argumentParsers.js"
"e73b3781376f136f272484078d19cd43d9db041b","backend/node_modules/ioredis/built/utils/debug.d.ts"
"6613511fe15a3fa93e8eb3e677dd963da8cecc5e","backend/node_modules/ioredis/built/utils/debug.js"
"8c0772e4788fc3eb5ca81a1d4a277ebba236f320","backend/node_modules/ioredis/built/utils/index.d.ts"
"cabc98aa711abfc374b2c500d12ccff9703dc864","backend/node_modules/ioredis/built/utils/index.js"
"683e214a06a79342406fb9a5dc75259f137fe8c8","backend/node_modules/ioredis/built/utils/lodash.d.ts"
"5f5eccd38326674402d153c18fefc96e6a50fa90","backend/node_modules/ioredis/built/utils/lodash.js"
"84d530f47c648bcd0dbd346b1fe1c767575211a9","backend/node_modules/ioredis/package.json"
"3be57479275ca9a32fea94df05d59c3b7830af80","backend/node_modules/ipaddr.js"
"f6b37b52dec6faa7f48b9d1be5da2ad9b883be2f","backend/node_modules/ipaddr.js/LICENSE"
"f57725b0fed3b74b2ed13d99c0fe8ee65ab29f3c","backend/node_modules/ipaddr.js/README.md"
"b54a7cc42ac48524d2de2fa43979367e09fbe385","backend/node_modules/ipaddr.js/ipaddr.min.js"
"0e9066d53faea879191763cf87af72e974045161","backend/node_modules/ipaddr.js/lib"
"18bd93b5e6dfd2af35147a656b913b952cfc7043","backend/node_modules/ipaddr.js/lib/ipaddr.js"
"52174b6b6b28411c03f230e779c6f1edf93f9423","backend/node_modules/ipaddr.js/lib/ipaddr.js.d.ts"
"f4d35475d17abd96f03b0e1133258703b284c785","backend/node_modules/ipaddr.js/package.json"
"60f12a6071ecfde47af3142e5233481a33c6d5be","backend/node_modules/is-promise"
"27cc9f3771540a450dae91b1e04dd1383ff1a4d1","backend/node_modules/is-promise/LICENSE"
"2107b42898a36df3cab91e25609623ba56380d83","backend/node_modules/is-promise/index.d.ts"
"1bed0871bc2523d47c6cd4843464a9f64dbedcf0","backend/node_modules/is-promise/index.js"
"bf9e99b5c8496c4a61e1f1a6269e84cb99dfa48f","backend/node_modules/is-promise/index.mjs"
"2a3c5404ac7c93d0626d3b36eb06021616d8af7c","backend/node_modules/is-promise/package.json"
"d53d34bd598a5f775072eb59ddeb1834b41d02e5","backend/node_modules/is-promise/readme.md"
"826681be7601e0520fb738818e725d4b53191b70","backend/node_modules/is-property"
"8ecfa25a868d833ad4e8d1a134517915370c6836","backend/node_modules/is-property/.npmignore"
"8ce206a84544ae1623a4c94db88c18c2d9ed8009","backend/node_modules/is-property/LICENSE"
"ef1d00b62f8022ad49b6de9e451834137a5aa57a","backend/node_modules/is-property/README.md"
"db58b47b27a46b1e03b2c20ce781a1c1703464f6","backend/node_modules/is-property/is-property.js"
"2105f7b606266449f624d031f182aed7b79b5315","backend/node_modules/is-property/package.json"
"bd36c55c4155e9384e2fad873d8862ca44022f07","backend/node_modules/lodash.defaults"
"e0c69d56032d1562a06c0caa8ab8b278efded3c0","backend/node_modules/lodash.defaults/LICENSE"
"a129849e86962a715d8fc9214708b9acecd9894b","backend/node_modules/lodash.defaults/README.md"
"25eba9ce0f06f591d62b02f2a202a18d20bb8c25","backend/node_modules/lodash.defaults/index.js"
"3c49784b48ef361d0e476fb125dd3ce82ea1f267","backend/node_modules/lodash.defaults/package.json"
"89aa71529ece7664a2ff0d3f3aa42c354ed2cbd7","backend/node_modules/lodash.isarguments"
"eb95fe1340562cf34c2c395a9da745d5de70f385","backend/node_modules/lodash.isarguments/README.md"
"042dac501605a3e31ee779ef6d67469c02d8be6a","backend/node_modules/lodash.isarguments/index.js"
"3d3228026158ec49d994126d8d92ad46a461b270","backend/node_modules/lodash.isarguments/package.json"
"fb70fea4ed150bea723a9fd7f113e4015c37c156","backend/node_modules/long"
"d645695673349e3947e8e5ae42332d0ac3164cd7","backend/node_modules/long/LICENSE"
"ca4b2f858cb2ebd6c58baa7aba3d72c25ea5fd9a","backend/node_modules/long/README.md"
"7d4b0170e468c4bfa0aa1859fc695af330d46f73","backend/node_modules/long/index.d.ts"
"49832336421676cc3cece3f6e867c13d0db3227d","backend/node_modules/long/index.js"
"c617736725a5163c6a97555615f199fedb5c55a1","backend/node_modules/long/package.json"
"7693ca4c795c89fcdde88104dcba197d1cb66175","backend/node_modules/long/types.d.ts"
"245bf2328512c48277ed68c803fd7f3394e7a65a","backend/node_modules/long/umd"
"5036689694034b1f930644d7b7bf225169361c4a","backend/node_modules/long/umd/index.d.ts"
"713698871134d51d1c9998c56838b9bcf4dc86fe","backend/node_modules/long/umd/index.js"
"5bbefffbabee392d1855491b84dc0a716b6a3bf2","backend/node_modules/long/umd/package.json"
"e2d983cfc917c2b55ab332e77797867cca738250","backend/node_modules/lru-cache"
"f785757cd63f863c42f19d4f5a417141d6c4a890","backend/node_modules/lru-cache/LICENSE"
"f12833075554432fe497ec28468ec32597deab38","backend/node_modules/lru-cache/README.md"
"b58395e04a9d169d69a9370ec1c790a594ce2b4e","backend/node_modules/lru-cache/index.d.ts"
"48e99fe5e5a70c4122bd3b4f3d0439f99d9d7c3b","backend/node_modules/lru-cache/index.js"
"4a0b4813ec51574142d51a62a28b159591562790","backend/node_modules/lru-cache/index.mjs"
"9684991727e7a2f34abe15e2224ecdd48a360f53","backend/node_modules/lru-cache/package.json"
"901f371d94ff44e72fedfff7c1daf1df3a9f4b11","backend/node_modules/lru.min"
"e8c4fffcbabbbbc91611c90a217ada8e8fdcea98","backend/node_modules/lru.min/LICENSE"
"d7c5bc0d0eed6176d1ddd08a10b1886dbeaab6aa","backend/node_modules/lru.min/README.md"
"5a2876b2dc9e3e6558bba4f841c9b9535e7f7e36","backend/node_modules/lru.min/browser"
"82d8e990ee6b34cc91d708a3f25ef3dd9673ec28","backend/node_modules/lru.min/browser/lru.min.js"
"5f50190fd671ea60ee109068f232b55655dbafc8","backend/node_modules/lru.min/lib"
"9a3af53606e6e4db55f589cfe16b467c799bf7ae","backend/node_modules/lru.min/lib/index.d.ts"
"3b86256ff8fbbfacbbc93500ae26d768614589c3","backend/node_modules/lru.min/lib/index.js"
"a5853602283efc2ca69e747ff08269284bd8817b","backend/node_modules/lru.min/lib/index.mjs"
"504745380cbddb800d2b1a69d6a242eec1932ba6","backend/node_modules/lru.min/package.json"
"5bd74f74e66614ff979f668d466c7e9351f834ff","backend/node_modules/math-intrinsics"
"de194dfdac06196a1276562fe032dac74952f063","backend/node_modules/math-intrinsics/.github"
"868f4ff4876eb4b02fd44c608e135cf6462895e2","backend/node_modules/math-intrinsics/.github/FUNDING.yml"
"9cf48f5a1421c943f38a21bbf05efc249fb53a41","backend/node_modules/math-intrinsics/CHANGELOG.md"
"4a66dcf24e0b17dce66d4742994e726e5c45439a","backend/node_modules/math-intrinsics/README.md"
"14ad9c699397bcc9818453c0b1b07996c1f6ee41","backend/node_modules/math-intrinsics/abs.d.ts"
"a751424cdcdd37aab366b9ed966e1ed9651308f5","backend/node_modules/math-intrinsics/abs.js"
"f614df0614d49ab0292d16879cd5e03d1acc5f0f","backend/node_modules/math-intrinsics/constants"
"b92d46be2cd3dc21c004f16a9196d2bccbba16cc","backend/node_modules/math-intrinsics/constants/maxArrayLength.d.ts"
"cfc6affd0ab67ba717dfd79219fdf32716d07d0e","backend/node_modules/math-intrinsics/constants/maxArrayLength.js"
"fee3f621ed517b821371decc956f3fa83bd3a45c","backend/node_modules/math-intrinsics/constants/maxSafeInteger.d.ts"
"b568ad393bd22da735d31af78462946a86d720f8","backend/node_modules/math-intrinsics/constants/maxSafeInteger.js"
"292cb827153b6dd5483406bf937d78db8130fa0b","backend/node_modules/math-intrinsics/constants/maxValue.d.ts"
"a2202dc39767adad11f1df67b2ffabba8aaf9cbd","backend/node_modules/math-intrinsics/constants/maxValue.js"
"9265236f288b7da2345b73a3bc290a6385d2b356","backend/node_modules/math-intrinsics/floor.d.ts"
"ab0e5d7dcd43056d5d5288de0d08ca4177efb2db","backend/node_modules/math-intrinsics/floor.js"
"6daae331f18e427d1057c96c8ca75d6c6c3fd211","backend/node_modules/math-intrinsics/isFinite.d.ts"
"b201a5a523ed18bde69edd3b3deff3b63c463120","backend/node_modules/math-intrinsics/isFinite.js"
"13935a8ccf78a105bc508e4c8f88b9888f57f1b1","backend/node_modules/math-intrinsics/isInteger.d.ts"
"4b1b9a56d1bba183cc75a616ece707489901d4a8","backend/node_modules/math-intrinsics/isInteger.js"
"c1d4c552456bde706a914f901e9ccd523ac44e7d","backend/node_modules/math-intrinsics/isNaN.d.ts"
"e36475cf878ca6beda4dfd1cd3881759b72270c6","backend/node_modules/math-intrinsics/isNaN.js"
"7ad88193e1f3599ebce7e63ed97854895fe87f33","backend/node_modules/math-intrinsics/isNegativeZero.d.ts"
"b69adcc5a7f190f38c6907584432368e77d097d0","backend/node_modules/math-intrinsics/isNegativeZero.js"
"ad6f43e35f4a342bcac73ec92226b342f282097e","backend/node_modules/math-intrinsics/max.d.ts"
"edb55dfbca86a881da139244122c4f734d6a5844","backend/node_modules/math-intrinsics/max.js"
"fd90f2d504422b14fbe14393fabdc0fc0a8db6a0","backend/node_modules/math-intrinsics/min.d.ts"
"5a4a7c7149a79f113c536e08888acc70213674e8","backend/node_modules/math-intrinsics/min.js"
"549dbd46e5a4c1df5f6d75e11e690d6dc8758421","backend/node_modules/math-intrinsics/mod.d.ts"
"4a98362baf165d9190ab6bc7b627daeaad6fac8c","backend/node_modules/math-intrinsics/mod.js"
"067627354b768e180e286f8c2efdb0c35a188e52","backend/node_modules/math-intrinsics/package.json"
"5873c441e62a88335b478b30de3c2a319b945520","backend/node_modules/math-intrinsics/pow.d.ts"
"c0a4103811f69cdfefb43e1fd0a5a866da3c0cd9","backend/node_modules/math-intrinsics/pow.js"
"da1fde3f638b9a9a3db026668427ae9cde5bbcb7","backend/node_modules/math-intrinsics/round.d.ts"
"b79215663a657631fd01aef3d95dbffac635b707","backend/node_modules/math-intrinsics/round.js"
"c49cecaa240c415345f455f2e4fbed99015c1713","backend/node_modules/math-intrinsics/sign.d.ts"
"9e5173c80da67de620a9b3a769936d77bf68ba73","backend/node_modules/math-intrinsics/sign.js"
"fdcae282250939d41404fb71d26f7a5874b0e2d9","backend/node_modules/math-intrinsics/test"
"0f90a5dc0f5f107d65a4b8d3f79711b8b1d5a6f7","backend/node_modules/math-intrinsics/test/index.js"
"b131000796f0cb804c38b121021940cd962cc1a7","backend/node_modules/math-intrinsics/tsconfig.json"
"beb716c17cc8833f3453e13a30034de9daf51e42","backend/node_modules/media-typer"
"538ade14fa848dcce1b5b839ced17f5817fcd5ff","backend/node_modules/media-typer/HISTORY.md"
"37edad16f5aca0263d8350f3654cf1f04a5c32cf","backend/node_modules/media-typer/README.md"
"897cae1570efe9b622229f15e07fe45fe8284350","backend/node_modules/media-typer/index.js"
"1dca712ee162c2ae9cb7ee3011948018c845ca39","backend/node_modules/media-typer/package.json"
"37ea38de20918592485461916dfbb859460fa22c","backend/node_modules/merge-descriptors"
"df8f91f445b1ef0be11552801e36bf5eedea8910","backend/node_modules/merge-descriptors/index.d.ts"
"51228e5cecc2929c27b40f855a6f4eb4fb9baf7b","backend/node_modules/merge-descriptors/index.js"
"c509d4557c0d11a3f7ea08d5e4ff0c77ff91f4cf","backend/node_modules/merge-descriptors/license"
"9bedb250ba6f5976c708674d9d6b539e7ff3050e","backend/node_modules/merge-descriptors/package.json"
"1dee67d843668d895d55ed100debc2a1b36254e6","backend/node_modules/merge-descriptors/readme.md"
"616ef8cb0b7840173f599fa9d2f9cd5ce329f3dc","backend/node_modules/mime-db"
"fb35beccad7e990844c8b39305e328db6b904f70","backend/node_modules/mime-db/HISTORY.md"
"ee93fa00ab2fbe05ba2ee0fcdc606d9aad12bd52","backend/node_modules/mime-db/README.md"
"7e74733026db22005684393bf7a54c895e9f4abe","backend/node_modules/mime-db/db.json"
"289a370c8f644df453d0fb395ba4a5f3fd0d3e27","backend/node_modules/mime-db/package.json"
"bd3c10ddd9b25bad9b1dbc8715c65506923a9cc8","backend/node_modules/mime-types"
"18473e49f41c05ddce4dfcacb77fb5e6f79b15a4","backend/node_modules/mime-types/HISTORY.md"
"222d2b58a343a582ba534945387b9106bbd514a4","backend/node_modules/mime-types/README.md"
"c348cb655771d960bc670a5d0776dff8ad513a0f","backend/node_modules/mime-types/index.js"
"e2ecc6693a5523c599f3b62a3a28cd74c2ae20a2","backend/node_modules/mime-types/mimeScore.js"
"79481aef37e0a26dfc7385b6d14e6ba51d82666a","backend/node_modules/mime-types/package.json"
"c61a58ccc3002d1fa2d8854d6783aecf86dc0565","backend/node_modules/minimist"
"bd1a5e046b4148dfc6bfd15c8aa69c81ae809a28","backend/node_modules/minimist/.eslintrc"
"835d8f30856106552611863ed10600c7e58ff23e","backend/node_modules/minimist/.github"
"a9366222e92a9f9a7a2a4c4cf7cf0f011510924d","backend/node_modules/minimist/.github/FUNDING.yml"
"55c3d29367a4216abea3dc5eaa48b59826da355b","backend/node_modules/minimist/.nycrc"
"c9a1e15e6c2fe73a0ebf35040fef031b46437ba6","backend/node_modules/minimist/CHANGELOG.md"
"ee27ba4b4412b0e4a05af5e3d8a005bc6681fdf3","backend/node_modules/minimist/LICENSE"
"74da3234b4844a2d381a0c6f29f893beee5591bd","backend/node_modules/minimist/README.md"
"363aaf68b85c6c3ffec1c75e546a20110908de99","backend/node_modules/minimist/example"
"9d90ffb2642b4caddde1ec6fb0cff2e78192bb09","backend/node_modules/minimist/example/parse.js"
"f020f3940e129c361dc89226efaf8775a4af8752","backend/node_modules/minimist/index.js"
"c10a3344411197a716883caad07f0319f5d69b89","backend/node_modules/minimist/package.json"
"a64cd11bae82cb8cd98d5adffcb9f2cf845a2140","backend/node_modules/minimist/test"
"befa0c99769080972260dac9e4a77630857000f2","backend/node_modules/minimist/test/all_bool.js"
"e58d47e442ce127bfe5703b6b64d14c3e4511223","backend/node_modules/minimist/test/bool.js"
"707881771e275240a0e0d6d4d2fb8d31a564d74f","backend/node_modules/minimist/test/dash.js"
"4e9f6250f08ea8e005b66729630660a3db195566","backend/node_modules/minimist/test/default_bool.js"
"126ff033b4237334be18dafed9f2b4636f684d2d","backend/node_modules/minimist/test/dotted.js"
"6d1b53a7a7ee1fcbeb9b12c9804f83ff90f46ccd","backend/node_modules/minimist/test/kv_short.js"
"9fef51f1fa8d9bf8ef9e92ad2ce5742f009ab941","backend/node_modules/minimist/test/long.js"
"074393ecaf1705b9a6170c35ad23d55df943f306","backend/node_modules/minimist/test/num.js"
"65d9d90927b91baa152a32e1485479307f1acf44","backend/node_modules/minimist/test/parse.js"
"32965d130fbd4f59b9a6e12488cf18901004d1f8","backend/node_modules/minimist/test/parse_modified.js"
"6e629dd34ef0942c19c4d124542f5f030c228ae4","backend/node_modules/minimist/test/proto.js"
"4a7b84385bbfdc74314f5e8f7cc4c36afd52b8bd","backend/node_modules/minimist/test/short.js"
"52a6a91903028d5230729df63afcdb80d79b0c68","backend/node_modules/minimist/test/stop_early.js"
"4f2e0ca447f4ccc2fb7ba4df3876bf45d3f0423a","backend/node_modules/minimist/test/unknown.js"
"4fdaf1d3943f5a16b9d76af9cd7bbc82f2f54b54","backend/node_modules/minimist/test/whitespace.js"
"40302da029eb37297e70ddfd290fca2e139b17b3","backend/node_modules/mkdirp"
"432d1aeb01df666910230893f78e0d1ee7635a61","backend/node_modules/mkdirp/LICENSE"
"87bcc2dccceffac9566182b03e1bf3a5109a8fe6","backend/node_modules/mkdirp/bin"
"d95de15ae9743fc3b9e901d6fa6e8e1876c630cf","backend/node_modules/mkdirp/bin/cmd.js"
"f952aa2c7a979e7ccb2ef81b7b5010b26b6b9e53","backend/node_modules/mkdirp/bin/usage.txt"
"0890ac3bd6a8833dad7e8e8926cb69b3a54a2a47","backend/node_modules/mkdirp/index.js"
"951e58da975ee9aca80b40e40ae9a3d1047d1b66","backend/node_modules/mkdirp/package.json"
"fc314bfbd662cf9bb8a7290c77765b3f824d5ac8","backend/node_modules/mkdirp/readme.markdown"
"62ca6f16a59edd918b154f3c83fea23b4640bc86","backend/node_modules/ms"
"ea734fb73820316ed1c0f6a2f6e96dce0e3eb6f0","backend/node_modules/ms/index.js"
"fa5d39b6213f8a5e142b643575f99d9149cc71c6","backend/node_modules/ms/license.md"
"49971890df8e2b9a4a5f4909fbd6678b862d8a50","backend/node_modules/ms/package.json"
"0fc1abb3b8e30a3ab97023d243127c75b1b3a4d7","backend/node_modules/ms/readme.md"
"e063de2f437b600ee9bee8e3115eee57b00065d6","backend/node_modules/multer"
"6c011b18fa16e456f63b662d75047e376306874b","backend/node_modules/multer/LICENSE"
"1e062ee7d32ba8e1b37a7c10cd0d08e89d9d0ad0","backend/node_modules/multer/README.md"
"d5b67eba3a7d9b37840270102aa78486b0e8376b","backend/node_modules/multer/index.js"
"729c7bc8f2810098f464ec193013656498facbe8","backend/node_modules/multer/lib"
"29c410c7b4850d2640fef61629508a534fc98a74","backend/node_modules/multer/lib/counter.js"
"1a2c5e76e98c539fc855924111c054d3df943857","backend/node_modules/multer/lib/file-appender.js"
"260dcb404b384505e584cd6148308bcaa527bf11","backend/node_modules/multer/lib/make-middleware.js"
"d56b00e88cc59deb83a5cfec9d7bea3de29400ed","backend/node_modules/multer/lib/multer-error.js"
"f0b16ea506ad69bc1b5f5b37f143a20b21f44569","backend/node_modules/multer/lib/remove-uploaded-files.js"
"db73252ab6e20dcb1901a17d83ae8f21011c6ed8","backend/node_modules/multer/node_modules"
"69baab064d3dee2c65ec2919eac58a40a3da6b12","backend/node_modules/multer/node_modules/media-typer"
"62c2003168f588b4d470470278a2319c5950edc2","backend/node_modules/multer/node_modules/media-typer/HISTORY.md"
"b7dce6cf9a0edc74d1d1624b04cb7b2182b856a6","backend/node_modules/multer/node_modules/media-typer/LICENSE"
"d8df62347a6fff095c753754b0a3dd30b6591b33","backend/node_modules/multer/node_modules/media-typer/README.md"
"07f7295ee780fbfb881b953e92f79e49fe00f08c","backend/node_modules/multer/node_modules/media-typer/index.js"
"8cf3ebcd775f0f5977bd2f590c5e91893e58c733","backend/node_modules/multer/node_modules/media-typer/package.json"
"81e0d28ff16d54ba83e2c17fe709189f26904f18","backend/node_modules/multer/node_modules/type-is"
"8de21f7ae6f8de94d8c8b00fbf8c3017247077ff","backend/node_modules/multer/node_modules/type-is/HISTORY.md"
"b85ef8f78ff14113fe26b3a04bf82c3d07f88a73","backend/node_modules/multer/node_modules/type-is/README.md"
"890ad76c7eb990c75e4601becab263df961318fb","backend/node_modules/multer/node_modules/type-is/index.js"
"97ba5f14b84f4ea397e9795636d2285e77ce18cb","backend/node_modules/multer/node_modules/type-is/package.json"
"de464f551e041bba5ffbebb02c4d9d00b6e0e144","backend/node_modules/multer/package.json"
"2c8b865259c8f515e51a164baec1b1b7bf7ebc7a","backend/node_modules/multer/storage"
"2f77c9f133c9fd21662fd07e9ef546dae19bc53c","backend/node_modules/multer/storage/disk.js"
"f953ded15a2baf5cf59d3c2a716a8d5576db086c","backend/node_modules/multer/storage/memory.js"
"0073b3c68e54c34609d2f466338a02a4adccad82","backend/node_modules/mysql2"
"c9348b9d2b688ce47cf794014683cf8d808dce0a","backend/node_modules/mysql2/License"
"7b5560f4161fe1b75259b82b053510cc9b4f10bd","backend/node_modules/mysql2/README.md"
"35e7952dc7cec55e9a169b97f92074228580ecc4","backend/node_modules/mysql2/index.d.ts"
"e303620f0c2b8668654d9236fb380a1b37fdef65","backend/node_modules/mysql2/index.js"
"ad4b536fe147f046975fca2ed71ebb9bcda9f710","backend/node_modules/mysql2/lib"
"92453802f03ee70b7606a6116c9540f6d149ddc7","backend/node_modules/mysql2/lib/auth_41.js"
"8c70bd8c65d7b0f600340a308a9c77df11b34b99","backend/node_modules/mysql2/lib/auth_plugins"
"7bbeac8631caa53d91f4d21bdda7785e680874b4","backend/node_modules/mysql2/lib/auth_plugins/caching_sha2_password.js"
"5d672397f5ca038f093ed7343a702b20d57119a2","backend/node_modules/mysql2/lib/auth_plugins/caching_sha2_password.md"
"dd4dc98665074da9d9b172bcf331ee705af372ed","backend/node_modules/mysql2/lib/auth_plugins/index.js"
"1e0e3214b2116c24becd8722ef7debdffc8b9234","backend/node_modules/mysql2/lib/auth_plugins/mysql_clear_password.js"
"b4f4b877c9a48df0a8b0bb2e1d2262017e175efe","backend/node_modules/mysql2/lib/auth_plugins/mysql_native_password.js"
"d556d6c91a1907a10a607d6d817c675c93d7e9b2","backend/node_modules/mysql2/lib/auth_plugins/sha256_password.js"
"3ef836f42ea818b0815d945af4fdd42925a8558f","backend/node_modules/mysql2/lib/base"
"70cec19c973bc9360aad4ccbf3ade043ce2afe9b","backend/node_modules/mysql2/lib/base/connection.js"
"80a9a11b561ff094a1a2f59e20e74486b7d790aa","backend/node_modules/mysql2/lib/base/pool.js"
"b74c168938281c884ba2383223195cc03e3a14d6","backend/node_modules/mysql2/lib/base/pool_connection.js"
"626bf38e4c3cd78275ae1b7e79c51b407fe258c3","backend/node_modules/mysql2/lib/commands"
"ff45d0377bdea5889185ff1840a55c644ce771da","backend/node_modules/mysql2/lib/commands/auth_switch.js"
"63e49604744512e92255a105317f1bbd33b5fba2","backend/node_modules/mysql2/lib/commands/binlog_dump.js"
"d9a7de4aa340ee53031350a87dad8204ebde7994","backend/node_modules/mysql2/lib/commands/change_user.js"
"ac0d86349e8c57f859b176975ed994a0ae389696","backend/node_modules/mysql2/lib/commands/client_handshake.js"
"15919c14867320d6a9c694fdb147554cbd759368","backend/node_modules/mysql2/lib/commands/close_statement.js"
"3d318868bbd8665630ccab876e6a8a00f195d8d9","backend/node_modules/mysql2/lib/commands/command.js"
"a5403375a0b76112828b8c9c3bc50fa4e2e8efda","backend/node_modules/mysql2/lib/commands/execute.js"
"b79818deb551fe189bb2a69e013a6dda36f956e3","backend/node_modules/mysql2/lib/commands/index.js"
"dc820efd0f9d9af0e04574c9197c0fbfbac53693","backend/node_modules/mysql2/lib/commands/ping.js"
"ab217a8230751cb2071f905d8a2f86c367de92c1","backend/node_modules/mysql2/lib/commands/prepare.js"
"6b03c88aacf56d4fe25119fca79dee35a93f242b","backend/node_modules/mysql2/lib/commands/query.js"
"02ed763b94bb2e9f1bcb6f94e401008478f24d1b","backend/node_modules/mysql2/lib/commands/quit.js"
"4ebfe6169921facab7835b6e1c2de4779ea86b72","backend/node_modules/mysql2/lib/commands/register_slave.js"
"dfa2b1b1cc734b149cf29e0d1e11f7854424d98d","backend/node_modules/mysql2/lib/commands/server_handshake.js"
"3166846b6350632a1b1e609668dc295db5ab1fd2","backend/node_modules/mysql2/lib/compressed_protocol.js"
"b21cff85c437d746bb46b9384c8195ddb7279d8e","backend/node_modules/mysql2/lib/connection.js"
"cbb4eed9d2132fd499910a40db1cba2136c169f9","backend/node_modules/mysql2/lib/connection_config.js"
"a0b141365924209e9676e116dce63f92523ae4a7","backend/node_modules/mysql2/lib/constants"
"7e9860f8cec642ace245ee5749eff46478ce4b7c","backend/node_modules/mysql2/lib/constants/charset_encodings.js"
"2cb0a979ff9f6209672c029c71cdf9d4eb4541d5","backend/node_modules/mysql2/lib/constants/charsets.js"
"6a6964d8ae462b9464f4f603c557aa8bbe7f22fe","backend/node_modules/mysql2/lib/constants/client.js"
"1e6f827eecb3ad5d06486ac833a60871b2586cc8","backend/node_modules/mysql2/lib/constants/commands.js"
"86157d2931943eeb0fe317e4d103e21ab380cd1e","backend/node_modules/mysql2/lib/constants/cursor.js"
"64045e64e74ba3ec7ffea88f0e9453bfab017329","backend/node_modules/mysql2/lib/constants/encoding_charset.js"
"b1d5927fcf33d9e9ae48a7f5cf5d1d6765de828e","backend/node_modules/mysql2/lib/constants/errors.js"
"184905c052a255dbf0efa64f79d16e9f04a49fc3","backend/node_modules/mysql2/lib/constants/field_flags.js"
"828c8511ff6d898f4aad24ed1f1fc51292fc731c","backend/node_modules/mysql2/lib/constants/server_status.js"
"85d8fbfd8fc2b9a73828c28e86a9b29dff425107","backend/node_modules/mysql2/lib/constants/session_track.js"
"11adc6fd180564f609e02a3edcf1b60ad3285c57","backend/node_modules/mysql2/lib/constants/ssl_profiles.js"
"82a6655d7da90a95d9a2a11d17474f1ddd051db9","backend/node_modules/mysql2/lib/constants/types.js"
"d39618f78f9b49795d9c5d10e26d4e600a682a73","backend/node_modules/mysql2/lib/create_connection.js"
"ad19d77b7ff9b112e05a58cc09ac65b71215bef5","backend/node_modules/mysql2/lib/create_pool.js"
"4ded78b783fcae80fdb094d02f599efd62f9bee0","backend/node_modules/mysql2/lib/create_pool_cluster.js"
"672bb5ecce8f40c139a7b8f7a0730b372e1e90a5","backend/node_modules/mysql2/lib/helpers.js"
"989510c4e3b04523c3eea263a52f1deb9bba9681","backend/node_modules/mysql2/lib/packet_parser.js"
"70ec7c828c974a58cc1ae615fa8accf219753149","backend/node_modules/mysql2/lib/packets"
"ba9fbd89f8e62bd93d3fa7f23b95fdb861d42cb2","backend/node_modules/mysql2/lib/packets/auth_next_factor.js"
"7c3ed4df6868e9f468b18a8ae655a7db2351d640","backend/node_modules/mysql2/lib/packets/auth_switch_request.js"
"7294d08b8244fa3a946287d044f5e11097c0cb9f","backend/node_modules/mysql2/lib/packets/auth_switch_request_more_data.js"
"2a821a01f91a875680ce7da5deaa4ad1d89555bc","backend/node_modules/mysql2/lib/packets/auth_switch_response.js"
"d374b8d5845c95528c2d108de40a5d891f71684c","backend/node_modules/mysql2/lib/packets/binary_row.js"
"e0148375b338a33ad01417fa0d04d44ec49cb047","backend/node_modules/mysql2/lib/packets/binlog_dump.js"
"7338d60637eaebd09b2e72406c689dbb122e5383","backend/node_modules/mysql2/lib/packets/binlog_query_statusvars.js"
"242145e058e57511632b31885bee85fb245927fe","backend/node_modules/mysql2/lib/packets/change_user.js"
"d8be98d0871a141fe55fb9223fecaf394e87ba59","backend/node_modules/mysql2/lib/packets/close_statement.js"
"7cd3c27cd68ac434471e425038c5e7c3a7a1793a","backend/node_modules/mysql2/lib/packets/column_definition.js"
"ffbbc91042eeff0e5a02345efc389f9a8adf39da","backend/node_modules/mysql2/lib/packets/execute.js"
"ee894a0d3af7ae630769025678f6a45bc8725940","backend/node_modules/mysql2/lib/packets/handshake.js"
"b90f2b251fb95743cf4fb1446b7f8933752e2275","backend/node_modules/mysql2/lib/packets/handshake_response.js"
"0d5a0b504108f19e21658bcadc57c80a032ce3f8","backend/node_modules/mysql2/lib/packets/index.js"
"b9e7755bd4759b688ca99ab1ae7ac2fd8c717be1","backend/node_modules/mysql2/lib/packets/packet.js"
"d53c2222fbec5320eb78297fba0763fee82a1944","backend/node_modules/mysql2/lib/packets/prepare_statement.js"
"70b263a5698fef04d55ab6d9a2d0cc85ae7c32cd","backend/node_modules/mysql2/lib/packets/prepared_statement_header.js"
"b650b3524c0ae165524073a77d159677d153bd32","backend/node_modules/mysql2/lib/packets/query.js"
"26e802fca2b5508457df04e9f6b5a63afef8a073","backend/node_modules/mysql2/lib/packets/register_slave.js"
"ed0ffd467c126a2eefe1c08c5586d59ad66d7aac","backend/node_modules/mysql2/lib/packets/resultset_header.js"
"69eec247fb84da6c1a1639df1f22f18dcdfd78c9","backend/node_modules/mysql2/lib/packets/ssl_request.js"
"ecb8d10e5a44f6a032e1858a0bf83c6835fbcc47","backend/node_modules/mysql2/lib/packets/text_row.js"
"324b171b04dbad3c2ea7f121d470969ec9b1098e","backend/node_modules/mysql2/lib/parsers"
"b1872b60b14801646ed15661ce0223dc2d7caf05","backend/node_modules/mysql2/lib/parsers/binary_parser.js"
"707845f7b02fc035fc9924f64bb00c4c0d32673d","backend/node_modules/mysql2/lib/parsers/parser_cache.js"
"8a92878644a72df6a9e2e555c5232ff5284e3151","backend/node_modules/mysql2/lib/parsers/static_binary_parser.js"
"69cc2a4d2621f586a74f0cfc4d9e751bfab7d14e","backend/node_modules/mysql2/lib/parsers/static_text_parser.js"
"2368e5046c20de188a3d13f0c2b0e4e8881cad14","backend/node_modules/mysql2/lib/parsers/string.js"
"69b7e2133f56b11186c1edf1169e79c579e1f7c2","backend/node_modules/mysql2/lib/parsers/text_parser.js"
"b0f1e2bdc570c06d9b40f5e2352de64e1cc2807f","backend/node_modules/mysql2/lib/pool.js"
"ef68e60fe611822e7cdb32b340a36f75c98ad247","backend/node_modules/mysql2/lib/pool_cluster.js"
"0a4a26097f3575b4f04e02641537e6fef18dd885","backend/node_modules/mysql2/lib/pool_config.js"
"5cc94dc187b4aa8ef54383116e6e9c4f8e73a591","backend/node_modules/mysql2/lib/pool_connection.js"
"d061e230d193181758f41e368f783f759e144038","backend/node_modules/mysql2/lib/promise"
"5a40545ca5197c4a7f265caec2b95b195f674087","backend/node_modules/mysql2/lib/promise/connection.js"
"4127acd763d8b911f901318ea790be82fdb91030","backend/node_modules/mysql2/lib/promise/inherit_events.js"
"124303f256d64a2768c89daf2b8e9146544adf3a","backend/node_modules/mysql2/lib/promise/make_done_cb.js"
"0912c9575b24c8d07b5b65571c547af81d0a5175","backend/node_modules/mysql2/lib/promise/pool.js"
"0422ce76badc61d7ec8ff9b67455cfb1f3381154","backend/node_modules/mysql2/lib/promise/pool_cluster.js"
"05f85ed01632c8d2e9b1d95a9e2b1d7019929904","backend/node_modules/mysql2/lib/promise/pool_connection.js"
"47b9bedf1ebae597cfd0a5578239ffd8b4c46b83","backend/node_modules/mysql2/lib/promise/prepared_statement_info.js"
"7f451fe0656dfe42d3d89228c56b320f7df92007","backend/node_modules/mysql2/lib/results_stream.js"
"e0633e86765b2295dff2f5eb75266fcbff1af51f","backend/node_modules/mysql2/lib/server.js"
"1124e50ccf8de6a0d9a5ee897cf5b550005ff617","backend/node_modules/mysql2/node_modules"
"883c540ab4839bb51508122713d85f5294c52691","backend/node_modules/mysql2/node_modules/iconv-lite"
"fab813123205cde506f673fb82b0ef7c2b2bdca8","backend/node_modules/mysql2/node_modules/iconv-lite/Changelog.md"
"78a7a5f1cf2a03ebad4c4bacdfe9d2368470ca81","backend/node_modules/mysql2/node_modules/iconv-lite/README.md"
"25255c4dbbe9609ed7839f417e465bd4022fdae6","backend/node_modules/mysql2/node_modules/iconv-lite/encodings"
"bfec7f2ef9071ed98b30ebf8dfd4ac4b103e5271","backend/node_modules/mysql2/node_modules/iconv-lite/encodings/dbcs-codec.js"
"a3858d4cf36253ebfd612bfa062260f8f4a20fcc","backend/node_modules/mysql2/node_modules/iconv-lite/encodings/dbcs-data.js"
"9d90e3cac6b09d9bee4d67eb1a9d8d01254eb05d","backend/node_modules/mysql2/node_modules/iconv-lite/encodings/index.js"
"4e5c3ff25ac158bba365548767e9fdd815a1788c","backend/node_modules/mysql2/node_modules/iconv-lite/encodings/internal.js"
"0e2fc924e1d40c723583b170825298e01ee09158","backend/node_modules/mysql2/node_modules/iconv-lite/encodings/sbcs-codec.js"
"d8f8e1729e6af5193d05056c906fb24bc2da35cf","backend/node_modules/mysql2/node_modules/iconv-lite/encodings/sbcs-data.js"
"ae60d98e305145b06da0ddede84f7d20484c3e59","backend/node_modules/mysql2/node_modules/iconv-lite/encodings/utf16.js"
"723178937a3a729a4b701992983292246f55f92f","backend/node_modules/mysql2/node_modules/iconv-lite/encodings/utf32.js"
"fe72a9d9b52b1b616ce05a534ff53e7975928e23","backend/node_modules/mysql2/node_modules/iconv-lite/encodings/utf7.js"
"8e72abb50bf3bee784e9cd9ca65975a36eb2d6b7","backend/node_modules/mysql2/node_modules/iconv-lite/lib"
"a86a6b55ce1982670735bc873e18da940f796747","backend/node_modules/mysql2/node_modules/iconv-lite/lib/bom-handling.js"
"16351300f2507dae0a4a2dbe36ec664fdff81952","backend/node_modules/mysql2/node_modules/iconv-lite/lib/helpers"
"e79e041d9529bfa24dc638a72bbc28039c83d54f","backend/node_modules/mysql2/node_modules/iconv-lite/lib/helpers/merge-exports.js"
"6cdada8ad79a2ea8af59c94fb60f6a1826a836ac","backend/node_modules/mysql2/node_modules/iconv-lite/lib/index.d.ts"
"be3e9f91adc376242c40966f91fbdc00587b9103","backend/node_modules/mysql2/node_modules/iconv-lite/lib/index.js"
"ebfed8e0dc39caaa6830d86ef0a0b3ae1fde4f6f","backend/node_modules/mysql2/node_modules/iconv-lite/lib/streams.js"
"038a6a5b172e6252abe2949d44867e0ae27f2314","backend/node_modules/mysql2/node_modules/iconv-lite/package.json"
"7e330b1e286b99df18279ad25fcd38de81f6fc12","backend/node_modules/mysql2/package.json"
"4afb6a7c5d2d6dd60b49572522dae1c60b7b3c36","backend/node_modules/mysql2/promise.d.ts"
"5095738edc65f5806805f028a8f425732e0eb4a2","backend/node_modules/mysql2/promise.js"
"040159619faabdda1abc27d7b8102b58aa6ad9ad","backend/node_modules/mysql2/typings"
"806bf9f741a30e57b15353faab6ff85d5cbd8e60","backend/node_modules/mysql2/typings/mysql"
"fc354170c54a5cfaa38c939bb48d363d5307e043","backend/node_modules/mysql2/typings/mysql/LICENSE.txt"
"a402c36f08d32549e6963118d2420384003d8a18","backend/node_modules/mysql2/typings/mysql/index.d.ts"
"8ee94197f04d009f74b59c5d31419c76a7546985","backend/node_modules/mysql2/typings/mysql/info.txt"
"5c2b44b8f1077d7a4521fc0f94a0624e8123894a","backend/node_modules/mysql2/typings/mysql/lib"
"c2adc98879ecf46f1dfcb6b0b677eb6df423b21e","backend/node_modules/mysql2/typings/mysql/lib/Auth.d.ts"
"6eb28338ae54ff1cdbdbefcda6b87619e4aeb5ef","backend/node_modules/mysql2/typings/mysql/lib/Connection.d.ts"
"90ed5e9bad7a6c4ac686d2c57f9e636e552becd9","backend/node_modules/mysql2/typings/mysql/lib/Pool.d.ts"
"1190891120c0759b6fe9a0d2b985f8c1d8ed99b0","backend/node_modules/mysql2/typings/mysql/lib/PoolCluster.d.ts"
"cce4ef726e3e9425b8b09f5d6e8ff444a12a5611","backend/node_modules/mysql2/typings/mysql/lib/PoolConnection.d.ts"
"195adeed9cdd492d3ad8ba8bc70bb958147b7ca0","backend/node_modules/mysql2/typings/mysql/lib/Server.d.ts"
"2fa01f4441f2bb87cd9291da672d988832b51e60","backend/node_modules/mysql2/typings/mysql/lib/constants"
"aa28389cb91af8d6094dacfec946e8a26a9fd14a","backend/node_modules/mysql2/typings/mysql/lib/constants/CharsetToEncoding.d.ts"
"0b35769e9cf932988f69b09a99112c6352c8c8f0","backend/node_modules/mysql2/typings/mysql/lib/constants/Charsets.d.ts"
"2719509e7ae88f7b809569ccd85ceadc9b8d39bc","backend/node_modules/mysql2/typings/mysql/lib/constants/Types.d.ts"
"d08ba2cb898e184ba6b33e6ec4de8cd2ec3efb6c","backend/node_modules/mysql2/typings/mysql/lib/constants/index.d.ts"
"01afba9e014804f1a35339978669a2e41594ca2e","backend/node_modules/mysql2/typings/mysql/lib/parsers"
"0f1e7fa219ecaab1d2e4d76a27fc663c413f4ec1","backend/node_modules/mysql2/typings/mysql/lib/parsers/ParserCache.d.ts"
"734c4d924b02e7bd3f899db709d489fa84b790b5","backend/node_modules/mysql2/typings/mysql/lib/parsers/index.d.ts"
"7d62b983adfeaba2a924716e4b3a3689d303d2a7","backend/node_modules/mysql2/typings/mysql/lib/parsers/typeCast.d.ts"
"b1072b084a9d78640d2275c55c8b9708cfb2a67f","backend/node_modules/mysql2/typings/mysql/lib/protocol"
"c922d4bd0d497aacebd65f163aec69a55e2127e2","backend/node_modules/mysql2/typings/mysql/lib/protocol/packets"
"a8c1690622f69011af2843b31ad41efd3f4cbc3b","backend/node_modules/mysql2/typings/mysql/lib/protocol/packets/Field.d.ts"
"7e886691ef6d9e0be623e9980cba1dd80441be01","backend/node_modules/mysql2/typings/mysql/lib/protocol/packets/FieldPacket.d.ts"
"056e9605e1090fd18095d0a11df159987295c44c","backend/node_modules/mysql2/typings/mysql/lib/protocol/packets/OkPacket.d.ts"
"ff5efb63edcfd93ead1e2e98437c0078df05470b","backend/node_modules/mysql2/typings/mysql/lib/protocol/packets/ProcedurePacket.d.ts"
"00b596fec8d8c420c1d5ddc4e0c7d0aecd25dc3b","backend/node_modules/mysql2/typings/mysql/lib/protocol/packets/ResultSetHeader.d.ts"
"d9cac1b4c49f32f1c0f30ddc3be01ceca956bfba","backend/node_modules/mysql2/typings/mysql/lib/protocol/packets/RowDataPacket.d.ts"
"352abd250a4557cf3912612b6aa457bb082aab8a","backend/node_modules/mysql2/typings/mysql/lib/protocol/packets/index.d.ts"
"4a299bdcbd3be2d66a3820ba234818d2161c883b","backend/node_modules/mysql2/typings/mysql/lib/protocol/packets/params"
"dece3dbf43a19e3b59599af6de701aa4616a0f6c","backend/node_modules/mysql2/typings/mysql/lib/protocol/packets/params/ErrorPacketParams.d.ts"
"a5d2d00a941dfd30bb0f523b6dcf71c83e4aa5ae","backend/node_modules/mysql2/typings/mysql/lib/protocol/packets/params/OkPacketParams.d.ts"
"8c8c92a586ef3ee5bb3735dd5aa14e4e48f14a1f","backend/node_modules/mysql2/typings/mysql/lib/protocol/sequences"
"81e2802e35e51f8fb41b7a178f88a6bbafd6337b","backend/node_modules/mysql2/typings/mysql/lib/protocol/sequences/ExecutableBase.d.ts"
"e8c69dc3f68c24361fec54e7e59d73e2693e659a","backend/node_modules/mysql2/typings/mysql/lib/protocol/sequences/Prepare.d.ts"
"a2d2ada6fabdce4c8751b4ef4ec06b551692942a","backend/node_modules/mysql2/typings/mysql/lib/protocol/sequences/Query.d.ts"
"7d448ff54dc9c55e8a5f767e677a23869b9130b6","backend/node_modules/mysql2/typings/mysql/lib/protocol/sequences/QueryableBase.d.ts"
"05c91c3eb8610b0eb194f7da96a3eab6f535eb8d","backend/node_modules/mysql2/typings/mysql/lib/protocol/sequences/Sequence.d.ts"
"aee3a120b774dde409b04742720edddb1d84cd33","backend/node_modules/mysql2/typings/mysql/lib/protocol/sequences/promise"
"d96602cf42f92743c0b119ead87a5d2445d047c0","backend/node_modules/mysql2/typings/mysql/lib/protocol/sequences/promise/ExecutableBase.d.ts"
"d3ca021c49fca000ba024937340bd780c64f8746","backend/node_modules/mysql2/typings/mysql/lib/protocol/sequences/promise/QueryableBase.d.ts"
"effc835c00faee15867707e2f9e4696bb4d4aa07","backend/node_modules/named-placeholders"
"bc0223fcb0c3d588c073cd53c1028778942f9e5f","backend/node_modules/named-placeholders/LICENSE"
"5b88730f3283e7128cdbc9b779c6a19ac7024b50","backend/node_modules/named-placeholders/README.md"
"3524ef5d334c1c8af3c271b2082b419e95bf8af6","backend/node_modules/named-placeholders/index.js"
"3b7c987ebe0d858bb71ace242c670000a8f5eb31","backend/node_modules/named-placeholders/package.json"
"464a0190bb250fb40878c6bc423cc387a6cb3eda","backend/node_modules/negotiator"
"63d537d3f681143b17f9250b199a865297b020be","backend/node_modules/negotiator/HISTORY.md"
"ea6b9e2e9ac251526c95df2dd995cf5f1e861854","backend/node_modules/negotiator/LICENSE"
"6fb7f2db31e670a487e3aa21a99fdc9c3978e6be","backend/node_modules/negotiator/README.md"
"4f51315d6af4bda48533904adf1c530d1ac95a4a","backend/node_modules/negotiator/index.js"
"5f2eade41bb753be2af7c1311da8689714e6b4c6","backend/node_modules/negotiator/lib"
"cdd014803474a4b76b981c475a32ebcaa81a36e5","backend/node_modules/negotiator/lib/charset.js"
"9ebb633d67743316863baf3504bfe1d47d53b033","backend/node_modules/negotiator/lib/encoding.js"
"a23167252719be841ad570eb655a703a4ae8fe9e","backend/node_modules/negotiator/lib/language.js"
"8e402ea88394c040bf5964f65b8eba33b50bd4a1","backend/node_modules/negotiator/lib/mediaType.js"
"e4bdc1ef4f74812bfc15dbd980eab1f57282b753","backend/node_modules/negotiator/package.json"
"7c6290592f22615daf82b5d019711b3a5b470c80","backend/node_modules/node-cron"
"3da3ff00b8c424d9fdfaef27b0ddfa0fb075f013","backend/node_modules/node-cron/LICENSE.md"
"8c1c3cc52df05e3e46fafa9f5783908e5f81c025","backend/node_modules/node-cron/README.md"
"3a9af996757557e9967e9636fca1409fb02ce4e5","backend/node_modules/node-cron/dist"
"bb8a0e2ce9924b09143a2aec2f352713dadb5475","backend/node_modules/node-cron/dist/cjs"
"039b33a7bf534722211e244f311613d326ea9e47","backend/node_modules/node-cron/dist/cjs/create-id.d.ts"
"380ff18cfe6894a052859f1533005e0d4986a5b2","backend/node_modules/node-cron/dist/cjs/create-id.js"
"56bbebe751c327619567d9eba8b09a29346a0b92","backend/node_modules/node-cron/dist/cjs/create-id.js.map"
"2acbdf9815960720595251fc796725a063d8123e","backend/node_modules/node-cron/dist/cjs/logger.d.ts"
"e876e9b169b60a86748c4de3d1a3b6e2aab6d5b9","backend/node_modules/node-cron/dist/cjs/logger.js"
"0f576ae304bb90570a2b07680a6a9de048093b0e","backend/node_modules/node-cron/dist/cjs/logger.js.map"
"3e221e89fd1e93deabff141a03037acf3ce1fab1","backend/node_modules/node-cron/dist/cjs/node-cron.d.ts"
"d378466c0bf8ed0074eaf0a01b0df9f52c0a0e5f","backend/node_modules/node-cron/dist/cjs/node-cron.js"
"2fbda01c7c8f09d07eae5c0f4970a00e6bf07e5f","backend/node_modules/node-cron/dist/cjs/node-cron.js.map"
"2b338c0042bc3ef7c53ae9a7a424053147be45b5","backend/node_modules/node-cron/dist/cjs/pattern"
"f7c5babad637c6bf012e405befda9d860af89517","backend/node_modules/node-cron/dist/cjs/pattern/convertion"
"01844654aa253b74ff67a1390c425a6bbb1ddc97","backend/node_modules/node-cron/dist/cjs/pattern/convertion/asterisk-to-range-conversion.d.ts"
"d5666ead573afb6d65049c73cd07db1835d57785","backend/node_modules/node-cron/dist/cjs/pattern/convertion/asterisk-to-range-conversion.js"
"882a6f9ede4c1838263dd5c39b1f5fd3c2aa84d7","backend/node_modules/node-cron/dist/cjs/pattern/convertion/asterisk-to-range-conversion.js.map"
"95697861e191d28bfc1a36eece41b9a182252575","backend/node_modules/node-cron/dist/cjs/pattern/convertion/index.d.ts"
"2c5ade7512133cda7fa6885326c9fee6564ffe1d","backend/node_modules/node-cron/dist/cjs/pattern/convertion/index.js"
"efd820f9990f21498a29698bf60da7e15bef6f3c","backend/node_modules/node-cron/dist/cjs/pattern/convertion/index.js.map"
"3204e9d47acb65862fc1cb8993dc7f01fdd052a6","backend/node_modules/node-cron/dist/cjs/pattern/convertion/month-names-conversion.d.ts"
"f69337c035ccc2877b7a2a6e5d9dd360cae8bcf8","backend/node_modules/node-cron/dist/cjs/pattern/convertion/month-names-conversion.js"
"6051f090b0dfd2519496cf8877b18bfd6b6441de","backend/node_modules/node-cron/dist/cjs/pattern/convertion/month-names-conversion.js.map"
"5877e60b11de7a9040b3a486dea4ed684266551c","backend/node_modules/node-cron/dist/cjs/pattern/convertion/range-conversion.js"
"dc42fdb52b4be9b66ee4014e53a9c038181ad373","backend/node_modules/node-cron/dist/cjs/pattern/convertion/range-conversion.js.map"
"69719a92df6f1a3309f45088aeddd55def0ff084","backend/node_modules/node-cron/dist/cjs/pattern/convertion/week-day-names-conversion.js"
"d2d6f43c0bb88b5aa27ae2a72862da4f9d844679","backend/node_modules/node-cron/dist/cjs/pattern/convertion/week-day-names-conversion.js.map"
"9e5cb4ed5102fb5f87b71460b0ea895575183970","backend/node_modules/node-cron/dist/cjs/pattern/validation"
"67115b54b6dd3b78baa21967471cff2d860ee8ee","backend/node_modules/node-cron/dist/cjs/pattern/validation/pattern-validation.d.ts"
"d64980ff42e4c116c50e80b53c8a817c8f89dcdb","backend/node_modules/node-cron/dist/cjs/pattern/validation/pattern-validation.js"
"b5c51e66ea4ab2d0f409298b82cbff95d229d9ad","backend/node_modules/node-cron/dist/cjs/pattern/validation/pattern-validation.js.map"
"242ac3f77f710adad6c01a8c3b230dcb835a8974","backend/node_modules/node-cron/dist/cjs/promise"
"a5b3d6c68e158a97bd3c374574cec2948b527521","backend/node_modules/node-cron/dist/cjs/promise/tracked-promise.d.ts"
"e81b2eff9a8679947c4edd33fae5bdbb5dc1bab9","backend/node_modules/node-cron/dist/cjs/promise/tracked-promise.js"
"d5d5c42516049404fe243244475cae3e79c36476","backend/node_modules/node-cron/dist/cjs/promise/tracked-promise.js.map"
"2f8884589827205cfc6fd5a29798cc440b39bb27","backend/node_modules/node-cron/dist/cjs/scheduler"
"2ff999c1fbc72e04a91f14a10e8674739dbd639f","backend/node_modules/node-cron/dist/cjs/scheduler/runner.d.ts"
"11ffa77a1d6bb37f68c32a6f9cbdb0262317adba","backend/node_modules/node-cron/dist/cjs/scheduler/runner.js"
"112ddfa157c7bfd75383d3931a7bd7f1c0dc64ca","backend/node_modules/node-cron/dist/cjs/scheduler/runner.js.map"
"91224ef5583796a33b382661c9108ed57ef1c213","backend/node_modules/node-cron/dist/cjs/task-registry.d.ts"
"138c30a42e42becddaf5fa96b195c0c25efcfd2a","backend/node_modules/node-cron/dist/cjs/task-registry.js"
"5ebc390efb97a0780f29a9da20d32bb949565f00","backend/node_modules/node-cron/dist/cjs/task-registry.js.map"
"48c6ed2de24692d973b7ad64afd70fcac1991b15","backend/node_modules/node-cron/dist/cjs/tasks"
"cc152d771325c0a6e9d4e297be08444f5b6802ea","backend/node_modules/node-cron/dist/cjs/tasks/background-scheduled-task"
"3af9fb8bdfd2531f97011d0161db7e626e1f9bbf","backend/node_modules/node-cron/dist/cjs/tasks/background-scheduled-task/background-scheduled-task.d.ts"
"1b9f8afb8c553cbbaf0cc52f8decc581781ed935","backend/node_modules/node-cron/dist/cjs/tasks/background-scheduled-task/background-scheduled-task.js"
"ee6ea1e74836eb6fa4715a812614a7d749bbed85","backend/node_modules/node-cron/dist/cjs/tasks/background-scheduled-task/background-scheduled-task.js.map"
"d7728e91f2f89c5d954e42c33e3ced4276d8f1af","backend/node_modules/node-cron/dist/cjs/tasks/background-scheduled-task/daemon.d.ts"
"09bc4470f52a10cc1b10d5d26d80df84e8de6b6c","backend/node_modules/node-cron/dist/cjs/tasks/background-scheduled-task/daemon.js"
"3e8325a740a08b4a5022cb2c54bf28d8be3c7d20","backend/node_modules/node-cron/dist/cjs/tasks/background-scheduled-task/daemon.js.map"
"fa69a5a9d218e56f92bd5aa7e54a4cb8302b5f02","backend/node_modules/node-cron/dist/cjs/tasks/background-scheduled-task/index.js"
"19beb394c272c7333cb5ef6ecd0202be7b757927","backend/node_modules/node-cron/dist/cjs/tasks/background-scheduled-task/index.js.map"
"e118506e64cb386acd0044167938005652cd6665","backend/node_modules/node-cron/dist/cjs/tasks/inline-scheduled-task.d.ts"
"00e9fdda3b63cda6080cfa066413a1fb25c1e247","backend/node_modules/node-cron/dist/cjs/tasks/inline-scheduled-task.js"
"e62f7a3cdd871ae3dd80b77a32c91afd61df178d","backend/node_modules/node-cron/dist/cjs/tasks/inline-scheduled-task.js.map"
"878e04b640168edefbd2987e548f057d60e97cec","backend/node_modules/node-cron/dist/cjs/tasks/scheduled-task.d.ts"
"8101c21c5f12ae1cbab7e24cc33ad1c6cb5c3fca","backend/node_modules/node-cron/dist/cjs/tasks/scheduled-task.js"
"7282f56c9a308de0736e00d59ad9ec68e6f33fac","backend/node_modules/node-cron/dist/cjs/tasks/scheduled-task.js.map"
"2f54ce1524ac4c60d212e70601e805427eadb2f6","backend/node_modules/node-cron/dist/cjs/tasks/state-machine.d.ts"
"8375037747ccc8a79e29fbdd8eb15cbb6e844418","backend/node_modules/node-cron/dist/cjs/tasks/state-machine.js"
"3b83d2a065357b0f2ec145066454acbed66ab730","backend/node_modules/node-cron/dist/cjs/tasks/state-machine.js.map"
"7f134ae9c2ff0cb35c27439cf471412c1bfee406","backend/node_modules/node-cron/dist/cjs/time"
"75b0c0b792ea5227d6e00b571c30e3eb8c2e7682","backend/node_modules/node-cron/dist/cjs/time/localized-time.d.ts"
"af2186569181c13be92dfd7d6b3f6c681c3ebdb3","backend/node_modules/node-cron/dist/cjs/time/localized-time.js"
"b53db2a903fe8335f2171cb4f7dbb3f17c347cd5","backend/node_modules/node-cron/dist/cjs/time/localized-time.js.map"
"167643007718c20e1fdb6dac0b4a45568be91cd3","backend/node_modules/node-cron/dist/cjs/time/matcher-walker.d.ts"
"8e6ff5ba0fc5fc9df81f6e5c412301aee248e413","backend/node_modules/node-cron/dist/cjs/time/matcher-walker.js"
"77f11e0060347941e2a2454ddde1ece825ef4204","backend/node_modules/node-cron/dist/cjs/time/matcher-walker.js.map"
"ed432fade1a361664a042198a3d6bb08aa588489","backend/node_modules/node-cron/dist/cjs/time/time-matcher.d.ts"
"0ebb066b7bf6f9639be2949a51f3c855966c1edf","backend/node_modules/node-cron/dist/cjs/time/time-matcher.js"
"45607135caf7bdddc1b8f066c63cf6085f0f5374","backend/node_modules/node-cron/dist/cjs/time/time-matcher.js.map"
"fea26fbd2c43bc237d082b40f659376eed6824b9","backend/node_modules/node-cron/dist/esm"
"3f43ca15cc288b6f3013b51bab0e6e3e80c062a3","backend/node_modules/node-cron/dist/esm/tasks"
"0bde826e4fcede51474c6fdd991ffc3ac4a7044d","backend/node_modules/node-cron/dist/esm/tasks/background-scheduled-task"
"4d1eb2a6cd8bb74c66cca26b4cafd95d94078cd3","backend/node_modules/node-cron/dist/esm/tasks/background-scheduled-task/daemon.js"
"3cd7fd7fffd7af43736d4276637f41570ef4f500","backend/node_modules/node-cron/dist/esm/tasks/background-scheduled-task/daemon.js.map"
"aa219d8f2aa44dc7fe6633d1ecf87ab5354ab072","backend/node_modules/node-cron/dist/esm/tasks/background-scheduled-task/index.js"
"1b17804bad5c0f2930379fd41fcff796ad21a01a","backend/node_modules/node-cron/package.json"
"6606587a49e260e3429d8643b1d66ad17dd6e536","backend/node_modules/nodemailer"
"0318d52404261711841f40ce05e9df5998e0039f","backend/node_modules/nodemailer/.gitattributes"
"391ac07a3d6e118bb2aed24b7c688b0b67cdff48","backend/node_modules/nodemailer/.ncurc.js"
"ad770c2c31ab804167557d7ecb36f6f9e397800e","backend/node_modules/nodemailer/.prettierignore"
"5e2bbe38a9f8a5ff08fe8dccb1855b1a34d4d192","backend/node_modules/nodemailer/.prettierrc"
"1a6faac392b1be03c3950ae3afbe5d626721ae0a","backend/node_modules/nodemailer/.prettierrc.js"
"6241d575e964ebe677d51cdb46ae78d87d1e3029","backend/node_modules/nodemailer/.release-please-config.json"
"c76a365b08caaa368698d86e2a3ad466b7c5d75d","backend/node_modules/nodemailer/CHANGELOG.md"
"176705796260d1e82a0f0cbd1c865c2337fc3502","backend/node_modules/nodemailer/CODE_OF_CONDUCT.md"
"fdfc9676bf9f4363b1292847d61f94a17a47618e","backend/node_modules/nodemailer/LICENSE"
"519ec15f098622edcab7568bb3fe2fc4aa1b91af","backend/node_modules/nodemailer/README.md"
"27a54d3423b4b58a7016b6bb587359f1866da871","backend/node_modules/nodemailer/SECURITY.txt"
"fde05949b0870df0aa4670ab3ef83ff1dde1977a","backend/node_modules/nodemailer/eslint.config.js"
"13bc2af4d916545d48e1bbfba8bc999d8a7d9889","backend/node_modules/nodemailer/lib"
"390c0e38c993831900afd3c0920f6c2514a97b6a","backend/node_modules/nodemailer/lib/addressparser"
"41327553b5c959f0cb68d3e4b97a655bb7198ec9","backend/node_modules/nodemailer/lib/addressparser/index.js"
"d68f1421a84f31990fb68db4d3f3c327200c647d","backend/node_modules/nodemailer/lib/base64"
"c23becc2a8fe7f088c2b9635f08e69ff5cc56065","backend/node_modules/nodemailer/lib/base64/index.js"
"d6d1e5924496facb0048e73c2c1e96a698b9d759","backend/node_modules/nodemailer/lib/dkim"
"e468652006d0e7ad2943e2609019d3a6d8a478a2","backend/node_modules/nodemailer/lib/dkim/index.js"
"8ee93d23f4df6e93d0f5abe6c8683cc4da18cbf8","backend/node_modules/nodemailer/lib/dkim/message-parser.js"
"03558e860b767dccf3d1b68d04791bc6343c4890","backend/node_modules/nodemailer/lib/dkim/relaxed-body.js"
"4a103a42a84ce9b17eaca38055948ae628161899","backend/node_modules/nodemailer/lib/dkim/sign.js"
"3bec7ffef5eec6ed74b39e003188454a1b047531","backend/node_modules/nodemailer/lib/fetch"
"917b840a61ddabab91ecdb390ce3ca6163ffc16f","backend/node_modules/nodemailer/lib/fetch/cookies.js"
"3c918ce4c9f9366e9acd574c9990cdcdeec47b33","backend/node_modules/nodemailer/lib/fetch/index.js"
"489a4ad3d49c4274fcb1429a9adc8df67c162682","backend/node_modules/nodemailer/lib/json-transport"
"769bde63f80f3becaa3a7f34d4fb54d5325a60a6","backend/node_modules/nodemailer/lib/json-transport/index.js"
"4aa0b265ef0fc595e9c9df10bbe9bb997771b715","backend/node_modules/nodemailer/lib/mail-composer"
"3079ca85642ff35cc1e1b8ea8c203edb7592c358","backend/node_modules/nodemailer/lib/mail-composer/index.js"
"3bd42762f5c6961285345b31f2316f93f2dc53b3","backend/node_modules/nodemailer/lib/mailer"
"6da313e717dff49688996ff9c16fbe972b634e44","backend/node_modules/nodemailer/lib/mailer/index.js"
"e089c10d2224620b1dabb9e7fbe13320b8d7849f","backend/node_modules/nodemailer/lib/mailer/mail-message.js"
"ac0a54e8c42437f8844bcf5dd4e023951ae3d970","backend/node_modules/nodemailer/lib/mime-funcs"
"566bcaadffd9ac1314706ba7c57feaeefe6bee99","backend/node_modules/nodemailer/lib/mime-funcs/index.js"
"eed3cd60f29ad7cff15fd864ae5ba29b64308021","backend/node_modules/nodemailer/lib/mime-funcs/mime-types.js"
"33fb588fdc6d3f5aa380762f44703c5c56aa4c10","backend/node_modules/nodemailer/lib/mime-node"
"d815543752a3a4d79a040e1c244975a7ecb7e979","backend/node_modules/nodemailer/lib/mime-node/index.js"
"5fcd057c500d14cbf0ed846d8369b345388a96d5","backend/node_modules/nodemailer/lib/mime-node/last-newline.js"
"5feacd3c58bb898068526dd5fb5f7595bb3f1d12","backend/node_modules/nodemailer/lib/mime-node/le-unix.js"
"b156a7ce8f3ee1f111cbdeb5e48829abb9e3c684","backend/node_modules/nodemailer/lib/mime-node/le-windows.js"
"d8dcdb9b5b04b45ce6c1358f0a6f8b81b6d0c650","backend/node_modules/nodemailer/lib/nodemailer.js"
"3d4cc7d8b57283736e6e377e56768fad5e039c03","backend/node_modules/nodemailer/lib/punycode"
"cd3e494b92a04c94ab8340f48e3a6e6510b792cb","backend/node_modules/nodemailer/lib/punycode/index.js"
"af6e721d2a6ffbe358292b6f0fa51b37af9b91f2","backend/node_modules/nodemailer/lib/qp"
"c6a7adde8032d555080be397eb597c6b688fc162","backend/node_modules/nodemailer/lib/qp/index.js"
"e3f441a0ef4994bb77b2455c7d5a59c5ca3133d6","backend/node_modules/nodemailer/lib/sendmail-transport"
"b1cc13b01eac5805f825fe8cb4a4ec46f6dba9c9","backend/node_modules/nodemailer/lib/sendmail-transport/index.js"
"befe1194017512b0841dd057b0c6e65b8feb8fe2","backend/node_modules/nodemailer/lib/ses-transport"
"d2e2ccfc4c6b1d33f9fa79ba88b44113e38b1833","backend/node_modules/nodemailer/lib/ses-transport/index.js"
"e059cb1c9afc0894ece0c137d86e401f1564ca99","backend/node_modules/nodemailer/lib/shared"
"d6fced67716dc659009e07eb17a946e3408f7236","backend/node_modules/nodemailer/lib/shared/index.js"
"0c1945a894ef9d6f619ea7d575cf37474362ded0","backend/node_modules/nodemailer/lib/smtp-connection"
"5efa0878b1e7a8092103f5d70b099206cc561d0c","backend/node_modules/nodemailer/lib/smtp-connection/data-stream.js"
"64819b96fb7534d45afd9ecd8afd4fc081956019","backend/node_modules/nodemailer/lib/smtp-connection/http-proxy-client.js"
"c304e2feccb911e49a66a1477899f8f13e2f7e54","backend/node_modules/nodemailer/lib/smtp-connection/index.js"
"159cf8ec3460f644b77015cb527e487e114d398c","backend/node_modules/nodemailer/lib/smtp-pool"
"1c16a7f001fb899062e6da1f73bbc00da1d58b04","backend/node_modules/nodemailer/lib/smtp-pool/index.js"
"eae64099ca6dab5310a1aca412e6abe58cbeee6e","backend/node_modules/nodemailer/lib/smtp-pool/pool-resource.js"
"f7dda8581d38a6214457a868055e881611c34e76","backend/node_modules/nodemailer/lib/smtp-transport"
"7469ee0692ef70c426382decce1bb20dc3d597f3","backend/node_modules/nodemailer/lib/smtp-transport/index.js"
"4a643c2740559bf857b440c438250682b7939191","backend/node_modules/nodemailer/lib/stream-transport"
"1921469d461f9460decf88a82042129aecaf6d11","backend/node_modules/nodemailer/lib/stream-transport/index.js"
"7db39f6d382d578f39a4f0773e39f12e7b94ad72","backend/node_modules/nodemailer/lib/well-known"
"9fdc28fa6c53682824543cb8ffd7f2d9a826ec30","backend/node_modules/nodemailer/lib/well-known/index.js"
"89e49f412b2de89bf2e0b5597035e27c6a7b8c19","backend/node_modules/nodemailer/lib/well-known/services.json"
"368105e56940b2ed14ba6c8c6ab8ba28e272943f","backend/node_modules/nodemailer/lib/xoauth2"
"e4748c044d8fe6481cb71861c64899f74735fed1","backend/node_modules/nodemailer/lib/xoauth2/index.js"
"d5c10ca82a4f24bbdc87e5b42ff72d5f68389dd1","backend/node_modules/nodemailer/package.json"
"1b0a7455c9fa9b1f9f99f3a9c9635b6eb07c824a","backend/node_modules/object-assign"
"0930cf8890b9af66125c222c29d7bd75614ac6b4","backend/node_modules/object-assign/index.js"
"654d0bfe943437d43242325b1fbcff5f400d84ee","backend/node_modules/object-assign/license"
"503eb1e6d0f5a1404c8e7f6c09fbda7e40fd29b4","backend/node_modules/object-assign/package.json"
"1be09d35c776cc0e9cc59519c2de6b9eecf8aa68","backend/node_modules/object-assign/readme.md"
"9baa9ef5f3918328785238aa8854cc2ca286c3f4","backend/node_modules/object-inspect"
"21f903923ef11aef5d6ca8ade40028520b82a37a","backend/node_modules/object-inspect/.eslintrc"
"7f3d05c5ed2ac79c869d361c8cc97b0dbc977584","backend/node_modules/object-inspect/.github"
"730276bd121df856ede4c51d6e7b63d071242487","backend/node_modules/object-inspect/.github/FUNDING.yml"
"58a5db7834ad50f2f9a5814f49d98db106381316","backend/node_modules/object-inspect/.nycrc"
"bdf9002747e971f342607364e8557fc8bd3e80ec","backend/node_modules/object-inspect/CHANGELOG.md"
"ca64cc1e605205438cc1b04b215f6fc12ab3f039","backend/node_modules/object-inspect/LICENSE"
"5d30b6cf20343f3f694e5af80a21fca9f0440971","backend/node_modules/object-inspect/example"
"2f3355c509acd1a0e9d409f9e655939d6d18c2ec","backend/node_modules/object-inspect/example/all.js"
"487a7c169d0df8c4acb6ad02b26ce76175ecfc0f","backend/node_modules/object-inspect/example/circular.js"
"9b5db8de036ffc6718969bee9193de36409235aa","backend/node_modules/object-inspect/example/fn.js"
"e2df7c9f471356c48f14e7af2813119ffb6854bb","backend/node_modules/object-inspect/example/inspect.js"
"a4b2d4cd850adb5cda64eb9e5692457a73c0947e","backend/node_modules/object-inspect/index.js"
"5cc12d0585a386018d3c486be5a841d8377d15db","backend/node_modules/object-inspect/package-support.json"
"9fd97ff7523f106de04c47adf74aa3a36db8dbbd","backend/node_modules/object-inspect/package.json"
"f91617df32a3c8b9ffa23300ad26ca918bca13aa","backend/node_modules/object-inspect/readme.markdown"
"e53c40022533f691fd17d623cd24a8ecb5a82669","backend/node_modules/object-inspect/test-core-js.js"
"8bce1c20722d52d7cca401e706af8114cd161b97","backend/node_modules/object-inspect/test"
"4ecc31df8ab3fd311570d866b418514d159abfde","backend/node_modules/object-inspect/test/bigint.js"
"272954afc3b61caa555d39ce1fc93cdb440fd97a","backend/node_modules/object-inspect/test/browser"
"210c0b233e9f72c5733ef80fa38a3e8a315e5c29","backend/node_modules/object-inspect/test/browser/dom.js"
"5df4233cb202efc92a8e874ef74f0c69d6ac29d1","backend/node_modules/object-inspect/test/circular.js"
"99ce32a088f90f217c1e4b001f4e41d3ddd4f3ec","backend/node_modules/object-inspect/test/deep.js"
"47fa9e240029eb6fa2906727e20ec843fc3b6308","backend/node_modules/object-inspect/test/element.js"
"cc1d884abdc52c8b5443b6212ab1d0d886ce9c33","backend/node_modules/object-inspect/test/err.js"
"a65c08c15a6e4c9c5500cbbb7a2b01327a5a8c4b","backend/node_modules/object-inspect/test/fakes.js"
"de3ca625e73adcabc8570a11318504d8d6aa6806","backend/node_modules/object-inspect/test/fn.js"
"c57216aebd518555d0ba6e6677238b6cf4aee59d","backend/node_modules/object-inspect/test/global.js"
"01800dee6b07894536485e9a23ca6cda472984a2","backend/node_modules/object-inspect/test/has.js"
"87fc8c84aedf765a2c908f451564e54ac27dcb85","backend/node_modules/object-inspect/test/holes.js"
"89d8fcedfa318ca67c9ba8fe694ba06fd2b47044","backend/node_modules/object-inspect/test/indent-option.js"
"1abf81b1f00b305519e52fe74477b2c5b71803c7","backend/node_modules/object-inspect/test/inspect.js"
"68a345d8578004506a45296d6de9e091b7811272","backend/node_modules/object-inspect/test/lowbyte.js"
"8f287e8e2ab93785108de2e82e5b359ffb524f02","backend/node_modules/object-inspect/test/number.js"
"da23e630cfcf0b2bcd6d5e90becc09d714f46d7b","backend/node_modules/object-inspect/test/quoteStyle.js"
"95f82703d08f358b00f180c7b479b9f33dff3dac","backend/node_modules/object-inspect/test/toStringTag.js"
"e3f4961229c249a1d4f242d415b5193fc0ad5056","backend/node_modules/object-inspect/test/undef.js"
"15986cd0edbb8218fdd4fe8f414b4e27b5767b1e","backend/node_modules/object-inspect/test/values.js"
"7784fab55d08875a01b24636f3a541c3d0bd39b2","backend/node_modules/object-inspect/util.inspect.js"
"2c5ac3f59b3e7298a0053ebc9ae593edc8230547","backend/node_modules/on-finished"
"1917595a714e11049ec9402d87aa625c68caa080","backend/node_modules/on-finished/HISTORY.md"
"5931fd23eab9dd3be559cd4bd81253df87a5297c","backend/node_modules/on-finished/LICENSE"
"8973cded6589a6cc5a9e1718e3fb0d709fe6e8d8","backend/node_modules/on-finished/README.md"
"e68df7bde39bb47aa1fd7eff4b317b3969de75bd","backend/node_modules/on-finished/index.js"
"644cd814b9d745714e4d16753de8bc8856e201e4","backend/node_modules/on-finished/package.json"
"841601c2984717897e2c4e594feabf41cc068085","backend/node_modules/once"
"19129e315fe593965a2fdd50ec0d1253bcbd2ece","backend/node_modules/once/LICENSE"
"1f1ffca9330e3ceddd54106e1ba63322fc9751f8","backend/node_modules/once/README.md"
"235406736d9d9485bbc0dd0820dd661110da7a4d","backend/node_modules/once/once.js"
"16815b2fa111936c9681a1b76c5fce98421c1631","backend/node_modules/once/package.json"
"90347937f07c218d83c3e231de6ca4f07c7b8f74","backend/node_modules/parseurl"
"8e409541d855de232cc24d29524282441d11cbc7","backend/node_modules/parseurl/HISTORY.md"
"27653d3db7e584321691af8f1bc30d49fe105d3e","backend/node_modules/parseurl/LICENSE"
"443e716b85dc54a70d063109d4e9afa39022989d","backend/node_modules/parseurl/README.md"
"ece722327959f3bd9721488a035947387f1c1db1","backend/node_modules/parseurl/index.js"
"6b443ca7a84aa09444101a104dd8f8946dc9fa58","backend/node_modules/parseurl/package.json"
"397b9367006d153fa2f3e304f48a252e974595f9","backend/node_modules/path-to-regexp"
"983fbe8aec3f4e2d4add592bb1083b00d7366f66","backend/node_modules/path-to-regexp/LICENSE"
"f5df40a9adbcaaff172645e21defd845a0c21deb","backend/node_modules/path-to-regexp/Readme.md"
"871993e6f2048b7e1fc0c8facb4d1f7439da9b68","backend/node_modules/path-to-regexp/dist"
"b59dff0e2901335e6b36a901b13b2d080d8619b1","backend/node_modules/path-to-regexp/dist/index.d.ts"
"9331ae06722aa7c9642620135b1f71520bde8d63","backend/node_modules/path-to-regexp/dist/index.js"
"ec14c730a6dc131a198d6d7c0de206dddbc6b5f6","backend/node_modules/path-to-regexp/dist/index.js.map"
"7ae266ef77f77e7341bfc43d6624a7f80848369e","backend/node_modules/path-to-regexp/package.json"
"c9fc2a068562b0c3fcf3936911f58fe126919b1a","backend/node_modules/path"
"b512c09d476623ff4bf8d0d63c29b784925dbdf8","backend/node_modules/path/.npmignore"
"e3d4e695a4cff2bf9c1da6c69841ca22bc9f0224","backend/node_modules/path/LICENSE"
"f5227af4290e2b83d7bde3dae8f59fba1900ed41","backend/node_modules/path/README.md"
"21fcdb4416ca9b595e9d301a62caea45fe041028","backend/node_modules/path/package.json"
"937bc792cd61357f5c7a36f943e3207c091cb656","backend/node_modules/path/path.js"
"872d4f4f1668b0c457e40ca6f8ba1ae939535a02","backend/node_modules/process"
"1e7aab73e5378abc30b592ce24d87ad64a7a1142","backend/node_modules/process/.eslintrc"
"b8c1246cf49cbdc3084c7b33f69ec64cb019a42a","backend/node_modules/process/LICENSE"
"6570729b2d6a385662f095a9afb3f760798440b3","backend/node_modules/process/README.md"
"d059362306586e0ed53170099e2e34aa7c756adb","backend/node_modules/process/browser.js"
"8d8ed7df45bb87f0acbfde8c1bf04755149505cf","backend/node_modules/process/index.js"
"d2cfaade44177ae54f02a65c33926eeb7929d83e","backend/node_modules/process/package.json"
"8ba579c0a20267d36e67ccfd03ee3a4d7e3474bd","backend/node_modules/process/test.js"
"33a1c8fe4242319c176f1d70a64e8e7cded8bdd5","backend/node_modules/proxy-addr"
"8480242a0c43af25ec8d685e941b6a79a65c8fb4","backend/node_modules/proxy-addr/HISTORY.md"
"69c0b63eab22e32821df374c5e84a37c665c28c3","backend/node_modules/proxy-addr/README.md"
"a909b05064a377ed49b5aea673d0849970f050e9","backend/node_modules/proxy-addr/index.js"
"24ba8f7db3cf17d87cff4bd53977b5239d459f90","backend/node_modules/proxy-addr/package.json"
"41e44fc676bb315acb2f901d154200bc3862f275","backend/node_modules/proxy-from-env"
"a51449b2b80363157f6e8d39aeead6ee9d519a01","backend/node_modules/proxy-from-env/.eslintrc"
"64a05f94bdbc1ee45a0cb091d3fc670fad3ba2c1","backend/node_modules/proxy-from-env/.travis.yml"
"8f25097d09bd0a3dbb721a264d41c3234b9ae368","backend/node_modules/proxy-from-env/LICENSE"
"e82520c166537d927e77bd3550697c3bb9073bba","backend/node_modules/proxy-from-env/README.md"
"df75004aed7007aaf4624aaa1847a6fedc1bdf09","backend/node_modules/proxy-from-env/index.js"
"be2b845b25ef5faa11e8e3ba2f1a11fcb5f8a2e6","backend/node_modules/proxy-from-env/package.json"
"abf65423daa021188553fbad8f39820c73949f9b","backend/node_modules/proxy-from-env/test.js"
"fc4bcb9d514474b879b1ea861a3e5da97dfe9c1d","backend/node_modules/qs"
"6adecfbf4cb35b0a10ffc1a5d01713a1b8822a7a","backend/node_modules/qs/.editorconfig"
"a89f60e68484ffa9439bf9db13587898a1511e1c","backend/node_modules/qs/.eslintrc"
"4eb8f318b0b226083c89f4356adf82938d6da20c","backend/node_modules/qs/.github"
"0355f4f5fbecd763def967aca1130cd2dfbb3479","backend/node_modules/qs/.github/FUNDING.yml"
"1d57cabe1b647c742d82f896933bf4af5dfcdc0d","backend/node_modules/qs/.nycrc"
"dc8e879410f0eab9485e2df9c1d53e861394a261","backend/node_modules/qs/CHANGELOG.md"
"fecf6b6942d17bc7ae41a5e106dc98815c0db652","backend/node_modules/qs/LICENSE.md"
"22c411dfecac6adc7e821b34f5c44b0d2c815f78","backend/node_modules/qs/README.md"
"d393e2c4fd281a7b06b91b6c8377f4fca9e54e2d","backend/node_modules/qs/dist"
"f37989a5ab995ee5e5e7fe02e1d9bccd4ad3073f","backend/node_modules/qs/dist/qs.js"
"d043ccc68ba6f026b5a1e999f69039416b52d6ac","backend/node_modules/qs/lib"
"f36cf206b90ff764e9709be64d57f6da60b6307e","backend/node_modules/qs/lib/formats.js"
"0d6a97dcf096449e7100cb63bb05f232a7f790a5","backend/node_modules/qs/lib/index.js"
"d25be0010eb7d5db942242e468c09f9419c8c518","backend/node_modules/qs/lib/parse.js"
"2666eaf9c6a3cc03840c5b56011a24c345927fc0","backend/node_modules/qs/lib/stringify.js"
"2905ff0177dff27ee130cdef0486bae9ead72c7d","backend/node_modules/qs/lib/utils.js"
"e4144d085eb634e3aafbcd97e96a35431d390214","backend/node_modules/qs/package.json"
"b5020636ea8e1070e58a187d698049ac41395e38","backend/node_modules/qs/test"
"2b1190ef5a4fe07d96e137a062a5eb41c1170e35","backend/node_modules/qs/test/empty-keys-cases.js"
"32cdfd8e9770da36427f05f63fb92cb89b3c8bc6","backend/node_modules/qs/test/parse.js"
"72531441c2b861baa29813894cc5a3b1c16e1b8a","backend/node_modules/qs/test/stringify.js"
"3933516558a07e47c96ecf8d194bde1b920280f8","backend/node_modules/qs/test/utils.js"
"7902780a4b0292900496c1ff2fda992c1468ce6d","backend/node_modules/range-parser"
"70a973d800ef108fda6ee25ad76ec626594b656d","backend/node_modules/range-parser/HISTORY.md"
"359995436311ca2c69c0d05c1b7ad389aa63e9b9","backend/node_modules/range-parser/LICENSE"
"c247e826e67075a49071a07f830fadc62d28d86a","backend/node_modules/range-parser/README.md"
"b7dc5c0f15fe00172c496cae3bc48f238a3a8469","backend/node_modules/range-parser/index.js"
"abea6d852e9baa772152be996c4a6ed5b2e8e514","backend/node_modules/range-parser/package.json"
"5a0ee42ca3d7c4dd6f33a8e5a9dd28c01d5a199c","backend/node_modules/raw-body"
"1da8fb8b3241979dbd22190eb671f761df3c4a9c","backend/node_modules/raw-body/HISTORY.md"
"1029a7a7c79e867208857f4830072b35229b8844","backend/node_modules/raw-body/LICENSE"
"d9b36d611830efeaae613bd8dff4082d7fd55971","backend/node_modules/raw-body/README.md"
"2421efc4b12f32ab85d704489d910da9d1a0aa40","backend/node_modules/raw-body/SECURITY.md"
"b5046118c30938a4a804606d2d846358f331b4a3","backend/node_modules/raw-body/index.d.ts"
"9cdcd12217303cdbbf1c2524978db7ba3379555e","backend/node_modules/raw-body/index.js"
"80b777b38c77bb0417eb993e97b4b9c6e3400894","backend/node_modules/raw-body/package.json"
"c9f8c6ec6eb2aeacbe12beec6bd6191c387b2f81","backend/node_modules/readable-stream"
"f478d58dca85b2c396e2da8a2251be0071c4e9e0","backend/node_modules/readable-stream/CONTRIBUTING.md"
"16ffb93f24bece9519cc4a220a0c1d3c91481453","backend/node_modules/readable-stream/GOVERNANCE.md"
"2873b3b2e595072e66330369d83e8af46655970c","backend/node_modules/readable-stream/LICENSE"
"19117c1a059d1bfa7c6ff04d430bf21bb05b0621","backend/node_modules/readable-stream/README.md"
"fb8e73e1893b100932468397b89076261f47ae61","backend/node_modules/readable-stream/errors-browser.js"
"8471526d6e7f752d581942611d749ef6355ad1f5","backend/node_modules/readable-stream/errors.js"
"78e841495bf24d46a2995496bdf2816935b1e66e","backend/node_modules/readable-stream/experimentalWarning.js"
"295ffaee105efa144756fc0af48e61c3e681fd15","backend/node_modules/readable-stream/lib"
"19abfa604d5ef7bf3646c1a70a848c3f0df8105a","backend/node_modules/readable-stream/lib/_stream_duplex.js"
"24a6bdde2903fac66f638e578b831a7600761207","backend/node_modules/readable-stream/lib/_stream_passthrough.js"
"df1f608d532606ba1df4eeaf3b6f577791dcd9ad","backend/node_modules/readable-stream/lib/_stream_readable.js"
"1ccb7157be8b8c35df891c2c0905685a144a2e9a","backend/node_modules/readable-stream/lib/_stream_transform.js"
"292415e23a192be6b7a7f35db37befa489117552","backend/node_modules/readable-stream/lib/_stream_writable.js"
"d7ec2f2683781a988626980b7ec7de61d90afb11","backend/node_modules/readable-stream/lib/internal"
"008f1ce4da3bc34213fa6033ca53a592c44fe78e","backend/node_modules/readable-stream/lib/internal/streams"
"742c5a4674794d9e7667c02dcbeb44bf8001b4d6","backend/node_modules/readable-stream/lib/internal/streams/async_iterator.js"
"69bda497d35f347f1a510eef0fe2408e8d31923c","backend/node_modules/readable-stream/lib/internal/streams/buffer_list.js"
"31a17c4dc463880722098b62598fe21bc9672132","backend/node_modules/readable-stream/lib/internal/streams/destroy.js"
"59c671b5af769bc5797843837056ae419ab22e80","backend/node_modules/readable-stream/lib/internal/streams/end-of-stream.js"
"a4ce56f3c90f60d3416e8e0328375c4b20213872","backend/node_modules/readable-stream/lib/internal/streams/from-browser.js"
"0a34ee92e3df85fd31734c3d95a43697df8fbbb9","backend/node_modules/readable-stream/lib/internal/streams/from.js"
"e6f39241f98dd890dda9d4dbea076540ed43cabc","backend/node_modules/readable-stream/lib/internal/streams/pipeline.js"
"3fbf8927e00179deca5a8855b4b4c17da9450676","backend/node_modules/readable-stream/lib/internal/streams/state.js"
"9332a3fdae7060505c0a081614e697fa6cb56dc0","backend/node_modules/readable-stream/lib/internal/streams/stream-browser.js"
"ce2ad5b6ee57f4778a1f4838f7970093c7941c1c","backend/node_modules/readable-stream/lib/internal/streams/stream.js"
"ade59e71aa0f170b4ec49a32cf0d04ab5f73ad86","backend/node_modules/readable-stream/package.json"
"adbf60de832f9d6e066625f09d708670291e1bfd","backend/node_modules/readable-stream/readable-browser.js"
"9e0ca120ded827e5ba3343f826fa7462a841e092","backend/node_modules/readable-stream/readable.js"
"1bc50317c48b8347d13eb12ff0087d5a28b1ff14","backend/node_modules/redis-errors"
"7eee456ed70a7daa36a5a291db585b1f52d1705f","backend/node_modules/redis-errors/.npmignore"
"14cc8409b09ba9d1d46a96bc63198249ce21f5cb","backend/node_modules/redis-errors/LICENSE"
"b470d290ef2acfa0c113d6dd575ae5de4ef638ef","backend/node_modules/redis-errors/README.md"
"84323b4528a0b5012351dcb4e33b4c4d44b836a7","backend/node_modules/redis-errors/index.js"
"d78aa4e4e24c20bb1e5a813a8d1c23b2330b2fac","backend/node_modules/redis-errors/lib"
"0f1d1db1f6a1289622441d99023961c9c7ffa4c5","backend/node_modules/redis-errors/lib/modern.js"
"76fc6dec3f02a141e6dc38dc2e92d93cdc03c420","backend/node_modules/redis-errors/lib/old.js"
"cdf45baf8643dfaaa0a4439d98e6e2d58a0874f9","backend/node_modules/redis-errors/package.json"
"f282ca7e3d07c5872d54727227fcf2b54db4c4c4","backend/node_modules/redis-parser"
"af7d371ecd16a9423928b8cd70398ba99e98c2bc","backend/node_modules/redis-parser/.npmignore"
"39d23f86bb8cc479558c2bd14949b38f7f2950b8","backend/node_modules/redis-parser/LICENSE"
"1d9c27d4896dd175d4cd740dc9bedcffac4a8fc5","backend/node_modules/redis-parser/README.md"
"551b9b59cd85943f59d872b34e7b1d33573e9a1e","backend/node_modules/redis-parser/changelog.md"
"f5de3768f4e753cf10922e5718573b20ecc954f2","backend/node_modules/redis-parser/index.js"
"f63f52cc8702cb89fdbefe44aca9f7df4669f54f","backend/node_modules/redis-parser/lib"
"5d2532ad63511a12da2fc6512d8e5a74e925ffb9","backend/node_modules/redis-parser/lib/parser.js"
"0c3287b21807ecac80892fe5dc45a1c7dde3ccc9","backend/node_modules/redis-parser/package.json"
"d197b4c75a2aa7c0716f021aefe442130ed3766d","backend/node_modules/router"
"b292257a44b2de8d9d5ea67ed958d1bd9bf7ab9b","backend/node_modules/router/HISTORY.md"
"237e1b67d3b34c1ea0b860e578694cae98fc7903","backend/node_modules/router/LICENSE"
"218fd5720f0dba9a507306325ff9e654a44918ce","backend/node_modules/router/README.md"
"4358aebddff7d665ae2012eb0ed4efaf95c2b2c8","backend/node_modules/router/index.js"
"3e41168bf5d635bc6281f84a52a72b36aaa0db5e","backend/node_modules/router/lib"
"6a4408ff3499e63fe95f77d50f11989a39cea860","backend/node_modules/router/lib/layer.js"
"1887d7898ca101e3caa9128ab679a57065686be9","backend/node_modules/router/lib/route.js"
"123eca28ee23642d490965db4fbfc28f7cb98d35","backend/node_modules/router/package.json"
"9e1669e4dae28fc66f9860b3769d9041e84f3721","backend/node_modules/safe-buffer"
"0c068ceecbd48fc4e8279e6451793fec2bf12178","backend/node_modules/safe-buffer/LICENSE"
"e9a81afd0406f030ba21169f0c7a1dba70b3a93b","backend/node_modules/safe-buffer/README.md"
"e9fed809a5ab515658d6e71f7ba5f631be769be4","backend/node_modules/safe-buffer/index.d.ts"
"f8d3ec98852f449b44b7d89fc82bae737c69f3fc","backend/node_modules/safe-buffer/index.js"
"f2869e256477a974a2a5b97a5d1c2e8f875183a8","backend/node_modules/safe-buffer/package.json"
"de9a587322cc607af7656f91cf4cc76d6c05ea61","backend/node_modules/safer-buffer"
"4fe9e6f10036e619c2407f08ead54802bbfbcbd1","backend/node_modules/safer-buffer/LICENSE"
"68d86bab032fabc624b2e312ec3a87666a12b07c","backend/node_modules/safer-buffer/Porting-Buffer.md"
"14b0822909320ff4ffafb1526212866f159470c5","backend/node_modules/safer-buffer/Readme.md"
"ca41fdc549b6553e811d35e44730a51bec68be99","backend/node_modules/safer-buffer/dangerous.js"
"d452b04aef3bb41ead6816e2b5de24f27279680c","backend/node_modules/safer-buffer/package.json"
"37c7e1aa6cbd4effd94ee28bd7b0655756b80cea","backend/node_modules/safer-buffer/safer.js"
"7ed2777c92a7991807c516027d5f73d0b47e781b","backend/node_modules/safer-buffer/tests.js"
"eca122d91dd3eeaea895040faa1e948d4579f025","backend/node_modules/send"
"958b93443f12581196eeeb5b24ac90cdbcefbb27","backend/node_modules/send/HISTORY.md"
"b6ea1c1fd44ff6f4af6a8e4e5d4793004b9e8524","backend/node_modules/send/LICENSE"
"350fccd5aa88fb0a855d182db3073b17991b6cc2","backend/node_modules/send/README.md"
"1655053d15ca7d95cc1d3442d16f83c12ab68b66","backend/node_modules/send/index.js"
"d6a969aa4d07f7cbdab34b253fb4872843224cf3","backend/node_modules/send/package.json"
"ef2b80b871a6a62ca1ac657380f617ae244e55d9","backend/node_modules/seq-queue"
"bb3389c1dee78aa1b5496e738666ddfd497cea08","backend/node_modules/seq-queue/.jshintrc"
"399566564da66b42a23073de061cf9d9e79c41d7","backend/node_modules/seq-queue/.npmignore"
"5174d2383cf4861a0e1950ca3dc29fcf07cf22fe","backend/node_modules/seq-queue/AUTHORS"
"d4e3221079a64ce934e2faa3433c80823ceab373","backend/node_modules/seq-queue/LICENSE"
"76354eab1e4bcf289dcab8052c7e32aa19da9d8b","backend/node_modules/seq-queue/Makefile"
"4f21a7158dc0a11f0df0021fea4f3eced21e6511","backend/node_modules/seq-queue/README.md"
"51029d82da269ef3e8954f4bdea22acff6eb886c","backend/node_modules/seq-queue/index.js"
"e9da4610a8a2ed9d8cf9ac5756325815440514d8","backend/node_modules/seq-queue/lib"
"f13f285e4b0429e67dfddaab6c1b8df29fc06140","backend/node_modules/seq-queue/lib/seq-queue.js"
"ec02f3abc23aac13b268a5181c389ce728cbcdf5","backend/node_modules/seq-queue/package.json"
"6eafe4b043bfcc34d0e9e48066ac0561538aa358","backend/node_modules/seq-queue/test"
"d91724adca0fdefa2e705a1fe7e37b56b6f9303b","backend/node_modules/seq-queue/test/seq-queue-test.js"
"cec2e87c350565b8401cd26ef256874ff2714285","backend/node_modules/serve-static"
"a3f174ec8187a967be2ce13e21c259e23e7aced3","backend/node_modules/serve-static/HISTORY.md"
"cbe62e8e7f20b6aa70e4d138b1503837ae4e5f95","backend/node_modules/serve-static/LICENSE"
"70f01c319875b608a724c51c1573b49d64783ae0","backend/node_modules/serve-static/README.md"
"1bee46378e2739aa85ba83948671aa0e2a2fb569","backend/node_modules/serve-static/index.js"
"38d3365801c1fe897237f689f266fdcbd794d800","backend/node_modules/serve-static/package.json"
"52d456e1aa382ca2f0274a26ccfc38be968c89fb","backend/node_modules/setprototypeof"
"61afa2f18532ecd749469c7d9bdd15940a852f5f","backend/node_modules/setprototypeof/LICENSE"
"791eeff0c094d51fc53009527cd13884666987ef","backend/node_modules/setprototypeof/README.md"
"f108ecd0a8ca1ec609529d3a0b76106c48e418a0","backend/node_modules/setprototypeof/index.d.ts"
"c5270551e93921ccd9eda9ce2b33e54490e57f05","backend/node_modules/setprototypeof/index.js"
"f20915bea42e4016313176f9e8c1a154f457db3d","backend/node_modules/setprototypeof/package.json"
"cc97a50ab0bda37820def0ff57683e528be4389c","backend/node_modules/setprototypeof/test"
"afeb4ddb2921824491502d0f68a0a3a44cf28aa1","backend/node_modules/setprototypeof/test/index.js"
"0f02412dc795854716216b88b2c9b49d2a99373f","backend/node_modules/side-channel-list"
"72e0ebaa7f319d2bde03e55c8e58748245095f06","backend/node_modules/side-channel-list/.editorconfig"
"93978e7d5b3d62d16972e7951ff9f683c7a006e4","backend/node_modules/side-channel-list/.eslintrc"
"5b6191264a71b599fdbf9c27aa4bbc1c7b793f75","backend/node_modules/side-channel-list/.github"
"eaff73503c08b845400cd863481308e197f74fe6","backend/node_modules/side-channel-list/.github/FUNDING.yml"
"2ec51b76932614d13cc2a274530aa86ac8ba469f","backend/node_modules/side-channel-list/CHANGELOG.md"
"d9c7a1373440a10641c8a48daf6707b3b3e132b0","backend/node_modules/side-channel-list/README.md"
"c9cabc843d734f3dfef592abddf5c66b225472d2","backend/node_modules/side-channel-list/index.d.ts"
"8d6f98ca19971b02bfdbfe4909a2532a3d25b2f0","backend/node_modules/side-channel-list/index.js"
"2c759e2532dc7274c4ddd71b3f96d06a1390eaa8","backend/node_modules/side-channel-list/list.d.ts"
"ba0f5c581f19f6f058e1237c046969655d1a83d9","backend/node_modules/side-channel-list/package.json"
"a3d098b45f77545f8975e485c7c4ef24686545e3","backend/node_modules/side-channel-list/test"
"3ad4368794e0f6996bb27f9c93ea1fddae3b8ff9","backend/node_modules/side-channel-list/test/index.js"
"9211ac55353317c9139c79e358815e78da765114","backend/node_modules/side-channel-map"
"d879a5f5c1a72171d3b0ac5abdbea591644ba173","backend/node_modules/side-channel-map/.github"
"f2891bd6278901f51a71a134b8b3734c49fe11de","backend/node_modules/side-channel-map/.github/FUNDING.yml"
"b6ccea906b109d2fbdeab5033ef37fcf3c677451","backend/node_modules/side-channel-map/CHANGELOG.md"
"8fa6f77f07d10658117ff4f4ed4af647e3bd7c40","backend/node_modules/side-channel-map/README.md"
"de33e899e66db27eac77bb85d1b8afe183272e85","backend/node_modules/side-channel-map/index.d.ts"
"e111100bfd6cc8b296a20276d8238e3a910f676d","backend/node_modules/side-channel-map/index.js"
"18e80805905c32cf286aa286e1a0c8f8248ec574","backend/node_modules/side-channel-map/package.json"
"a8177ef90ef1890716d3f58d82e7979c359b2e14","backend/node_modules/side-channel-map/test"
"17433239ee490b8f734c5c60198eae699e201c65","backend/node_modules/side-channel-map/test/index.js"
"74b3fab6eeab5751cd3920efeab9a6437518e749","backend/node_modules/side-channel-weakmap"
"9b13ad8ba555410581c1b389ca2cdfbd9d91310d","backend/node_modules/side-channel-weakmap/.eslintrc"
"c2b644c9e34c62be9c4d16e9ebfbabafdb347c5c","backend/node_modules/side-channel-weakmap/.github"
"2ae71cdb9425d0394e2ee363df151086c081c4c9","backend/node_modules/side-channel-weakmap/.github/FUNDING.yml"
"aba7ab0412975a41899d61be28ff104c1db3fbf8","backend/node_modules/side-channel-weakmap/CHANGELOG.md"
"3900dd7e2ffe6d5205fde1cd3f890aa51ea36234","backend/node_modules/side-channel-weakmap/LICENSE"
"856ee3643b0832a52930b5e346539d9593640094","backend/node_modules/side-channel-weakmap/README.md"
"ce1bc2a4ae2ea0be0eac679b305b6d20d69a7793","backend/node_modules/side-channel-weakmap/index.d.ts"
"e5b8183d9717d5917efee321be4bf12c01c025cb","backend/node_modules/side-channel-weakmap/index.js"
"9ef6583335d8670f8f86c7508cd047c6ae224a68","backend/node_modules/side-channel-weakmap/package.json"
"3f3c6aaf766d2662295a3c3b4a10d7281029afa4","backend/node_modules/side-channel-weakmap/test"
"a01248b5729c1308909cdd62a8344b8de9b19c89","backend/node_modules/side-channel-weakmap/test/index.js"
"fe8bca68c279dc2652523c1c6e74a2ad8340a761","backend/node_modules/side-channel"
"eff903bc15368cd7d794a354ce6792fad1851573","backend/node_modules/side-channel/.github"
"2a94840c6ee509fc0eee1ca4574deea75163df27","backend/node_modules/side-channel/.github/FUNDING.yml"
"58e378c7266f1c80e95f64cf76f436d632b68b9d","backend/node_modules/side-channel/CHANGELOG.md"
"cc7e10358414a4f40eede8eef710c846c3dcb59a","backend/node_modules/side-channel/README.md"
"18c63171cfd927fd9d4d69a89d2c360c81df67c6","backend/node_modules/side-channel/index.d.ts"
"a8a9b0559a329d2057e3d758bb48203369cd77d6","backend/node_modules/side-channel/index.js"
"30fa42cd86682a8ddf0b3b6817236ca94d7463d3","backend/node_modules/side-channel/package.json"
"28070a7b030d281bf65c63641facf34db5bd085a","backend/node_modules/side-channel/test"
"bd1e7c2a2af3b1e074b6bc5fba4e98b1294c923e","backend/node_modules/side-channel/test/index.js"
"073caa5bc44a5281cf99c6731b05eda9800d1588","backend/node_modules/sqlstring"
"aea1dfcb7f46e1a72333905a55ff93179af946eb","backend/node_modules/sqlstring/HISTORY.md"
"a00c5600141a81d6019361268f097eb227ff7c65","backend/node_modules/sqlstring/README.md"
"4ef5944ef471391f9e82627b9e395b394fae8ea4","backend/node_modules/sqlstring/index.js"
"23ba63a23d588f671f5108d67703983274f5cc25","backend/node_modules/sqlstring/lib"
"8206dad7b3d799dfae62f6f32be30660dacc245e","backend/node_modules/sqlstring/lib/SqlString.js"
"5aa57f16e4dcda4a4d9c94467d4dc12224d8fdfd","backend/node_modules/sqlstring/package.json"
"a0e3a8bde587a29e524124fd827f30eede117923","backend/node_modules/standard-as-callback"
"d1c994e92fb6bb6646d4cbde06fc6cd623239673","backend/node_modules/standard-as-callback/LICENSE"
"4b52cd048d94f39e76d966c72a8b600b51fa3889","backend/node_modules/standard-as-callback/README.md"
"caeedea20d77145f042b001fde777af81dfbd055","backend/node_modules/standard-as-callback/built"
"0d7e11f546eae0a4bfe44b921e7f5790ae13144a","backend/node_modules/standard-as-callback/built/index.d.ts"
"7f4db2790707e22d556fa2d48f17384a320fd6fa","backend/node_modules/standard-as-callback/built/index.js"
"94eaede2addc6a586967a2b7a45c895f5373d6b9","backend/node_modules/standard-as-callback/built/types.d.ts"
"b3fac294d6e762b981d5d1f5391f80e6db0a7a7b","backend/node_modules/standard-as-callback/built/utils.d.ts"
"328c31ea21b242d49374778779cb36d0093a8b0e","backend/node_modules/standard-as-callback/built/utils.js"
"7a71978404a9e545d9025bb1d34389c9aab458b1","backend/node_modules/standard-as-callback/package.json"
"7b06e160d92f0452a5c0d296e2054357d4eacec5","backend/node_modules/statuses"
"dc549b8216582796d92fb78868317155cc6d1044","backend/node_modules/statuses/HISTORY.md"
"89d542f6a4022fa409b0c38875c1c15991081a23","backend/node_modules/statuses/README.md"
"b5d016edd9c4eef0bb227af4a01c49e73c5f78dc","backend/node_modules/statuses/package.json"
"36dde4445174a62714c765cd581a46d38ec9f24c","backend/node_modules/streamsearch"
"c925bec0ce1aa4cdaf689a4ec357a068f8aa92ac","backend/node_modules/streamsearch/.github"
"90aba87bef701a02de0be7d590b8ab3d767d6415","backend/node_modules/streamsearch/.github/workflows"
"29d51782c77a93f2a32774350fb6e6229ebc3408","backend/node_modules/streamsearch/.github/workflows/ci.yml"
"c3934d1c7d57119aa31103bc6389838c646e2fc2","backend/node_modules/streamsearch/README.md"
"22c2db2cd06d57366e0c86d9e08b1270e83e884d","backend/node_modules/streamsearch/lib"
"510cae26e67a58d4c1cdfb4ed5afd80c0f50c782","backend/node_modules/streamsearch/lib/sbmh.js"
"51df8f9707cebd8469d793a8d90050baac1c4d1d","backend/node_modules/streamsearch/package.json"
"eccd8b2d8bda7137ff8caf5b677617fc5e8cd2ea","backend/node_modules/streamsearch/test"
"39a04d7f834bea5e8da37c4cf56973a7b3217dd5","backend/node_modules/streamsearch/test/test.js"
"93af91119ae1f8cb470372fd8723fedd8b3a61ad","backend/node_modules/string_decoder"
"778edb20730ef48c01002248f4d51e7752c13487","backend/node_modules/string_decoder/LICENSE"
"5fd58315ed588027742dde690a31cd0a2610649d","backend/node_modules/string_decoder/README.md"
"893f52e3b7e559d2ee8797e30458787eb68c1ca3","backend/node_modules/string_decoder/lib"
"2e89e63f7933e42b8ba543ede35d2a8fa3e4f100","backend/node_modules/string_decoder/lib/string_decoder.js"
"b2bb141160cad31581cf39ee21813196ad13a5cd","backend/node_modules/string_decoder/package.json"
"9da912430775c8463f8aee8d193afbfce202d797","backend/node_modules/toidentifier"
"cb7cc8927a64ac5d213480e3fba1b0d3dcbba3f6","backend/node_modules/toidentifier/HISTORY.md"
"de22d1597600c04a9a62ffa597463413baf741fb","backend/node_modules/toidentifier/LICENSE"
"57e8a78ab5218e7d424eabde5b6865997a14f500","backend/node_modules/toidentifier/README.md"
"9295d024a8c94ee27b3e2b437769599ac5f2b65d","backend/node_modules/toidentifier/index.js"
"42db1a664264217f0b57017aba9c6d05e3d8f827","backend/node_modules/toidentifier/package.json"
"4dbae6ba39717fee9d3a79df90e6d2381d16542f","backend/node_modules/type-is"
"6812655c8879f5dc3ff3182ed0741fd8c93b347c","backend/node_modules/type-is/HISTORY.md"
"d23946e607b8d0ea667b7ffefe7e63a68e052df7","backend/node_modules/type-is/README.md"
"e77384575189ab7a5451bafaacd97a8e76f3100d","backend/node_modules/type-is/index.js"
"08586d23386e3b925ea1499b275c115853865bbf","backend/node_modules/type-is/package.json"
"b5363ff8562bb6d98298f3a3f0ad990f3b8cf5be","backend/node_modules/typedarray"
"cc4dba29d959a2da7b97f9edd3c7c91384b2ee5b","backend/node_modules/typedarray/.travis.yml"
"11adfaec9e7f95f3eab1ecdd6f1f8715fcdc4311","backend/node_modules/typedarray/LICENSE"
"02cd61cd928a08d24cf0b5bd5835867d62825e7b","backend/node_modules/typedarray/example"
"8423d7c9b1c327e5c76744eccf7ec469b3ffdd79","backend/node_modules/typedarray/example/tarray.js"
"5e540841f432413f874b4c75ffc7280f114c37eb","backend/node_modules/typedarray/index.js"
"a7854a0fc5fb420607f8519afbbf588597f0628e","backend/node_modules/typedarray/package.json"
"d18f6f7197e6a5d852c592ba7539d58e9e4ea729","backend/node_modules/typedarray/readme.markdown"
"e60a4a886a4512f60af1ce0ce144f6c6834e6830","backend/node_modules/typedarray/test"
"61ca1a4933db43db96c20b5a1fb8a65e5f0fd118","backend/node_modules/typedarray/test/server"
"425950f9fc9ed7c09d78c749f27014cfdf4a84d3","backend/node_modules/typedarray/test/server/undef_globals.js"
"df596a34f23c0ef931cd5b41139985b8d23e8e2f","backend/node_modules/typedarray/test/tarray.js"
"b78f580ee39adf0338d8e5a3a2afa25b66b9426a","backend/node_modules/unpipe"
"85e0f8d747dc2a960e1ae6640c8bf081631ac0ec","backend/node_modules/unpipe/HISTORY.md"
"aed0138278a940d6e7b2d43903e04eee233b957e","backend/node_modules/unpipe/LICENSE"
"e536ad2c045bba26e9d1f93202a44833656adfad","backend/node_modules/unpipe/README.md"
"15c3d97a12b484c2a1c9735e24c952c3079876d0","backend/node_modules/unpipe/index.js"
"a2b73583bd6e39d785dc00256bd162c4fe2564e7","backend/node_modules/unpipe/package.json"
"a9dd3ec76c6d7e6dae8082e632ef9ca575095f18","backend/node_modules/util-deprecate"
"acc8675372e980824723cfcfec09c0ba43a3195a","backend/node_modules/util-deprecate/History.md"
"6a60e8c225c9baca25907f87c74b428e5d85de0c","backend/node_modules/util-deprecate/LICENSE"
"75622fa7c250a6605f4778d9dffe97bf60291d17","backend/node_modules/util-deprecate/README.md"
"549ae2f065ea5add2c4b3667e412a9d0e7d2b1af","backend/node_modules/util-deprecate/browser.js"
"5e6fcff5ddd3fbf8bdda6310c224114d30b7509e","backend/node_modules/util-deprecate/node.js"
"2e79f89a90f58369ef197534e8488158f379d264","backend/node_modules/util-deprecate/package.json"
"3ba445d9562d8f1a042111bfdb7db809e8be75bd","backend/node_modules/util"
"1c473d2cfa2a28b705bc8471db5623d42563c799","backend/node_modules/util/README.md"
"a082c2323e56336e3bcfedc4bc487e791947704a","backend/node_modules/util/node_modules"
"416b4b52b43928315e987fc0003938e70803ab69","backend/node_modules/util/node_modules/inherits"
"3b94763a76eef0599dba6d0a7044b89c5a9d2033","backend/node_modules/util/node_modules/inherits/inherits.js"
"c1e78a75e6b52b7434e7e8aa0d64d8abd593763b","backend/node_modules/util/node_modules/inherits/inherits_browser.js"
"7cf62b95c4042acfc022693bb954a6d42b3b1f83","backend/node_modules/util/node_modules/inherits/package.json"
"13d19a0f72075dcc4c47fc8d7cea67681a99f6eb","backend/node_modules/util/package.json"
"4ccd8eda58611a7a6a0181a631dfd1f8cc51e349","backend/node_modules/util/support"
"ace9ac00dd8b071c7ad10b298bff3a89dc615410","backend/node_modules/util/support/isBuffer.js"
"0e1bee1eb05ee7034ccf28d501279db365d18bc1","backend/node_modules/util/support/isBufferBrowser.js"
"e0ea321d381a90960e5639b3b90821baf66acf46","backend/node_modules/util/util.js"
"93665977e40d1ca1a1c4d6ed527514707930370d","backend/node_modules/vary"
"f6cbcf7f9be9d45391c5e4e14d02541f59087351","backend/node_modules/vary/HISTORY.md"
"cc000b34684a1d0b03d4c4cb4fac3e1094a81eec","backend/node_modules/vary/README.md"
"5b5e741279d4b800b0c408c5efbac8de6ece450b","backend/node_modules/vary/index.js"
"028f72a93c5153af4163764face616d0ccb7a7b8","backend/node_modules/vary/package.json"
"f54184498d938597c9ada3efcf682cc40d34c2d5","backend/node_modules/wrappy"
"98eab2522b86e5fe32c92524c4ec778b98066cbf","backend/node_modules/wrappy/README.md"
"130752046714d686d4b76ce039375d75293d74c5","backend/node_modules/wrappy/package.json"
"bb7e7d6fcf70fdff4c5a48b7fa2ae3c9ba36fe47","backend/node_modules/wrappy/wrappy.js"
"e9a0e81c23e2c3066c8b11a62e5c21ff494dc5b3","backend/node_modules/xtend"
"77887b5f0f2efc24bd55430cb6f95f8a0cad89d8","backend/node_modules/xtend/.jshintrc"
"0099f4f6c77f40ac409076408ad07449ffe246d3","backend/node_modules/xtend/LICENSE"
"4a2703cff276b155e89c3abb7b09fbdfe90273f4","backend/node_modules/xtend/README.md"
"94889c9de11a181cec153de1713c8ae14ae4cb43","backend/node_modules/xtend/immutable.js"
"72debede6ca58592fe93b5ab22d434311a76861b","backend/node_modules/xtend/mutable.js"
"f7a39d10af5f5ea48fcd948e72ba6af62e372d39","backend/node_modules/xtend/package.json"
"b895b42b3f76804de7ee2ef0231a3343b2f461b3","backend/node_modules/xtend/test.js"
"32f709e24e6c8c84e126143ef944471a42c5a584","backend/package-lock.json"
"3e06416abdedd1453c8df154d72fe0d8fe638508","backend/package.json"
"0c00991db972bc1814f171dfedb24f5eeb5b2770","backend/saidicdoserver copy.js"
"71ad1a0197dcb9f602b781c03746bd6a232c39a5","backend/saidicdoserver.js"
"2f8940c3364145ab720e3b37fb8adc4e535843d5","backend/server.js"
"59883809275304adebf02b422884ac50612df701","backend/servertmp.js"
"364482f392037523d13acb876d5e2e18c36c4ecd","backend/sonar-project.properties"
"90b3bd190cc8e8737a8ae3414cac166d31d4ed82","backend/utils"
"b282e66469fa628443ae2096d77c1d45ccb1079a","backend/utils/childrenHelpers.js"
"faa90ce8503ce024ef3834a71e0117e909bfe18b","backup.sql"
"ba06ce5451d575cb5bd8bedab98b4a1eac481028","frontend"
"5ac8b9d31f68c75ff3a77025c0537d725c9e5753","frontend/js"
"15f5e0542d59b4f83670b61cc6943d82a7a0ec65","frontend/js/alarmscripts.js"
"67edfdb69acfe2dc1848b763507cc40f5645bcfc","frontend/js/definitions.js"
"050de376c5f508641e36085107a7c21e0313329b","frontend/js/login.js"
"4c1c6701f18e4c5a7b078b24d36b70359f89e0e0","frontend/js/main.js"
"d60e0f062c751526a4351666352efc9e45b3e20a","frontend/js/me321scripts.js"
"7345019a5c115a553bde608aad8e40699ede5e99","frontend/js/me322scripts.js"
"7810c2b723a5970d9b553b4d974905e92fb4be14","frontend/js/me34scripts.js"
"4dd2ae5ed668105d667f31442b025324bc7d613f","frontend/js/menu.js"
"c68cc299e2f3ee88022508a739af2878fcf30f45","frontend/js/mgiscripts.js"
"042e9ec9384d6b8c2846f1c729ca336c17dc2c1d","frontend/js/mrrp41scripts.js"
"c2dfdd9bf2466b7d224873972cb82ef35fc50a76","frontend/js/pdf.js"
"1f068a2e1cdb782902e1db7d503176723d744c1d","frontend/js/version.js"
"080afec270f5df1fd4be8ceefe89287ac73dc126","frontend/node_modules"
"49f91f2fcddb4da1a21eba1f1b2249c394148f25","frontend/node_modules/.bin"
"d18b999112c95dc5e1cd570090c25ac27a7670d7","frontend/node_modules/.bin/is-docker"
"79e76ca1edc796f803ea2d58b90d142b034bc174","frontend/node_modules/.bin/is-docker.cmd"
"742762537abb42e9cd3ecca49980c75cde7b0bfd","frontend/node_modules/.bin/is-docker.ps1"
"b49b03f7dea0a5db135d49c70682cbc6d9b22d3e","frontend/node_modules/.bin/node-which"
"8738aed88e66666ec0922f68252fa61cf748c1a2","frontend/node_modules/.bin/node-which.cmd"
"cfb09e844435ed79806cefb921aeda5eaad42d37","frontend/node_modules/.bin/node-which.ps1"
"c043cba009b8f06acd0a65fb2497613e61f3057f","frontend/node_modules/.bin/resolve"
"1a017c403a6085ab8113fbac1a2485ed9806c096","frontend/node_modules/.bin/resolve.cmd"
"f22b2d317ef44f6069fdaf365c291bfdb5222735","frontend/node_modules/.bin/resolve.ps1"
"998fc164cf14020e8a9a555d06c36403c50ba689","frontend/node_modules/.bin/rollup"
"b3f110b3e345e7fe6ffe12293fe47cc062aecc26","frontend/node_modules/.bin/rollup.cmd"
"10f657d7269a6d3b0b24d5c1f7195c6d24e1f9a8","frontend/node_modules/.bin/rollup.ps1"
"6eacbd9a12b68d3235e979c9fabd7cff9ae62afd","frontend/node_modules/.bin/wds"
"53527173007709b67a6570d475b99e1cd4b72833","frontend/node_modules/.bin/wds.cmd"
"eb422415e97b9bd5682107a6fcafa0b74751cb4d","frontend/node_modules/.bin/wds.ps1"
"19444af86c1761af768744f49a46105aa129fd8b","frontend/node_modules/.package-lock.json"
"9453eb5e5d440cf6fad9d54bdae5ad2813dd1e47","frontend/node_modules/@babel"
"0653938dd53c4b09f8de56b4bd39eeccb9c0b84f","frontend/node_modules/@babel/code-frame"
"f31575ec773bb199aeb7c0d0f1612cfe1c7038f1","frontend/node_modules/@babel/code-frame/LICENSE"
"7160755113aaa771161a0626a7a9c7b6a99ac8d8","frontend/node_modules/@babel/code-frame/README.md"
"4f0c77f47c99d1c001b901c22de545102f6215a3","frontend/node_modules/@babel/code-frame/lib"
"b409f30138d539c6c32b8b4996323769dfdaa770","frontend/node_modules/@babel/code-frame/lib/index.js"
"46a181dcd56d72518304708b57c0831cd4e7aaa7","frontend/node_modules/@babel/code-frame/lib/index.js.map"
"c95c244904320beb7107f0cec175c9b45fd816b3","frontend/node_modules/@babel/code-frame/package.json"
"5259528862c9515a0feab3811e0eba5156ae1325","frontend/node_modules/@babel/helper-validator-identifier"
"05c19e64a16cf070017ca0e00bc20ae31f0e8e3f","frontend/node_modules/@babel/helper-validator-identifier/README.md"
"6aa6662a638138e89e68ccf1b45952285d49a781","frontend/node_modules/@babel/helper-validator-identifier/lib"
"b12e6e4b90e4b88eb9b7dd734a99c98194203fd4","frontend/node_modules/@babel/helper-validator-identifier/lib/identifier.js"
"71d32ff269f5d5ea4c7ad0985e5ac9d2c7ca52e3","frontend/node_modules/@babel/helper-validator-identifier/lib/identifier.js.map"
"76b22822cc4de3d2ac0e2c181f84d00226449ad5","frontend/node_modules/@babel/helper-validator-identifier/lib/index.js"
"d985f3b966ec3bd79eded6ebfc877ad66f693034","frontend/node_modules/@babel/helper-validator-identifier/lib/index.js.map"
"054cf847426e8a2f4adf6e47c8ca5410be0e7433","frontend/node_modules/@babel/helper-validator-identifier/lib/keyword.js"
"3471f78ccb066e66b138286d7d711fa2889c2fa2","frontend/node_modules/@babel/helper-validator-identifier/lib/keyword.js.map"
"1aea38dbcd8a1738f2ecd63b18a5a214b213e5df","frontend/node_modules/@babel/helper-validator-identifier/package.json"
"81b52c618027e8581d377a99f36d26b759befe4c","frontend/node_modules/@pdf-lib"
"36c718aa0f2e6dddadf133792948ea5046efbcd2","frontend/node_modules/@pdf-lib/standard-fonts"
"08fbc430175f5f53cec3cd5c34c1efbe3f8b8c00","frontend/node_modules/@pdf-lib/standard-fonts/LICENSE.md"
"6249f734129f0f3580326de786595ac34bfba483","frontend/node_modules/@pdf-lib/standard-fonts/README.md"
"b0876211671d7cf412085c4816aa390b08d1bc24","frontend/node_modules/@pdf-lib/standard-fonts/dist"
"7e0e4713650946914b88a030cbbe7ab578f0b604","frontend/node_modules/@pdf-lib/standard-fonts/dist/standard-fonts.js"
"3a279b539c715bf91a6d737901812bab620f5759","frontend/node_modules/@pdf-lib/standard-fonts/dist/standard-fonts.min.js"
"ed892fbf5590785d2f4a4f4007fb26f6d00f879b","frontend/node_modules/@pdf-lib/standard-fonts/es"
"b3675efc42e1ad4d06de0f86c7ff627aa41cc3cb","frontend/node_modules/@pdf-lib/standard-fonts/es/Courier-Bold.compressed.json"
"f8568818c650d985037e6dafa573ac649c83c666","frontend/node_modules/@pdf-lib/standard-fonts/es/Courier-BoldOblique.compressed.json"
"31e86c3db385cf26f9e214c975667d565437015c","frontend/node_modules/@pdf-lib/standard-fonts/es/Courier-Oblique.compressed.json"
"0fcc3755f135511b59aaae1d04f5ef40b2317d35","frontend/node_modules/@pdf-lib/standard-fonts/es/Courier.compressed.json"
"b3f3b13ddd3ed2a209788687f885a5130a5078e8","frontend/node_modules/@pdf-lib/standard-fonts/es/Encoding.d.ts"
"367f40b02ab13d317f0b1804503b251b1285ab08","frontend/node_modules/@pdf-lib/standard-fonts/es/Encoding.js"
"3d7e9d8e89aa11b6267e0552e8f4460b5bb93924","frontend/node_modules/@pdf-lib/standard-fonts/es/Font.d.ts"
"02e471e3b04321e603b099e77f68c750865b3591","frontend/node_modules/@pdf-lib/standard-fonts/es/Font.js"
"3227bc280f2a1785baa0cd4cf8b30f0ed44a36be","frontend/node_modules/@pdf-lib/standard-fonts/es/Helvetica-Bold.compressed.json"
"16bfae553e8c0ada1f482d19e4a266634927e28d","frontend/node_modules/@pdf-lib/standard-fonts/es/Helvetica-BoldOblique.compressed.json"
"9e6b13b1838cd61d8673a5a1ccf9a8a10acd7f38","frontend/node_modules/@pdf-lib/standard-fonts/es/Helvetica-Oblique.compressed.json"
"1ddcf57d20c132b86f167713f6923ecbf5199703","frontend/node_modules/@pdf-lib/standard-fonts/es/Helvetica.compressed.json"
"3bf5306f0204d30f9da706e2391a8459e6484702","frontend/node_modules/@pdf-lib/standard-fonts/es/Symbol.compressed.json"
"0c4921fd09611745cf50efce26c07737f6659ac1","frontend/node_modules/@pdf-lib/standard-fonts/es/Times-Bold.compressed.json"
"89367e70cd4274acbedde687c836ac7d0b982aa1","frontend/node_modules/@pdf-lib/standard-fonts/es/Times-BoldItalic.compressed.json"
"e629ec1e80587394e5a64e3313b6fa8cf9ee799e","frontend/node_modules/@pdf-lib/standard-fonts/es/Times-Italic.compressed.json"
"4f662e78ce41eb66ce32082db63406888238f7ab","frontend/node_modules/@pdf-lib/standard-fonts/es/Times-Roman.compressed.json"
"fcf611aeb5b0ff00b564116cd7b16771f924c18d","frontend/node_modules/@pdf-lib/standard-fonts/es/ZapfDingbats.compressed.json"
"43abe301b61049d48d5c5f3e2cf7cb5950608aab","frontend/node_modules/@pdf-lib/standard-fonts/es/all-encodings.compressed.json"
"a3bdb3d30035bf877dcc3b1f6bb4dfa428ea14ca","frontend/node_modules/@pdf-lib/standard-fonts/es/index.d.ts"
"ff2cacd9db1cd1ad679e421c7ea8226aee7951a9","frontend/node_modules/@pdf-lib/standard-fonts/es/utils.d.ts"
"c4f2ed98d8f8fbbb7395a0b3117cf4ed0a976039","frontend/node_modules/@pdf-lib/standard-fonts/es/utils.js"
"e8150f63adecb4a8f976f7edd0f2899e746afc34","frontend/node_modules/@pdf-lib/standard-fonts/lib"
"5621ab2a98b663eec7733245d5a149d35e25bb97","frontend/node_modules/@pdf-lib/standard-fonts/lib/Encoding.js"
"a75ea051f2a2a432c11a1604a2f74aa6ed07d9f0","frontend/node_modules/@pdf-lib/standard-fonts/lib/Font.js"
"af4f03846e7113ca2cd10789bf7fd959a4a8843d","frontend/node_modules/@pdf-lib/standard-fonts/lib/index.js"
"40b31662ee9061cf77be296fe5778284cfad17b2","frontend/node_modules/@pdf-lib/standard-fonts/lib/utils.js"
"b6567371ab8b94220f7238d66a74f18aa7f7bc13","frontend/node_modules/@pdf-lib/standard-fonts/package.json"
"a3e61d24a905f6da2b01b3a86edec8914431c8c5","frontend/node_modules/@pdf-lib/upng"
"491e2390770c375b854cd0dd65fcf5216a957a29","frontend/node_modules/@pdf-lib/upng/LICENSE"
"f254cdf50a4cc4ca570b452c4811bd8e01efa03e","frontend/node_modules/@pdf-lib/upng/README.md"
"9d183169244013ac7d4919deb6e43f852bd39d0f","frontend/node_modules/@pdf-lib/upng/UPNG.js"
"fe92b3f7f216169b59268953760aee9319de1b9e","frontend/node_modules/@pdf-lib/upng/cjs"
"4e46731487c71eed41ce05c3602f93f277aee5a8","frontend/node_modules/@pdf-lib/upng/cjs/UPNG.js"
"53b6e330466eecb1513381593fb114d0d5f0913b","frontend/node_modules/@pdf-lib/upng/dist"
"4ab08d0dd9e3e8286a32c6ad965adde43757889a","frontend/node_modules/@pdf-lib/upng/dist/UPNG.js"
"a7b7b328cadf00f3e034f8806a33e78caff82d64","frontend/node_modules/@pdf-lib/upng/index.d.ts"
"0a1da22d76a1dc2df0c2c895eeb8abe9f3db7fb9","frontend/node_modules/@pdf-lib/upng/package.json"
"1437b43912c47a93528f7e0137636c777bebfa1f","frontend/node_modules/@pdf-lib/upng/yarn.lock"
"c596fd07cba8647ada5bee03607ea97a8aa521f2","frontend/node_modules/@rollup"
"2a57d29c7af5a7979c69ab3ca49250aad6225b06","frontend/node_modules/@rollup/plugin-node-resolve"
"5e46702cbdea74f8a8139094f5a1ff1f0e486f45","frontend/node_modules/@rollup/plugin-node-resolve/LICENSE"
"6866a6853c8e305b8c451493081eecfac685f1e4","frontend/node_modules/@rollup/plugin-node-resolve/README.md"
"c039fae66b989c7a7a2906c5a6dcbfeb8876a144","frontend/node_modules/@rollup/plugin-node-resolve/dist"
"8f4fd99749799ed0acb6a8a38673c6dfc9fcc87d","frontend/node_modules/@rollup/plugin-node-resolve/dist/cjs"
"75587404403068943c5e068f334d59d9aacbf63b","frontend/node_modules/@rollup/plugin-node-resolve/dist/cjs/index.js"
"884cdeb2e9426bae6af9f241c46011444e5e6933","frontend/node_modules/@rollup/plugin-node-resolve/dist/es"
"0fede6edb5ef36647e856bc2ed2dd90f7b3e45c4","frontend/node_modules/@rollup/plugin-node-resolve/dist/es/index.js"
"7c34deb5837d8d5e168b54f95f7872b2c50eca13","frontend/node_modules/@rollup/plugin-node-resolve/dist/es/package.json"
"b99a07a5cfa8f53d206fbd203819b35918dcd88f","frontend/node_modules/@rollup/plugin-node-resolve/package.json"
"439809810c871802f7da7184ec235cb69301ef23","frontend/node_modules/@rollup/plugin-node-resolve/types"
"f27b456cf6e5800c0084789a556aedd6e3f5d37f","frontend/node_modules/@rollup/plugin-node-resolve/types/index.d.ts"
"3869d258cae6f97651a43833bc9f2ff1ad2f0473","frontend/node_modules/@rollup/pluginutils"
"8c43672ec084d6ad8b29756933681807767be77c","frontend/node_modules/@rollup/pluginutils/README.md"
"822f9ed266e6e9dbc13b4038a346907946d2e447","frontend/node_modules/@rollup/pluginutils/dist"
"5f98ac23481219ab88b26c37948cf7fe62239a4b","frontend/node_modules/@rollup/pluginutils/dist/cjs"
"9559fa134c9c2e598107c3d24b6da028c668bb57","frontend/node_modules/@rollup/pluginutils/dist/cjs/index.js"
"dcf29d8659d3f1d1cc813e98a4af1fc7ae54906b","frontend/node_modules/@rollup/pluginutils/dist/es"
"eae161749d18d564f901a52000bfb36192ab411e","frontend/node_modules/@rollup/pluginutils/dist/es/index.js"
"e1269569eb5d666d9f061891405345589f4932e0","frontend/node_modules/@rollup/pluginutils/node_modules"
"41574e44dbfdb9fe416c62b597751112dac57bac","frontend/node_modules/@rollup/pluginutils/node_modules/picomatch"
"3608dca25e30b572b6ad6935c8c7918bf70e3d2f","frontend/node_modules/@rollup/pluginutils/node_modules/picomatch/LICENSE"
"07644967ac3677dd4f4b19cece1d654aebf8c6aa","frontend/node_modules/@rollup/pluginutils/node_modules/picomatch/README.md"
"a753b1d9e843c93b62700aa155db920a1a940baa","frontend/node_modules/@rollup/pluginutils/node_modules/picomatch/index.js"
"610960540ad155711db99c3238d8bd14a9968060","frontend/node_modules/@rollup/pluginutils/node_modules/picomatch/lib"
"3f7ef7e53adaf9d3021fba01aaafe600b5ff772f","frontend/node_modules/@rollup/pluginutils/node_modules/picomatch/lib/constants.js"
"8fd8ff499d182f05ffb9aaa342f5ed7541f3d89e","frontend/node_modules/@rollup/pluginutils/node_modules/picomatch/lib/parse.js"
"d0ebd9f163cf240a00998dec9ed69523d1405b4d","frontend/node_modules/@rollup/pluginutils/node_modules/picomatch/lib/picomatch.js"
"e59cd7a1357b184b0c70409b161fcf0ce5433af1","frontend/node_modules/@rollup/pluginutils/node_modules/picomatch/lib/scan.js"
"9c97cae222ca82d7fc6fa29f2770212e0270bc03","frontend/node_modules/@rollup/pluginutils/node_modules/picomatch/lib/utils.js"
"372e27e05f412fd2d5ef4c28e4d79df1701bcf4a","frontend/node_modules/@rollup/pluginutils/node_modules/picomatch/package.json"
"d2f2bc59d0ac7c40b35c574c45bcedbf26263d75","frontend/node_modules/@rollup/pluginutils/node_modules/picomatch/posix.js"
"4708fed6c7c539fcb96508fe31c68399ff70b936","frontend/node_modules/@rollup/pluginutils/package.json"
"f7978dd98bcd97e8a36c4e617e4f71252029a932","frontend/node_modules/@rollup/pluginutils/types"
"ed3c8fdb32116043cf537a2316c42b86ade1f6d7","frontend/node_modules/@rollup/pluginutils/types/index.d.ts"
"0783e4602364852d0e13623acd37669627bce74d","frontend/node_modules/@rollup/rollup-win32-x64-gnu"
"e8a624b097bec9e07583299cd1325548b0cc2199","frontend/node_modules/@rollup/rollup-win32-x64-gnu/README.md"
"db3e7634f5eeb2a1501e1d4df3120bef4f8e2b21","frontend/node_modules/@rollup/rollup-win32-x64-gnu/package.json"
"bac5693cff8fb9e641f1866d34d1ce2bb70a659a","frontend/node_modules/@rollup/rollup-win32-x64-gnu/rollup.win32-x64-gnu.node"
"ac1cbf6a40d65a595131bce9dd84731a34f8be14","frontend/node_modules/@rollup/rollup-win32-x64-msvc"
"7382dbc4f9247d26a8df8339bad027ee46f01a8d","frontend/node_modules/@rollup/rollup-win32-x64-msvc/README.md"
"8474834d8b3464a802a30f93c3e55af2c272a6a5","frontend/node_modules/@rollup/rollup-win32-x64-msvc/package.json"
"ee3972e11e3583e38c52655c0cdb40efa3727b8c","frontend/node_modules/@rollup/rollup-win32-x64-msvc/rollup.win32-x64-msvc.node"
"aa8313bc294a584f328844f89cfea21fd716a83b","frontend/node_modules/@types"
"c8e7a63db7d2b9b34d0a31c84cb9bb376612a932","frontend/node_modules/@types/accepts"
"9e841e7a26e4eb057b24511e7b92d42b257a80e5","frontend/node_modules/@types/accepts/LICENSE"
"f0870e4f1e4f7353c45ab5e598116457e52b5342","frontend/node_modules/@types/accepts/README.md"
"01029c2b1c31d188329ba94e37573b95606ccc77","frontend/node_modules/@types/accepts/index.d.ts"
"49dcfa0f1df37e43a7358e7b9d6b39a9e19941b1","frontend/node_modules/@types/accepts/package.json"
"518725e6c898b617e756fc3638164033207be71c","frontend/node_modules/@types/body-parser"
"e8015821a1032b446e806e380c5f984e0f7e83e9","frontend/node_modules/@types/body-parser/README.md"
"96feda8227381251f826ebc70b70b3ee18bffe94","frontend/node_modules/@types/body-parser/index.d.ts"
"15e2dd6ca9c357a4b250d2956fdb7bf208c77496","frontend/node_modules/@types/body-parser/package.json"
"227d0870045a7b3b8529e0649caca22dd68f8e3d","frontend/node_modules/@types/command-line-args"
"26a5c0037f35150b773f4964a542c3f5ed3f4790","frontend/node_modules/@types/command-line-args/README.md"
"29e821be98b3d26404b8010b7b7481c8cd245655","frontend/node_modules/@types/command-line-args/index.d.ts"
"e721ac5cc47c4a5508aeb8822173f63c31b8e3c4","frontend/node_modules/@types/command-line-args/package.json"
"0c0525c39f65b4d0a75bb305f1e61e9ea57b6493","frontend/node_modules/@types/connect"
"e229a837e9d2ec3ab659d129374c5911da35ebb2","frontend/node_modules/@types/connect/README.md"
"8355d781a4b678f8d2fe260d180ae3522446bc6c","frontend/node_modules/@types/connect/index.d.ts"
"207078e56ca3258219af0367008602c2ea46ef17","frontend/node_modules/@types/connect/package.json"
"99c480e2d3ea9ba14f96726b82672ccbc4d26c19","frontend/node_modules/@types/content-disposition"
"c148ccec733d6e6e1ba261a081aed2600fca1cbb","frontend/node_modules/@types/content-disposition/README.md"
"5f483508cd6a2b476df238682c5c7cd8a08361b5","frontend/node_modules/@types/content-disposition/index.d.ts"
"56779b9802c5f3ee13d5a47728d4a3b1fe6fb4a7","frontend/node_modules/@types/content-disposition/package.json"
"5876824eaa0d3752d609213d6bb6b76fc65b4c83","frontend/node_modules/@types/cookies"
"c83000f8855e05a3ec7a79436571c10bd468e9ff","frontend/node_modules/@types/cookies/README.md"
"b8edbf240a8d5b0d724a3f95f8379bd5f4162ea8","frontend/node_modules/@types/cookies/index.d.ts"
"c7f759b0f50e8aea029ebb52898e3f93707d70ca","frontend/node_modules/@types/cookies/package.json"
"5dd1b0c72c95d0d771f9ad6a7c701c9a4548fec4","frontend/node_modules/@types/estree"
"3a8c04158b13a35118d823694f198c16a57bd545","frontend/node_modules/@types/estree/README.md"
"9d001a92b55a9323e827ee90ef353df47f3c2fa0","frontend/node_modules/@types/estree/flow.d.ts"
"2bc66fb6c7107deac2bf7ca5daac235bcba26073","frontend/node_modules/@types/estree/index.d.ts"
"68c0782c77e0ffa1db5e0ef29f0ae38947cecd80","frontend/node_modules/@types/estree/package.json"
"02d9399946da3a70e697455b0893ad822dd77bbb","frontend/node_modules/@types/express-serve-static-core"
"6627424f57292b238850fa931ffb747cf1e87b97","frontend/node_modules/@types/express-serve-static-core/README.md"
"31bbdf1ff4bc519e9923429324baea94379d9179","frontend/node_modules/@types/express-serve-static-core/index.d.ts"
"9cb9d5c97b9d0e7a1efb33e196478e5907751a6f","frontend/node_modules/@types/express-serve-static-core/package.json"
"04b1587f01751bbcd02e6b31240207b75eaaba1d","frontend/node_modules/@types/express"
"6012d27eb057e841627bb32f298dd05fa55ebf44","frontend/node_modules/@types/express/README.md"
"f18dccb502964046dfff70c9e8a629159fc01485","frontend/node_modules/@types/express/index.d.ts"
"09ec4bdb2dda07dffb95b800b07bea17b8fb20ad","frontend/node_modules/@types/express/package.json"
"953b02b1d74605ae97bb5c2c735e7ecc38141ecd","frontend/node_modules/@types/http-assert"
"0a0347f29447260dde9973464e304bcc2b8a68ac","frontend/node_modules/@types/http-assert/README.md"
"bd5b4f6b1ca6e039f1efbd9b292b2ae0d2cfabda","frontend/node_modules/@types/http-assert/index.d.ts"
"ac117566454ea6fc5134884542ff74ece159833c","frontend/node_modules/@types/http-assert/package.json"
"9d0500811100298d463380227855bc5cd8c54be3","frontend/node_modules/@types/http-errors"
"d64e3dc91faa688804e05a1fa5c4432d2a9b0aa6","frontend/node_modules/@types/http-errors/README.md"
"e7fb2a8da5861ac4c657b326c4b8e9af64d9ff73","frontend/node_modules/@types/http-errors/index.d.ts"
"91d49cfc91cc061300e40da07d22c0e825bd7e06","frontend/node_modules/@types/http-errors/package.json"
"ee02afa67eb62a7831d65037698c31d75dd394ea","frontend/node_modules/@types/keygrip"
"940370b24f3d103e029948708ced3bc6fa5dded1","frontend/node_modules/@types/keygrip/README.md"
"2478657aaaab1f2b00616af7aad24e9ac05bc811","frontend/node_modules/@types/keygrip/index.d.ts"
"9794a68fe70267b3bfc4434746288df4b1e19b72","frontend/node_modules/@types/keygrip/package.json"
"ce8b0b38657289e9b223863533c8c612d505ca44","frontend/node_modules/@types/koa-compose"
"75c48de41a64ba4b5344ff9528cd0355f956a9ec","frontend/node_modules/@types/koa-compose/README.md"
"7b55f64c2d1ba65bbc43e9bed63c811065724d87","frontend/node_modules/@types/koa-compose/index.d.ts"
"e82ecef848072fb830749c2cd57920f5c3f73562","frontend/node_modules/@types/koa-compose/package.json"
"1211f1e95900f6344139894f6a048636e0d23495","frontend/node_modules/@types/koa"
"c58782491b5777745943b540afd58d0ef292e52a","frontend/node_modules/@types/koa/README.md"
"da3a911f3535ab4948be7be07f2a6471a177842b","frontend/node_modules/@types/koa/index.d.ts"
"324808070e33405f2e80432b1207370047ac6721","frontend/node_modules/@types/koa/package.json"
"4746eb7695b2f677bd5c546c28f6612a52681b65","frontend/node_modules/@types/mime"
"a516bd409c05ed7538bd4ed457b879ee6ae92aff","frontend/node_modules/@types/mime/Mime.d.ts"
"ab21c24409d45fe0d2714353b3abdb6a84e2fb70","frontend/node_modules/@types/mime/README.md"
"93e825995c0a4f4227182903949f7710ce573a48","frontend/node_modules/@types/mime/index.d.ts"
"ffebaec5b9b2e95ebceae967ca75df5f8e770498","frontend/node_modules/@types/mime/lite.d.ts"
"98a29ff1fd9806050aeab0f9ab38c62d1bada02d","frontend/node_modules/@types/mime/package.json"
"38b63bc59172ae43af866ac062270f946a51530b","frontend/node_modules/@types/node"
"b424c40aba0bd84f8c748e1f78479cdbdff5d6c9","frontend/node_modules/@types/node/README.md"
"cd6d6df9ff33d4291585ffedd0a8619c9e98afdb","frontend/node_modules/@types/node/assert.d.ts"
"3a3c03ff67c6f5d0b10ede69bdfaa28d92642efa","frontend/node_modules/@types/node/assert"
"4ed7395a6bc76a40bdf26f2905a217bdd464fac4","frontend/node_modules/@types/node/assert/strict.d.ts"
"2377689f865bf238b24201284c843f21ccc321cf","frontend/node_modules/@types/node/async_hooks.d.ts"
"8823deeb4b67547f4694a5055f399ef045909246","frontend/node_modules/@types/node/buffer.buffer.d.ts"
"9a62ccf97737d66a8e78a83d09fc08ee27de5337","frontend/node_modules/@types/node/buffer.d.ts"
"ecad7d8ee45766796bd29cfed48628f4945b9181","frontend/node_modules/@types/node/child_process.d.ts"
"cdbc21902c2b77f19708e22cb66c7f0660887e62","frontend/node_modules/@types/node/cluster.d.ts"
"3b45f9d579845c309ab5c2315727e8e1d295d6f3","frontend/node_modules/@types/node/compatibility"
"156e7856360bf532de1d82080e425573e9b2d749","frontend/node_modules/@types/node/compatibility/iterators.d.ts"
"3c8a6825a0c656d36bf516b90e3b72389a43ea71","frontend/node_modules/@types/node/console.d.ts"
"5685a9dfe307be102639a9c61a8c02632b542c95","frontend/node_modules/@types/node/constants.d.ts"
"d975cafc383cc1b8e665948c78b82a6e195c7b43","frontend/node_modules/@types/node/crypto.d.ts"
"bc69f0b48e1a5ad641af078a098df62410cb135a","frontend/node_modules/@types/node/dgram.d.ts"
"025847de1b38b42ec2c746f7ac3b46d1474a800b","frontend/node_modules/@types/node/diagnostics_channel.d.ts"
"ba0d122131db78b75ae36ab6374c8cf6e4563411","frontend/node_modules/@types/node/dns.d.ts"
"6cc10cb0e1f33ad17d7a717cbe726c8ad11f6380","frontend/node_modules/@types/node/dns"
"efb9fbfdf4258584324b30edf9250750b95d75fa","frontend/node_modules/@types/node/dns/promises.d.ts"
"4c64115370b6cfe132d00c7b003e023f8509ca00","frontend/node_modules/@types/node/domain.d.ts"
"023348e02f3690bb3cc21406141d47d264d49b7b","frontend/node_modules/@types/node/events.d.ts"
"b300ca45ae0190c0484fc9a4abc547049792e6e5","frontend/node_modules/@types/node/fs.d.ts"
"54e7cdc5325e95701bc61d8f169032b243b89423","frontend/node_modules/@types/node/fs"
"986b6da5c6d6aace276db4649f5d8f31f663cfc4","frontend/node_modules/@types/node/fs/promises.d.ts"
"9c6837d3a2fa11d5a4a10dc0a6c5d0f8d9fbd627","frontend/node_modules/@types/node/globals.d.ts"
"cae4c0b1aad37c0f47dcbe92415736813eab1c09","frontend/node_modules/@types/node/globals.typedarray.d.ts"
"771b8b2f407c19884b3ab988ae808ccb4ea31291","frontend/node_modules/@types/node/http.d.ts"
"c90af90537688f42928f068b9da4cff6f902cccb","frontend/node_modules/@types/node/http2.d.ts"
"53de0b9aa9ee974e11888c514c4a874814a3a248","frontend/node_modules/@types/node/https.d.ts"
"c140e0b49b51d08f91a4a5b68b096d54f746b982","frontend/node_modules/@types/node/index.d.ts"
"dd0b888890c900ce32a5ebe9c9a016f7d455a358","frontend/node_modules/@types/node/inspector.d.ts"
"17352e7916d9c8220f83e27c94120ba3b9e145f8","frontend/node_modules/@types/node/inspector.generated.d.ts"
"b563b4be2a3b4d1b6efb454d2d6f4609e7c2b0c7","frontend/node_modules/@types/node/module.d.ts"
"38c1627505dba0a9cd2d2b78f152470423339f87","frontend/node_modules/@types/node/net.d.ts"
"505f5b44d6495f3451ee8f84c40c53dca9ff2bfb","frontend/node_modules/@types/node/os.d.ts"
"2d02939287da51ad5754e3da36d3236c262eb5aa","frontend/node_modules/@types/node/package.json"
"d363397ffe8228c766f465384832acb535679f20","frontend/node_modules/@types/node/path.d.ts"
"ba4b9ade1e8ea5f532f2b71152d7998c76b5159c","frontend/node_modules/@types/node/perf_hooks.d.ts"
"35f031c800ccf0b7ddf9757b22edea618b18a51e","frontend/node_modules/@types/node/process.d.ts"
"7ac26c8261b1903fbe7bf88e9209a14ef0138fe9","frontend/node_modules/@types/node/punycode.d.ts"
"aaeefe8d3d38c80055964d56a9a3d5fc27e64c22","frontend/node_modules/@types/node/querystring.d.ts"
"519b4a46be1fa2047e26a8b13fd711bab720ce13","frontend/node_modules/@types/node/readline.d.ts"
"a46ba12bb18176ffe2457ca4bc128a14e126d2f8","frontend/node_modules/@types/node/readline"
"5bc9a0c2428c06ba24d074ff452f553e3fa19922","frontend/node_modules/@types/node/readline/promises.d.ts"
"60dc94ad78afa2da51edbbaa3b55a98567100b82","frontend/node_modules/@types/node/repl.d.ts"
"870c30452d860de1e20283a632ecf5a4f73f5e22","frontend/node_modules/@types/node/sea.d.ts"
"6ff7943ab8b0037ceb2d3071404e610c668321e4","frontend/node_modules/@types/node/sqlite.d.ts"
"3b38302b9adfa0bf2935dc38da612813f91ebdb1","frontend/node_modules/@types/node/stream.d.ts"
"4545886f53140787598b01f26a2c9ac3d0c80120","frontend/node_modules/@types/node/stream"
"05db0257d276a573e5302b37fff774a62cedba22","frontend/node_modules/@types/node/stream/consumers.d.ts"
"d54c14c60fa3590259439e2d02b995710966a664","frontend/node_modules/@types/node/stream/promises.d.ts"
"bc7c011c3823da08e6b7d4ba1147942c50cb8b25","frontend/node_modules/@types/node/stream/web.d.ts"
"bcd64d5a32fd72ddd550140163dfcdf9b65b0af5","frontend/node_modules/@types/node/string_decoder.d.ts"
"e1f103d776f3f9a27a862d709992b90a70a0a156","frontend/node_modules/@types/node/test.d.ts"
"30a91c0644e9b8992ba8aaa16efd24d8ef61668b","frontend/node_modules/@types/node/timers.d.ts"
"a850c65f27e021953f47ea6b7814e9668172cabd","frontend/node_modules/@types/node/timers"
"7ad2b297badc85c50997b6bb926423510b5e7780","frontend/node_modules/@types/node/timers/promises.d.ts"
"5d52de810c2a58947f23d2fbb0b9eeb0798965d6","frontend/node_modules/@types/node/tls.d.ts"
"56e46209657d33396b88e836b4e3d2cb5a28d77f","frontend/node_modules/@types/node/trace_events.d.ts"
"a9e6f71e345520fb6dbf33edf06ddb2deba043c0","frontend/node_modules/@types/node/ts5.6"
"a5f67d7c9306edd5b2d1ac4a3bf0c2dae6473a79","frontend/node_modules/@types/node/ts5.6/buffer.buffer.d.ts"
"5031f4268bdeb0aad6080574eda9bcd08032d61d","frontend/node_modules/@types/node/ts5.6/compatibility"
"f148cc4f85b83107f8e8bc4fe3fcf6b642b294fe","frontend/node_modules/@types/node/ts5.6/compatibility/float16array.d.ts"
"57a1ab4f2c93361e8694aab8527b67862f667a15","frontend/node_modules/@types/node/ts5.6/globals.typedarray.d.ts"
"52c18699648e577b4992267e50e1b798ea215dbd","frontend/node_modules/@types/node/ts5.6/index.d.ts"
"f381207cff9463e347c40c2ca06d45c0bad31998","frontend/node_modules/@types/node/ts5.7"
"444fc2100f4501196b2f678f7651b0824f086bf4","frontend/node_modules/@types/node/ts5.7/compatibility"
"110b1ebb19cb26cfac04deff6f9280ce796089d5","frontend/node_modules/@types/node/ts5.7/compatibility/float16array.d.ts"
"b3454a725e4714ca63768cfef2672993da987b8e","frontend/node_modules/@types/node/ts5.7/index.d.ts"
"602324ab905f2d1d4fc00bcdc52f23105261b693","frontend/node_modules/@types/node/tty.d.ts"
"8d0fb65801cc07d4609a50e20c7f2918799bbf19","frontend/node_modules/@types/node/url.d.ts"
"c825a79be8db869cbc658ea573147b27e4021846","frontend/node_modules/@types/node/util.d.ts"
"d509ee13c1199817b2275b664576750eea35c56e","frontend/node_modules/@types/node/v8.d.ts"
"50b7f09ad54c6672d7aaaa99d791ae115629427c","frontend/node_modules/@types/node/vm.d.ts"
"7685c1e951187c77264c5e0201a56eb247944116","frontend/node_modules/@types/node/wasi.d.ts"
"88b4dfdd5b5570cda7446886a3773ee4a5d38586","frontend/node_modules/@types/node/web-globals"
"f36cb9ae5d689f0a715e3e9b05fa364d16f24b80","frontend/node_modules/@types/node/web-globals/abortcontroller.d.ts"
"9e572c53c12446a4f3d8c21baf3bd8c7dd7cbc46","frontend/node_modules/@types/node/web-globals/crypto.d.ts"
"5b1662c4cf2ab9139064821d2027d74de6a07d70","frontend/node_modules/@types/node/web-globals/domexception.d.ts"
"fbc1d49f0fb492a9813816dd6ee6005a7dce5e5c","frontend/node_modules/@types/node/web-globals/events.d.ts"
"995cd723d7a65c3d47e03c65e0a6ffba18c85ea5","frontend/node_modules/@types/node/web-globals/fetch.d.ts"
"9b45b2678ade745b6ac3f70739467d4c65752ea8","frontend/node_modules/@types/node/web-globals/navigator.d.ts"
"fd61cfc83bd81851e06d63f0a96c9b0226dae775","frontend/node_modules/@types/node/web-globals/storage.d.ts"
"a70dde5604d91c0e41908fbf0a194b9bffe0de28","frontend/node_modules/@types/node/web-globals/streams.d.ts"
"cc947c044e8f752715b8208f1e8212ef187ae68b","frontend/node_modules/@types/node/worker_threads.d.ts"
"10f0e60e80e29c1ea255f680a261f68fa6135376","frontend/node_modules/@types/node/zlib.d.ts"
"c77f35cd944158860acdc1887bee0d12a1f086b4","frontend/node_modules/@types/parse5"
"a6ced376929fc2848ad072d1e7efa5322b44b93c","frontend/node_modules/@types/parse5/README.md"
"084b9d3cd532b1dfede9c32ef664485a6c699f1c","frontend/node_modules/@types/parse5/index.d.ts"
"62445c4f5abbbdb6a3b877160a99e7e7ce4bbbf2","frontend/node_modules/@types/parse5/lib"
"9347e6cb83a8b0f0065162bafd67e7a93ee2cc1d","frontend/node_modules/@types/parse5/lib/tree-adapters"
"044b82b2bd682da28183477c69452e77eb2c14f3","frontend/node_modules/@types/parse5/lib/tree-adapters/default.d.ts"
"6c311e442fecf2c810ae5a9fbe9d40b87164158f","frontend/node_modules/@types/parse5/package.json"
"f967e9852c13ab33ab9bae0c4c512c3fc622d1e4","frontend/node_modules/@types/qs"
"0fe63febcda46e4889cb530c2ce79e4b650427a2","frontend/node_modules/@types/qs/README.md"
"b993ed432437b45507ff0543a29ecc256bf366c7","frontend/node_modules/@types/qs/index.d.ts"
"5f2a233e19474ef8002ac21d1c4232ad26a411a2","frontend/node_modules/@types/qs/package.json"
"2441b3b160fecfcca842ed0dfac8684ce5319101","frontend/node_modules/@types/range-parser"
"2ac5d3370e8949ddd9c44c0e2d94a270849ab44f","frontend/node_modules/@types/range-parser/README.md"
"f6baed8cbd74ac35a028e9d4c8a6d6e7f29d1b96","frontend/node_modules/@types/range-parser/index.d.ts"
"d43f7818ff182fb74a220dea5f0b2820c05a5f45","frontend/node_modules/@types/range-parser/package.json"
"c3a8e0730404a478478fac7564c6e470ed59d798","frontend/node_modules/@types/resolve"
"57ae2907f5c733dd94ce2f099552279ac6f5263e","frontend/node_modules/@types/resolve/README.md"
"171b05e973edcd43338704e5439a86b7e4cc7550","frontend/node_modules/@types/resolve/index.d.ts"
"1e9851d3a5b5634803aea168ac272e06369c2cbd","frontend/node_modules/@types/resolve/package.json"
"e31f58e35d812db809c7cceb1af7554453aeff93","frontend/node_modules/@types/send"
"d15e05ea585869d38edbcb83d4beda545b022cfa","frontend/node_modules/@types/send/README.md"
"c1f4014a9819e19aab9b337d4c80387452b94d10","frontend/node_modules/@types/send/index.d.ts"
"f3ae98c66a140cabb11a27ee9578afcc4671d997","frontend/node_modules/@types/send/package.json"
"14c3092da29838de58a0aa091895e2c0cb620ea5","frontend/node_modules/@types/serve-static"
"977d1193475ae5e2f0b17f8dc59523973d63396c","frontend/node_modules/@types/serve-static/README.md"
"7ddb9b372d5ee0883104fc48f4df3d2e45e190a6","frontend/node_modules/@types/serve-static/index.d.ts"
"77b8bc8eef2277f5649ad5cd8af93a1e2542a1ee","frontend/node_modules/@types/serve-static/node_modules"
"df599f36e7055da3e8c8cc7dc1714e17cf681fae","frontend/node_modules/@types/serve-static/node_modules/@types"
"4c9720750a3e48bc8938a5252d119dff96b9d794","frontend/node_modules/@types/serve-static/node_modules/@types/send"
"9f38754dd8841451f2258d2a1a9ff6d8581bc1ed","frontend/node_modules/@types/serve-static/node_modules/@types/send/README.md"
"7259486cc65df0487dcf8e93b8fcaf8fe7793885","frontend/node_modules/@types/serve-static/node_modules/@types/send/index.d.ts"
"be5dfa4cccd2d2b2ec091f9b8c3e2f7c5264ccd5","frontend/node_modules/@types/serve-static/node_modules/@types/send/package.json"
"50c11d9573338a76db81e031d43b8e21660519da","frontend/node_modules/@types/serve-static/package.json"
"9f05723c024ce9331476d2660ef059ed8bd146f5","frontend/node_modules/@types/ws"
"c73841d49d8bcec3631f0773b487f753e13a9733","frontend/node_modules/@types/ws/README.md"
"d2adbcfc5fab0cad37d7223e2f3a7d2482a1cb48","frontend/node_modules/@types/ws/index.d.ts"
"b3ea358d1d5a7a24943941f55d47304d29345a38","frontend/node_modules/@types/ws/package.json"
"60a4358cff854576808e0d09fb382c131743239c","frontend/node_modules/@web"
"c13e02d61df1264588494d5ac0ca1948cdd7dad0","frontend/node_modules/@web/config-loader"
"b9e8ce828c30e7e9b540f524200179b69ff471bd","frontend/node_modules/@web/config-loader/README.md"
"6f7cbe12a23a6036c2f146b128a200974e1898a1","frontend/node_modules/@web/config-loader/dist"
"d2937b66846d4cac0beaa8030d4d060cc133e89c","frontend/node_modules/@web/config-loader/dist/ConfigLoaderError.d.ts"
"f3d802f96707b5bd58a33dcad3d173021284385e","frontend/node_modules/@web/config-loader/dist/ConfigLoaderError.d.ts.map"
"5b134101196392a08cfbbb7b02905767afb2bc66","frontend/node_modules/@web/config-loader/dist/getPackageType.d.ts"
"2b15d0aab9daf54a025b3497df6b2110e4f0fd53","frontend/node_modules/@web/config-loader/dist/getPackageType.d.ts.map"
"a73c796c18c76adc092ab8547a3b8082acaf0c39","frontend/node_modules/@web/config-loader/dist/importConfig.d.ts"
"0b90a6cc9419a5787d6b77e640a3889a8df11138","frontend/node_modules/@web/config-loader/dist/importConfig.d.ts.map"
"a7dcc59d23a675b47c46b2acc04b02adfef271a9","frontend/node_modules/@web/config-loader/dist/importOrRequireConfig.d.ts"
"33bc12e1c38959e1328a4d8c06323fc337fc17ad","frontend/node_modules/@web/config-loader/dist/importOrRequireConfig.d.ts.map"
"55e5150bc3d94c5182ac38035f9000a9dd5978f5","frontend/node_modules/@web/config-loader/dist/index.d.ts"
"ebca241aa6fc36ed67189d3ffab61fee680cfd0c","frontend/node_modules/@web/config-loader/dist/index.d.ts.map"
"970300c8943bdd1d2874b70a8e20510653089c98","frontend/node_modules/@web/config-loader/dist/requireConfig.d.ts"
"f44247e8f206a45173bc19ed62822678a925a837","frontend/node_modules/@web/config-loader/dist/requireConfig.d.ts.map"
"58e4e59aacae7a3859f2b27381a73566ed9fe2dd","frontend/node_modules/@web/config-loader/dist/utils.d.ts"
"0e2e871d804e9c69b98c7609165424d3b2a90c78","frontend/node_modules/@web/config-loader/dist/utils.d.ts.map"
"2b8395cdb63171fffad81186a2e2946937c4af60","frontend/node_modules/@web/config-loader/index.d.ts"
"95dbe7a033c1d3b515d4ed026215334704ab1de7","frontend/node_modules/@web/config-loader/index.mjs"
"5e87c01312ad1e8016753192f4f2f3a196237e4d","frontend/node_modules/@web/config-loader/package.json"
"63ff2e475103fe141ed2c16186e8396f1d9a9a96","frontend/node_modules/@web/config-loader/src"
"a3ad089baa04eb72ad8a2aad8275c0022fd50df0","frontend/node_modules/@web/config-loader/src/ConfigLoaderError.js"
"4d3ae910a45ce32f1542464f37759bf338360bc4","frontend/node_modules/@web/config-loader/src/getPackageType.js"
"78d6997aeb666c66c693973f281d2f9eb1192b06","frontend/node_modules/@web/config-loader/src/importConfig.js"
"b69ec51ef2e36d345e4b9f138afc6796573cea83","frontend/node_modules/@web/config-loader/src/importOrRequireConfig.js"
"94a45eec2bb8b083f1b5639ebb7ce3e58990cb8f","frontend/node_modules/@web/config-loader/src/index.js"
"bb27c97fe11a320a28802aca3337c22434e50723","frontend/node_modules/@web/config-loader/src/requireConfig.js"
"a30eee0e4a2ca3516c267a755fcef4fa40688850","frontend/node_modules/@web/config-loader/src/utils.js"
"80a176950eccbd52b3c6c7fadd957e80ca671b2e","frontend/node_modules/@web/dev-server-core"
"d6020a9e7fa2a405da3e834805bae406e7e5d103","frontend/node_modules/@web/dev-server-core/.self-signed-dev-server-ssl.cert"
"773e0438a97289981d91040141128f83ed714901","frontend/node_modules/@web/dev-server-core/.self-signed-dev-server-ssl.key"
"c79aa53206528072267261e62176d3f04214e436","frontend/node_modules/@web/dev-server-core/README.md"
"5b18ed19979de80ada0ba7ae6d578e0094605afe","frontend/node_modules/@web/dev-server-core/dist"
"185763e4c7132b103c356ffcf2118aefe3c28a06","frontend/node_modules/@web/dev-server-core/dist/dom5"
"b2130f289c27cd51b90576352e2941de84b35c0f","frontend/node_modules/@web/dev-server-core/dist/dom5/index.d.ts"
"c938f9009becda9091bb738d2cc35fd23b8f00dc","frontend/node_modules/@web/dev-server-core/dist/dom5/index.d.ts.map"
"4036b22653272eaf0c57f7b3747acbd2b44b3011","frontend/node_modules/@web/dev-server-core/dist/dom5/index.js"
"6d07b469f15fe93a62c90a1c42420ac4bed5021b","frontend/node_modules/@web/dev-server-core/dist/dom5/index.js.map"
"051260f4aef6cc492ea76dac5861008d353e16ea","frontend/node_modules/@web/dev-server-core/dist/dom5/iteration.d.ts"
"7fa5c8aa5fb0fc308907392ba88123c9a6f86b13","frontend/node_modules/@web/dev-server-core/dist/dom5/iteration.d.ts.map"
"04db9a129e7c0e8b818a762a3b65a0952ad729e0","frontend/node_modules/@web/dev-server-core/dist/dom5/iteration.js"
"d6dfb1d0f4759addd81cc57866c002740051f867","frontend/node_modules/@web/dev-server-core/dist/dom5/iteration.js.map"
"b358e752852a35b3532f0d75a0ac28b4f926ba3d","frontend/node_modules/@web/dev-server-core/dist/dom5/modification.d.ts"
"cc7eef1bd9046db7ba1925ac242f5739279dd183","frontend/node_modules/@web/dev-server-core/dist/dom5/modification.d.ts.map"
"5ce1a27d9a28528cb7a115487d93c0a5cb1be1e8","frontend/node_modules/@web/dev-server-core/dist/dom5/modification.js"
"39849d70b57f88d867a0e2bf9eaf00efd42afa20","frontend/node_modules/@web/dev-server-core/dist/dom5/modification.js.map"
"8b060464d19f88bbeee660d70fee7c47f2e440b4","frontend/node_modules/@web/dev-server-core/dist/dom5/predicates.d.ts"
"5abdab8b62ccfc2dd0317b2b6f776db9ce5aecd5","frontend/node_modules/@web/dev-server-core/dist/dom5/predicates.d.ts.map"
"6446fa1bb92f8434f7b5305bcaaf4a8617c50d5f","frontend/node_modules/@web/dev-server-core/dist/dom5/predicates.js"
"7a66bae3625b080278b366fb3f08b22f7fcfab37","frontend/node_modules/@web/dev-server-core/dist/dom5/predicates.js.map"
"fcb81bbebf99cdf499051bcc96599958f7946213","frontend/node_modules/@web/dev-server-core/dist/dom5/util.d.ts"
"2d4f3a0654ef759f7ee13a93727cae48f9baeb71","frontend/node_modules/@web/dev-server-core/dist/dom5/util.d.ts.map"
"e7453a62699ee32882de610769209954ee806ca5","frontend/node_modules/@web/dev-server-core/dist/dom5/util.js"
"ba34c991bdd62064c77043a77e2d881ac09b83da","frontend/node_modules/@web/dev-server-core/dist/dom5/util.js.map"
"ce58b0abfa1e4bae30bb3fd2d113da8e2ce5515f","frontend/node_modules/@web/dev-server-core/dist/dom5/walking.d.ts"
"211ae63a5d56a07cdd39aac829394ecefba0e25f","frontend/node_modules/@web/dev-server-core/dist/dom5/walking.d.ts.map"
"f41d5436420a6dd773c31f44cd165913140039d7","frontend/node_modules/@web/dev-server-core/dist/dom5/walking.js"
"d651a5ece785a3a4bfabfb86521cf2d07497a2c3","frontend/node_modules/@web/dev-server-core/dist/dom5/walking.js.map"
"4354b22958c8888392752cfead31069c840da9a2","frontend/node_modules/@web/dev-server-core/dist/index.d.ts"
"e0d869d9f24ac2b06b381d5603a91844f625fbc5","frontend/node_modules/@web/dev-server-core/dist/index.d.ts.map"
"82e31b925af73a2373d041c072deb65e0f738b0e","frontend/node_modules/@web/dev-server-core/dist/index.js"
"260862806de08a31c867089e2875063f0d09b079","frontend/node_modules/@web/dev-server-core/dist/index.js.map"
"2e596b6c7c97bee075dd329e24281ba619d7c185","frontend/node_modules/@web/dev-server-core/dist/logger"
"8438c6505014ef024a71b40920771dd826ade58b","frontend/node_modules/@web/dev-server-core/dist/logger/Logger.d.ts"
"d78b554860c8d8c173ccdd0e864a001958bfd835","frontend/node_modules/@web/dev-server-core/dist/logger/Logger.d.ts.map"
"82864fd732ddec4ecb156076fa6bb66b3adc3d0f","frontend/node_modules/@web/dev-server-core/dist/logger/Logger.js"
"1389235180aa8aa5ed2d7b85b2e89b86b1f1fe48","frontend/node_modules/@web/dev-server-core/dist/logger/Logger.js.map"
"35120692f5726a2883dfccc39ab678d823459886","frontend/node_modules/@web/dev-server-core/dist/logger/PluginError.d.ts"
"fa069c44e610510cd10c35c90db46357cf592227","frontend/node_modules/@web/dev-server-core/dist/logger/PluginError.d.ts.map"
"02aa94e069d3a66c4bda77d717954a14a338c27c","frontend/node_modules/@web/dev-server-core/dist/logger/PluginError.js"
"e0549c5bf3338924f2104a0b5b073a7705db571c","frontend/node_modules/@web/dev-server-core/dist/logger/PluginError.js.map"
"8518a5a06bfc2ef15e6fcee12a9ace72a12885bc","frontend/node_modules/@web/dev-server-core/dist/logger/PluginSyntaxError.d.ts"
"7d497718fe80cf350f731909df7303fa74550694","frontend/node_modules/@web/dev-server-core/dist/logger/PluginSyntaxError.d.ts.map"
"0fc4aa3f3a2cc0d1182e2704ff3a5a75f516a5a9","frontend/node_modules/@web/dev-server-core/dist/logger/PluginSyntaxError.js"
"d048e07d2552ec21e89e7d2055472c609d368b63","frontend/node_modules/@web/dev-server-core/dist/logger/PluginSyntaxError.js.map"
"eb59bac1528e14bffbedb3ba5d6bfc4bba825e2d","frontend/node_modules/@web/dev-server-core/dist/middleware"
"a950dbc9670c6440d1f08fd9a82e482946bf9c75","frontend/node_modules/@web/dev-server-core/dist/middleware/PluginTransformCache.d.ts"
"4124a4dd3b8b946b427272cdd0f42cb7442070ef","frontend/node_modules/@web/dev-server-core/dist/middleware/PluginTransformCache.d.ts.map"
"476bac3efb63e11672aec19d5f20b7e71bc0c5f0","frontend/node_modules/@web/dev-server-core/dist/middleware/PluginTransformCache.js"
"9768f70336d6322422324efd4fe0c3b6e393e269","frontend/node_modules/@web/dev-server-core/dist/middleware/PluginTransformCache.js.map"
"c88f57084699efe79d388a8adbaed6ed1ad792bf","frontend/node_modules/@web/dev-server-core/dist/middleware/basePathMiddleware.d.ts"
"837c73fc11620c208d5618f267841a936d05d507","frontend/node_modules/@web/dev-server-core/dist/middleware/basePathMiddleware.d.ts.map"
"cdccaf104cb95baac7d1033b37de6f03ca6a681b","frontend/node_modules/@web/dev-server-core/dist/middleware/basePathMiddleware.js"
"0764dd57f4a92d8670ec4d450f1b7b9682294b00","frontend/node_modules/@web/dev-server-core/dist/middleware/basePathMiddleware.js.map"
"4bb4f7a493632a5d9b25f1dde93086423f0e40c3","frontend/node_modules/@web/dev-server-core/dist/middleware/etagCacheMiddleware.d.ts"
"a0868800d444654554f4b5e73e27285925bd155d","frontend/node_modules/@web/dev-server-core/dist/middleware/etagCacheMiddleware.d.ts.map"
"39456f3f9e95e5e13fc6a8e63e4ea28bd715e00b","frontend/node_modules/@web/dev-server-core/dist/middleware/etagCacheMiddleware.js"
"4d02db1324da9df1360063a708e4767bd5f1b2f7","frontend/node_modules/@web/dev-server-core/dist/middleware/etagCacheMiddleware.js.map"
"ccffa7e0bc3b475e97e6d38c31b1f2ed8b14a781","frontend/node_modules/@web/dev-server-core/dist/middleware/historyApiFallbackMiddleware.d.ts"
"a2566b7568c5f6e85bc2d49214bffeed9fe4f7c8","frontend/node_modules/@web/dev-server-core/dist/middleware/historyApiFallbackMiddleware.d.ts.map"
"6f518b9f14e1dba0691f945dc99fdf756d605ec2","frontend/node_modules/@web/dev-server-core/dist/middleware/historyApiFallbackMiddleware.js"
"c0310c305d98d70425a550bd425fb66a72970d4a","frontend/node_modules/@web/dev-server-core/dist/middleware/historyApiFallbackMiddleware.js.map"
"26045bbab041009ddd4feb62290f63909f2021d9","frontend/node_modules/@web/dev-server-core/dist/middleware/pluginFileParsedMiddleware.d.ts"
"3a94896ab4932fb7b023b7c66fa2935dabc88c2a","frontend/node_modules/@web/dev-server-core/dist/middleware/pluginFileParsedMiddleware.d.ts.map"
"f7357214b25d237091c6ae7ce1db97cb61ef7f5e","frontend/node_modules/@web/dev-server-core/dist/middleware/pluginFileParsedMiddleware.js"
"d8879843e550b6fb06adb7752eb0f843b07a2eee","frontend/node_modules/@web/dev-server-core/dist/middleware/pluginFileParsedMiddleware.js.map"
"12cd0b5e818b50b76c61d43a2d955d72242d16b8","frontend/node_modules/@web/dev-server-core/dist/middleware/pluginMimeTypeMiddleware.d.ts"
"512ad591bd1088f3cd38a49f5ea3566d10a73371","frontend/node_modules/@web/dev-server-core/dist/middleware/pluginMimeTypeMiddleware.d.ts.map"
"2af03eb15983a25e614de639de79de3a55d3a5e5","frontend/node_modules/@web/dev-server-core/dist/middleware/pluginMimeTypeMiddleware.js"
"9d0db279a55914884d042cfd9a18bf33d55a2582","frontend/node_modules/@web/dev-server-core/dist/middleware/pluginMimeTypeMiddleware.js.map"
"cd41bcd8a6fd8cc55241843f4d627f32c28a0012","frontend/node_modules/@web/dev-server-core/dist/middleware/pluginServeMiddleware.d.ts"
"2fb0d5691e5139a140f714c78df6247ce401ad25","frontend/node_modules/@web/dev-server-core/dist/middleware/pluginServeMiddleware.d.ts.map"
"ba7b9309f9e231dc81de59f52b749cdce9329b38","frontend/node_modules/@web/dev-server-core/dist/middleware/pluginServeMiddleware.js"
"cb5a40e05bb33474bd9517c00f6b7b3e1c229849","frontend/node_modules/@web/dev-server-core/dist/middleware/pluginServeMiddleware.js.map"
"ace3fb62bde628163d70db8351f4a6e8dc63a9e6","frontend/node_modules/@web/dev-server-core/dist/middleware/pluginTransformMiddleware.d.ts"
"da2188ec468e73f16f9c3fad19f7f281fa63a733","frontend/node_modules/@web/dev-server-core/dist/middleware/pluginTransformMiddleware.d.ts.map"
"1e0278fc4a65888444e0e677fbcb818f5292a003","frontend/node_modules/@web/dev-server-core/dist/middleware/pluginTransformMiddleware.js"
"b4a1d5a75c64a838e77500c15592cf708eb913ce","frontend/node_modules/@web/dev-server-core/dist/middleware/pluginTransformMiddleware.js.map"
"227aed9e2e358e5bb3509f061bc7d743e306ccfb","frontend/node_modules/@web/dev-server-core/dist/middleware/serveFilesMiddleware.d.ts"
"f7aa1dcefe3649087195161003bd3b9a0aebf314","frontend/node_modules/@web/dev-server-core/dist/middleware/serveFilesMiddleware.d.ts.map"
"36c6de2cfb7cfd87cce29d89312880c1cc5b9944","frontend/node_modules/@web/dev-server-core/dist/middleware/serveFilesMiddleware.js"
"bd35265cde8a2cde35a4f4b15ba8290077645f43","frontend/node_modules/@web/dev-server-core/dist/middleware/serveFilesMiddleware.js.map"
"7477830f90e45a9f66abd231a73a83a1d6df24a5","frontend/node_modules/@web/dev-server-core/dist/middleware/watchServedFilesMiddleware.d.ts"
"9f811b54eb860303846fc20c48f89f236b491542","frontend/node_modules/@web/dev-server-core/dist/middleware/watchServedFilesMiddleware.d.ts.map"
"ca7c36e8f272db9561092f87f4d2de5cc90d6f42","frontend/node_modules/@web/dev-server-core/dist/middleware/watchServedFilesMiddleware.js"
"49739395764395f7959f1a429bafe640c2eadd9b","frontend/node_modules/@web/dev-server-core/dist/middleware/watchServedFilesMiddleware.js.map"
"b5f18a413fa6dad2c3456008121c5dc35765c4db","frontend/node_modules/@web/dev-server-core/dist/plugins"
"71ca6b95852c9371445da76fffee2050af9dee41","frontend/node_modules/@web/dev-server-core/dist/plugins/Plugin.d.ts"
"9a942ea351baa8f72c0e44eaff8a968e29e9e00a","frontend/node_modules/@web/dev-server-core/dist/plugins/Plugin.d.ts.map"
"1aa37629eaa615ee7750c253643341779deebaf4","frontend/node_modules/@web/dev-server-core/dist/plugins/Plugin.js"
"2b1362714eba8a247b09ac61bdbc0482d183bbf1","frontend/node_modules/@web/dev-server-core/dist/plugins/Plugin.js.map"
"e3b27165529a81eb64392ab12dd19f7bf17a9e87","frontend/node_modules/@web/dev-server-core/dist/plugins/mimeTypesPlugin.d.ts"
"9591b515acb3dfb727003c27b71fbc8bbb8b5a47","frontend/node_modules/@web/dev-server-core/dist/plugins/mimeTypesPlugin.d.ts.map"
"523776324f385a4e11c2474daa02a77f7ac766c4","frontend/node_modules/@web/dev-server-core/dist/plugins/mimeTypesPlugin.js"
"a12c5e706b842c949297d72b9b5ec23d0c2a03fc","frontend/node_modules/@web/dev-server-core/dist/plugins/mimeTypesPlugin.js.map"
"2a79d0dbab315e900377445a1c00ceda2130deee","frontend/node_modules/@web/dev-server-core/dist/plugins/parseDynamicImport.d.ts"
"2b178ba7f747352df8d96416200ca6e84f3f8e3f","frontend/node_modules/@web/dev-server-core/dist/plugins/parseDynamicImport.d.ts.map"
"e8ca1dda61117cc47c638e8046c4793e14a2b3bf","frontend/node_modules/@web/dev-server-core/dist/plugins/parseDynamicImport.js"
"01b292f7973e6b6e9b8397ade290a67536e90afe","frontend/node_modules/@web/dev-server-core/dist/plugins/parseDynamicImport.js.map"
"41f9401a0d5faceff4ba6bf05aa7d7b832afb80e","frontend/node_modules/@web/dev-server-core/dist/plugins/transformModuleImportsPlugin.d.ts"
"c4a2a4b29234c101322bfc96d3f0391be887832d","frontend/node_modules/@web/dev-server-core/dist/plugins/transformModuleImportsPlugin.d.ts.map"
"be7b66813471736ec1f5969ede933236daac43c7","frontend/node_modules/@web/dev-server-core/dist/plugins/transformModuleImportsPlugin.js"
"a0b3bdbc3a91980039cbbd41fa304ab4d3b08c14","frontend/node_modules/@web/dev-server-core/dist/plugins/transformModuleImportsPlugin.js.map"
"9464fda0ca3bc32fd1fd5710f186c6e340adfe54","frontend/node_modules/@web/dev-server-core/dist/server"
"843303b4eb2f343497d61d4288c473014142e49b","frontend/node_modules/@web/dev-server-core/dist/server/DevServer.d.ts"
"781399464c3addb6eb25095318a98faaa01c658e","frontend/node_modules/@web/dev-server-core/dist/server/DevServer.d.ts.map"
"ec02bc5d4af5b2d6f52fdc73ce6405aca0c02b35","frontend/node_modules/@web/dev-server-core/dist/server/DevServer.js"
"85153fada1c3c283a31d10d50f513df7d7d89e06","frontend/node_modules/@web/dev-server-core/dist/server/DevServer.js.map"
"ab09b0967ad6b5e062f45e692ad6ed3049b53bb7","frontend/node_modules/@web/dev-server-core/dist/server/DevServerCoreConfig.d.ts"
"2c4245b882d69713f236ef416c988f64a20fcf98","frontend/node_modules/@web/dev-server-core/dist/server/DevServerCoreConfig.d.ts.map"
"243ac382a4ded53441033ba51f0f8d969a19b768","frontend/node_modules/@web/dev-server-core/dist/server/DevServerCoreConfig.js"
"b5d5e3219f9169f6f0d57ee48f9092aa60d141ff","frontend/node_modules/@web/dev-server-core/dist/server/DevServerCoreConfig.js.map"
"33d8ecbef45d6dfb818b39cc21e18308c1b4047a","frontend/node_modules/@web/dev-server-core/dist/server/addPlugins.d.ts"
"f855080a60925937715f8f4254fc0ac57395d647","frontend/node_modules/@web/dev-server-core/dist/server/addPlugins.d.ts.map"
"abdb3c1913252c5758ef01abd176e72bc3da6245","frontend/node_modules/@web/dev-server-core/dist/server/addPlugins.js"
"f799c740e2bea161751b9f0ac2a4bdce4d59887b","frontend/node_modules/@web/dev-server-core/dist/server/addPlugins.js.map"
"15239e01effe3fdf0afb0911730ae2fe6e3d2af7","frontend/node_modules/@web/dev-server-core/dist/server/createMiddleware.d.ts"
"1bd501aa3f02d97c192fdd23692f9cfdc794d78a","frontend/node_modules/@web/dev-server-core/dist/server/createMiddleware.d.ts.map"
"99f57cd9a556572201b1c946cd4728801a78334d","frontend/node_modules/@web/dev-server-core/dist/server/createMiddleware.js"
"907260d78efb6508814598753e46d0e88f9536cc","frontend/node_modules/@web/dev-server-core/dist/server/createMiddleware.js.map"
"6c25dc8c5868c8f84a6a209140c7316ba16bf692","frontend/node_modules/@web/dev-server-core/dist/server/createServer.d.ts"
"d4a4ae2a2b084a1bb91290e43f9518c2e8373609","frontend/node_modules/@web/dev-server-core/dist/server/createServer.d.ts.map"
"4b6f2e7f83ee3244b2c4641bcbcfaf8b3861c3ec","frontend/node_modules/@web/dev-server-core/dist/server/createServer.js"
"577cf33dfaaa19ea889a60b7f2e484d1d4eaee9b","frontend/node_modules/@web/dev-server-core/dist/server/createServer.js.map"
"46545bc48ec76fb5bc6245dec03f06dc160532dd","frontend/node_modules/@web/dev-server-core/dist/test-helpers.d.ts"
"01132a7071e61b6c2ad5f2b572b42ad3487bc915","frontend/node_modules/@web/dev-server-core/dist/test-helpers.d.ts.map"
"1e076a7881af2fc5d1d447a6df65258abb683ab2","frontend/node_modules/@web/dev-server-core/dist/test-helpers.js"
"6eff97a9f1ff19ada546fbb73a78c3f9b9672a5c","frontend/node_modules/@web/dev-server-core/dist/test-helpers.js.map"
"65f261ab7b5f6e52dd31991424209861133a5cd5","frontend/node_modules/@web/dev-server-core/dist/utils.d.ts"
"f0a1523d5f3f67385a97270a8855e231cd9b12b2","frontend/node_modules/@web/dev-server-core/dist/utils.d.ts.map"
"cbfe7af254ba90be604eef86ce7dca27cb3a2c0f","frontend/node_modules/@web/dev-server-core/dist/utils.js"
"64c98310041fc91456f5f7c38e054d0ee2268261","frontend/node_modules/@web/dev-server-core/dist/utils.js.map"
"0f6ef2a54255207f43ddeb6cc358232eb37cbae0","frontend/node_modules/@web/dev-server-core/dist/web-sockets"
"55584955f4893c2406e27c3b33db5e7d0d8b388f","frontend/node_modules/@web/dev-server-core/dist/web-sockets/EventEmitter.d.ts"
"14286033215747dd1d66ba43f78b4ca78b8989b7","frontend/node_modules/@web/dev-server-core/dist/web-sockets/EventEmitter.d.ts.map"
"645b9e393f6355f2c6d40aeb52fa89dfe06e5539","frontend/node_modules/@web/dev-server-core/dist/web-sockets/EventEmitter.js"
"ef87e2668c04d2352f69b0928c1bbeaa12fda119","frontend/node_modules/@web/dev-server-core/dist/web-sockets/EventEmitter.js.map"
"d22891470ceb1922cb9465ea2db4b02d4cfae7e9","frontend/node_modules/@web/dev-server-core/dist/web-sockets/WebSocketsManager.d.ts"
"9ba61b8bdab2452382d7b533d48cfa4e0af11bcf","frontend/node_modules/@web/dev-server-core/dist/web-sockets/WebSocketsManager.d.ts.map"
"c8a8ba091122509bebad375da54ba8aae7af7a5e","frontend/node_modules/@web/dev-server-core/dist/web-sockets/WebSocketsManager.js"
"4a9c3f2b44031b714113045132835abaa098c54b","frontend/node_modules/@web/dev-server-core/dist/web-sockets/WebSocketsManager.js.map"
"1678f0e252259236328c50bc4848349cc1f762a1","frontend/node_modules/@web/dev-server-core/dist/web-sockets/webSocketsPlugin.d.ts"
"7cac7960015de5aec16bb8bf671232dae2476604","frontend/node_modules/@web/dev-server-core/dist/web-sockets/webSocketsPlugin.d.ts.map"
"8601d3a73fbdb7b50fc48138c501735b07d895d8","frontend/node_modules/@web/dev-server-core/dist/web-sockets/webSocketsPlugin.js"
"3c6a134f0bcd630bbd79f52b6e6b03c129f9c8e5","frontend/node_modules/@web/dev-server-core/dist/web-sockets/webSocketsPlugin.js.map"
"06811aaafad9b980fea02c93e99482908b7ef285","frontend/node_modules/@web/dev-server-core/index.d.ts"
"784062c2e23ea235b2d0800b792215d8ffbaa95d","frontend/node_modules/@web/dev-server-core/index.mjs"
"defcaf24fc6fccd583aedb3e220f031df62a9456","frontend/node_modules/@web/dev-server-core/package.json"
"c1701a521f7ecd4945d66d5a4213126f888ebc3a","frontend/node_modules/@web/dev-server-core/src"
"0c1fba21e0ea311b8e6a3ce75343a1d44d4c6a4f","frontend/node_modules/@web/dev-server-core/src/dom5"
"e269dabbd3244a39b99576dbadc94167404c335d","frontend/node_modules/@web/dev-server-core/src/dom5/README.md"
"c881b2179548453f2864d4facaadeba9529e291d","frontend/node_modules/@web/dev-server-core/src/dom5/index.ts"
"33fb228a45d5eb870ce3ae69af2983e6478beb23","frontend/node_modules/@web/dev-server-core/src/dom5/iteration.ts"
"55510004e29811b113aa53db384ad215818050dd","frontend/node_modules/@web/dev-server-core/src/dom5/modification.ts"
"bb66c426aab84b5ac860144a2c77d29c7ab6bb38","frontend/node_modules/@web/dev-server-core/src/dom5/predicates.ts"
"9def72989ec6d34a0064cb3aa425682d0aa35e96","frontend/node_modules/@web/dev-server-core/src/dom5/util.ts"
"278615c5e18cdbfc22de3bebfd351883fc59953c","frontend/node_modules/@web/dev-server-core/src/dom5/walking.ts"
"e238c16b41bc9fe0655247be97de7dacfca95cad","frontend/node_modules/@web/dev-server-core/src/index.ts"
"2515f5caec5f9d59668ba9ec2cdbff7d22179af2","frontend/node_modules/@web/dev-server-core/src/logger"
"a896f399e6c75c2ef884737d90fec4ecf4895407","frontend/node_modules/@web/dev-server-core/src/logger/Logger.ts"
"2e595c9a65516d57181537e8c84063db7f37a626","frontend/node_modules/@web/dev-server-core/src/logger/PluginError.ts"
"0cacb76998df082279a787df6a2d2131197a977d","frontend/node_modules/@web/dev-server-core/src/logger/PluginSyntaxError.ts"
"d7ae08e5ee9e53d420b259fdbcac329e9fdc852e","frontend/node_modules/@web/dev-server-core/src/middleware"
"9a6d5a361346e50795b1c3988decfbc6dc434685","frontend/node_modules/@web/dev-server-core/src/middleware/PluginTransformCache.ts"
"0a82c11e84021d7feb7c2d6a8f2509f3d9822faf","frontend/node_modules/@web/dev-server-core/src/middleware/basePathMiddleware.ts"
"1b3f4e1e9010770bfa0514b71a7d1d3708d485b0","frontend/node_modules/@web/dev-server-core/src/middleware/etagCacheMiddleware.ts"
"7444e55133654bee1622fc5bd065a014dc17f813","frontend/node_modules/@web/dev-server-core/src/middleware/historyApiFallbackMiddleware.ts"
"af8456c2e3d1ee7ae058b2134e3783e47592ffd6","frontend/node_modules/@web/dev-server-core/src/middleware/pluginFileParsedMiddleware.ts"
"c9ff072af2c5b151f272ca53a39e6533fca4a3ad","frontend/node_modules/@web/dev-server-core/src/middleware/pluginMimeTypeMiddleware.ts"
"da3bac4b2fd4fa314180a39e1098f126a8299deb","frontend/node_modules/@web/dev-server-core/src/middleware/pluginServeMiddleware.ts"
"f04867067228eda5733a34101c540b65222d3225","frontend/node_modules/@web/dev-server-core/src/middleware/pluginTransformMiddleware.ts"
"f1f384d836a879e1ab872fdd602aa312db03dc79","frontend/node_modules/@web/dev-server-core/src/middleware/serveFilesMiddleware.ts"
"c05cb1e0125897a2e8cc1eb5d30e274d60e85bc8","frontend/node_modules/@web/dev-server-core/src/middleware/watchServedFilesMiddleware.ts"
"768d8c390455bffdcfd005a4e69c731403c2cdea","frontend/node_modules/@web/dev-server-core/src/plugins"
"158ba6b9935064e87c9649590bb11cac222b0e2b","frontend/node_modules/@web/dev-server-core/src/plugins/Plugin.ts"
"5da9f8db403c7a40f021dfce811f60f38249598c","frontend/node_modules/@web/dev-server-core/src/plugins/mimeTypesPlugin.ts"
"36295c267f8867f011cf1ef0cbf207d132d77a1f","frontend/node_modules/@web/dev-server-core/src/plugins/parseDynamicImport.ts"
"83e8a0049ee3b3fc166357a0c0f33d7c537021a7","frontend/node_modules/@web/dev-server-core/src/plugins/transformModuleImportsPlugin.ts"
"208b43704b0909e33b822ac1827fdbe4276f711c","frontend/node_modules/@web/dev-server-core/src/server"
"f282651fa542f71265b701e3c37698c320f30674","frontend/node_modules/@web/dev-server-core/src/server/DevServer.ts"
"4e5621354cab5c1055721c6953d03defe526311f","frontend/node_modules/@web/dev-server-core/src/server/DevServerCoreConfig.ts"
"051e946efabeeaef41f348603f40ab0f7b14fffa","frontend/node_modules/@web/dev-server-core/src/server/addPlugins.ts"
"1bf5fdce1a29717e427450c03925307b555f0209","frontend/node_modules/@web/dev-server-core/src/server/createMiddleware.ts"
"bb5720535724f6f4ad8a160cc4c298a8c7ec950c","frontend/node_modules/@web/dev-server-core/src/server/createServer.ts"
"74e19db790c54cd2d60ab82845cdeef7818782b6","frontend/node_modules/@web/dev-server-core/src/test-helpers.ts"
"8c16cc43774e54b481be70a743b75e6b8cd9080d","frontend/node_modules/@web/dev-server-core/src/utils.ts"
"75bf300621cda5bd2dc678e0281e30e021b48de0","frontend/node_modules/@web/dev-server-core/src/web-sockets"
"0c1d4a33fd49c9fff3f8f8a9e3059cecce92358a","frontend/node_modules/@web/dev-server-core/src/web-sockets/EventEmitter.ts"
"cb04c708940c2e91d014a75310c6fc10f521cb85","frontend/node_modules/@web/dev-server-core/src/web-sockets/WebSocketsManager.ts"
"ce760d4db4b28eb387d37f89670b8f1f2aaed680","frontend/node_modules/@web/dev-server-core/src/web-sockets/webSocketsPlugin.ts"
"a828b5289f7be536ed9d26a04cbffa30de834544","frontend/node_modules/@web/dev-server-core/test-helpers.d.ts"
"9c0d7140bc7ef6c8823919729c39f0c8603d1343","frontend/node_modules/@web/dev-server-core/test-helpers.mjs"
"c4e3a552e1421129d758669747abc3f7818d4dbb","frontend/node_modules/@web/dev-server-rollup"
"b88fff5b76412ba110f862dc53342e57951e91e7","frontend/node_modules/@web/dev-server-rollup/README.md"
"ed79623130e2a1a5c36f9ed8eef4f6628db3752e","frontend/node_modules/@web/dev-server-rollup/dist"
"e596fd6ca1fb71f8aa018955fe58f8a6b417383e","frontend/node_modules/@web/dev-server-rollup/dist/createRollupPluginContextAdapter.d.ts"
"af53ce9ddb27bc7911a402d66cee85336089d7e4","frontend/node_modules/@web/dev-server-rollup/dist/createRollupPluginContextAdapter.d.ts.map"
"f2bdf4c6109d18d18ac7678b960f3d75516c35d6","frontend/node_modules/@web/dev-server-rollup/dist/createRollupPluginContextAdapter.js"
"990d78acfd9af8fd2fe8cecd4a864b5936c464ab","frontend/node_modules/@web/dev-server-rollup/dist/createRollupPluginContextAdapter.js.map"
"28bcf9effb1456f5ce6a70aa664b8f23d06cbd3d","frontend/node_modules/@web/dev-server-rollup/dist/createRollupPluginContexts.d.ts"
"4dae1715388d05cb382f7e89077d0b3f4b5a247e","frontend/node_modules/@web/dev-server-rollup/dist/createRollupPluginContexts.d.ts.map"
"20b5caad95c8ee02ccfb4f941738a9528bfe8266","frontend/node_modules/@web/dev-server-rollup/dist/createRollupPluginContexts.js"
"cb754d7f461365a77ca5b7d4563db88047466d56","frontend/node_modules/@web/dev-server-rollup/dist/createRollupPluginContexts.js.map"
"747c79899ff3e1d592f22cd24a68982c4ca44a00","frontend/node_modules/@web/dev-server-rollup/dist/fromRollup.d.ts"
"af03e853f48fcc80371624f1108a1859589fae8d","frontend/node_modules/@web/dev-server-rollup/dist/fromRollup.d.ts.map"
"e5589e84d89997a76388b54b92720b0e8a067ca5","frontend/node_modules/@web/dev-server-rollup/dist/fromRollup.js"
"ac13bd358344b6c14e34c4dac2bec16b0ac32958","frontend/node_modules/@web/dev-server-rollup/dist/fromRollup.js.map"
"047901b00e379599cc9e5e7892fbe9299c485e6a","frontend/node_modules/@web/dev-server-rollup/dist/index.d.ts"
"24f50b3150aeb9dfb46ee71c5d7b3b13f8be24cf","frontend/node_modules/@web/dev-server-rollup/dist/index.d.ts.map"
"3bc263f0690584b45133e3c81137266d11f1fac7","frontend/node_modules/@web/dev-server-rollup/dist/index.js"
"425636bf74e69d836975e71e4b017b4f68fef949","frontend/node_modules/@web/dev-server-rollup/dist/index.js.map"
"06effdc8552602d4cf549d3573d80000efca9e9b","frontend/node_modules/@web/dev-server-rollup/dist/rollupAdapter.d.ts"
"3935b087a55cbc902a5714ab1654edbf9cbdcfc8","frontend/node_modules/@web/dev-server-rollup/dist/rollupAdapter.d.ts.map"
"77006d0979bc59224186d6a5933dee3cc38366ec","frontend/node_modules/@web/dev-server-rollup/dist/rollupAdapter.js"
"e013fbe339896ec88bfadfba5a38b6f086c63392","frontend/node_modules/@web/dev-server-rollup/dist/rollupAdapter.js.map"
"9b529cfc2f08a578e21200bef69e5ce53fb6b2e5","frontend/node_modules/@web/dev-server-rollup/dist/rollupBundlePlugin.d.ts"
"af4c7947487d55d702f6c1256c7ad4263e6249f3","frontend/node_modules/@web/dev-server-rollup/dist/rollupBundlePlugin.d.ts.map"
"4ed7242c3f7bb54f17d9476e7203ead59605281a","frontend/node_modules/@web/dev-server-rollup/dist/rollupBundlePlugin.js"
"b04da4996a8f6b4e79f4f296c0152a266189a133","frontend/node_modules/@web/dev-server-rollup/dist/rollupBundlePlugin.js.map"
"ecec0bbcf88b83b6273618b1a7982215ee46f43a","frontend/node_modules/@web/dev-server-rollup/dist/utils.d.ts"
"9ded7ba93241ed783efa36b77888d9b5cf18f843","frontend/node_modules/@web/dev-server-rollup/dist/utils.d.ts.map"
"730fe7be0d06282c28f76a4f186dcf2850ca67df","frontend/node_modules/@web/dev-server-rollup/dist/utils.js"
"ad2454e74baf38a1c995db27d7770e2e8d4f5a2d","frontend/node_modules/@web/dev-server-rollup/dist/utils.js.map"
"2e9fdd75552cbafc0976a5453cefcd1a09f8f6ac","frontend/node_modules/@web/dev-server-rollup/index.mjs"
"bd35f37fd7f58370bea55f19daeb1cc272cef3f0","frontend/node_modules/@web/dev-server-rollup/package.json"
"7713777f3bdbff4f3f499d12684aece24227cab1","frontend/node_modules/@web/dev-server-rollup/src"
"ea01d7b365c6969daba9ff91a3d288b6aa4aa63b","frontend/node_modules/@web/dev-server-rollup/src/createRollupPluginContextAdapter.ts"
"9651ec55d44d60b0693d215c07200395d1c6a2d9","frontend/node_modules/@web/dev-server-rollup/src/createRollupPluginContexts.ts"
"5263566d5e99fc8669673e691fc7ec6141143a1d","frontend/node_modules/@web/dev-server-rollup/src/fromRollup.ts"
"d37362eef89a2baceed2c58ddda734710b3e5125","frontend/node_modules/@web/dev-server-rollup/src/index.ts"
"94d2b958129dfe1b16f2f46a61faaf34f2b15375","frontend/node_modules/@web/dev-server-rollup/src/rollupAdapter.ts"
"e57fc3acbf45f19090346bed43a06d295bfaeea6","frontend/node_modules/@web/dev-server-rollup/src/rollupBundlePlugin.ts"
"c54954d7eaa63184394c9aaa31058682bff1fd54","frontend/node_modules/@web/dev-server-rollup/src/utils.ts"
"f14c5b0b38ba1d6ada0940272bbb20e4dc0f12c5","frontend/node_modules/@web/dev-server"
"a07d0434d16e1fdf49e0b3d4f93239fe723a553c","frontend/node_modules/@web/dev-server/README.md"
"4806b266a93398cf713f1b85dbd58c5ee54a414a","frontend/node_modules/@web/dev-server/dist"
"24436ffeccb510eac59f38fc06b8ee46704e42af","frontend/node_modules/@web/dev-server/dist/DevServerStartError.d.ts"
"47570a513bdf2c7ded4a440edd0a4712a78d1fc8","frontend/node_modules/@web/dev-server/dist/DevServerStartError.d.ts.map"
"10795fce1f88d320fdd062ea01b11101ae11dcc4","frontend/node_modules/@web/dev-server/dist/DevServerStartError.js"
"c87251294cad94acc396acae167e198db02b1172","frontend/node_modules/@web/dev-server/dist/DevServerStartError.js.map"
"34e005228653c859902da60179ddd16fcd8bf478","frontend/node_modules/@web/dev-server/dist/bin.d.ts"
"41522bcfa4d9bfd0a50c674f8eb68db49c293c70","frontend/node_modules/@web/dev-server/dist/bin.d.ts.map"
"75361aad217b9a402c0b1f9fc9d5930d41171874","frontend/node_modules/@web/dev-server/dist/bin.js"
"425b2071cebfe3a63a3f245027c9ca6edb6ca054","frontend/node_modules/@web/dev-server/dist/bin.js.map"
"88a747117f83e6560b6eaeb71ee3e5f9438a4efc","frontend/node_modules/@web/dev-server/dist/config"
"50556b0afa9af2088a8f252cb5b63c68708724e7","frontend/node_modules/@web/dev-server/dist/config/DevServerConfig.d.ts"
"2e5eaee5e41d951bc13430b5ee7257dd7eb5b48a","frontend/node_modules/@web/dev-server/dist/config/DevServerConfig.d.ts.map"
"b3efd36a4da43411872690116fe8a532f7e16950","frontend/node_modules/@web/dev-server/dist/config/DevServerConfig.js"
"ec9a66403d0f1b3d1e9c71ca8db175188e7f4acb","frontend/node_modules/@web/dev-server/dist/config/DevServerConfig.js.map"
"04559ad6672ad0a4538964702027a3187ef9a1f6","frontend/node_modules/@web/dev-server/dist/config/mergeConfigs.d.ts"
"087c12e06cfc2ad592c375d725fca5c2948aa8e3","frontend/node_modules/@web/dev-server/dist/config/mergeConfigs.d.ts.map"
"e33d6cb006b76b4aba11f7dfe72fb7bb2e5ace23","frontend/node_modules/@web/dev-server/dist/config/mergeConfigs.js"
"6e3a905c8cb94bc471ce34132f9083291959f047","frontend/node_modules/@web/dev-server/dist/config/mergeConfigs.js.map"
"9cf10faab296518b3be8f95c935a87c82276f680","frontend/node_modules/@web/dev-server/dist/config/parseConfig.d.ts"
"b3e70867b7e65f6607cd65a0dc2186a9179acd52","frontend/node_modules/@web/dev-server/dist/config/parseConfig.d.ts.map"
"d487ae3b4187f10e519f2dca6f7a160b1c7b7d3d","frontend/node_modules/@web/dev-server/dist/config/parseConfig.js"
"a167ef1438405e3a21c80aa6589a808d3e1f9802","frontend/node_modules/@web/dev-server/dist/config/parseConfig.js.map"
"c98502f41a6ba54ba06b2bdd68d2e375f9b8879b","frontend/node_modules/@web/dev-server/dist/config/readCliArgs.d.ts"
"8a0568be7f25ea1684ab7f7865db6f243b70f4fb","frontend/node_modules/@web/dev-server/dist/config/readCliArgs.d.ts.map"
"003e816cdda62eee10abb3db160c328c9afa0ad4","frontend/node_modules/@web/dev-server/dist/config/readCliArgs.js"
"8ad803770582a2ef6bc77af38cc3fe47e3c7e5a5","frontend/node_modules/@web/dev-server/dist/config/readCliArgs.js.map"
"a3840fef7b94ded2399a1531a389b0d6ef29dd79","frontend/node_modules/@web/dev-server/dist/config/readFileConfig.d.ts"
"4815778045b84e187310518a3ae6abb4eee63419","frontend/node_modules/@web/dev-server/dist/config/readFileConfig.d.ts.map"
"7a5b9a90c9e9166b8c84711cf07aeaf76f5b189e","frontend/node_modules/@web/dev-server/dist/config/readFileConfig.js"
"6aa9b5d2559205a92e34b29e3b6459f9e7f4f955","frontend/node_modules/@web/dev-server/dist/config/readFileConfig.js.map"
"3d629c4302e2df99bbe3e9f9a413b62834cb0794","frontend/node_modules/@web/dev-server/dist/index.d.ts"
"6aefce26fca1b408506302578e93d94f5c525aeb","frontend/node_modules/@web/dev-server/dist/index.d.ts.map"
"4a1052eb23cd0d0cf49abc0761b2cbbe9d563621","frontend/node_modules/@web/dev-server/dist/index.js"
"c07f0ad5493608ca921a184d619634b272b99109","frontend/node_modules/@web/dev-server/dist/index.js.map"
"d982902bffd628f1734b942ea8544e5ad96ca6af","frontend/node_modules/@web/dev-server/dist/logger"
"a7926f18bc903a4767f66a0eb19199f78276c646","frontend/node_modules/@web/dev-server/dist/logger/DevServerLogger.d.ts"
"17917904fc8a33827e501aa4c55fec146fb3fe4d","frontend/node_modules/@web/dev-server/dist/logger/DevServerLogger.d.ts.map"
"15eaf2d10c733a007cde45097664a8db6424a302","frontend/node_modules/@web/dev-server/dist/logger/DevServerLogger.js"
"b1d98e2747f924028f5344c2bd65d3362b887c4d","frontend/node_modules/@web/dev-server/dist/logger/DevServerLogger.js.map"
"b3532a7e330eac51b63a217e94dc46691c93b64b","frontend/node_modules/@web/dev-server/dist/logger/createLogger.d.ts"
"adf991dc095d51f843067185227d0a30adc86d3d","frontend/node_modules/@web/dev-server/dist/logger/createLogger.d.ts.map"
"fe521d5ffc225d9f8d303f63c97c407f15d49f35","frontend/node_modules/@web/dev-server/dist/logger/createLogger.js"
"afaa3c6986d7be24e036613c60f43991b89ebd2f","frontend/node_modules/@web/dev-server/dist/logger/createLogger.js.map"
"55489bcda9c958803711d65db3ef150a0a2073b9","frontend/node_modules/@web/dev-server/dist/logger/logStartMessage.d.ts"
"fafa4a1c123c38b500eaeb420281c10d76e83931","frontend/node_modules/@web/dev-server/dist/logger/logStartMessage.d.ts.map"
"8c79b08d771c196650a26a4b293348ad2313a2fd","frontend/node_modules/@web/dev-server/dist/logger/logStartMessage.js"
"0901a648d59cc9dc6092a36e56f110ab8fa0d3a0","frontend/node_modules/@web/dev-server/dist/logger/logStartMessage.js.map"
"32753ade403c9d11d8bce733e6ccab99e8644158","frontend/node_modules/@web/dev-server/dist/openBrowser.d.ts"
"e2ce8ca7852c0ec89f6c4413ba9dcbbf7a9dfc72","frontend/node_modules/@web/dev-server/dist/openBrowser.d.ts.map"
"9fb2c2070decedd4d5f6a84fdc2ba3e68650c8cd","frontend/node_modules/@web/dev-server/dist/openBrowser.js"
"51102115ed0ff7ee4c262c1b9db6c35e53190d82","frontend/node_modules/@web/dev-server/dist/openBrowser.js.map"
"12598ccf5a11ed0b2f37e9be4ab74d9a1aeadbcf","frontend/node_modules/@web/dev-server/dist/plugins"
"21477405734021438317a0f62996a39a234c5995","frontend/node_modules/@web/dev-server/dist/plugins/esbuildPlugin.d.ts"
"1b50956753f29f8a3e20f18b3774fdadd53ddd2a","frontend/node_modules/@web/dev-server/dist/plugins/esbuildPlugin.d.ts.map"
"ed3570171f76ffd9308ebd7b9331afa9dd43715d","frontend/node_modules/@web/dev-server/dist/plugins/esbuildPlugin.js"
"d39cc88ef5ddfb6239f9c028cdfee88f92cd3a2f","frontend/node_modules/@web/dev-server/dist/plugins/esbuildPlugin.js.map"
"597277726945cf6de64499bf1089b1eeaa15da90","frontend/node_modules/@web/dev-server/dist/plugins/nodeResolvePlugin.d.ts"
"342a9fa8743f9b082cd5edabe0e5381bd48c0448","frontend/node_modules/@web/dev-server/dist/plugins/nodeResolvePlugin.d.ts.map"
"d2c0a6e1858fac0bfc6d3b0c52b05fc4cd4c2234","frontend/node_modules/@web/dev-server/dist/plugins/nodeResolvePlugin.js"
"d48d2767ae8d8bc18990e1e6eb04be198eb40c4b","frontend/node_modules/@web/dev-server/dist/plugins/nodeResolvePlugin.js.map"
"9ac639a3507588cb5b688e4145ce52afeaaaf676","frontend/node_modules/@web/dev-server/dist/plugins/watchPlugin.d.ts"
"a088060a63da127882860adbcd2bbfbd333ddae9","frontend/node_modules/@web/dev-server/dist/plugins/watchPlugin.d.ts.map"
"3ed069e3e526a34e166a2900e042282864a4e6ef","frontend/node_modules/@web/dev-server/dist/plugins/watchPlugin.js"
"21999c07407814bc86b05424e7af8e27f88b822c","frontend/node_modules/@web/dev-server/dist/plugins/watchPlugin.js.map"
"055c85efffda43a89d082e88d795e88c4c3a40d6","frontend/node_modules/@web/dev-server/dist/startDevServer.d.ts"
"c5f9013b427470085b375a51592b8ee60ccc7fed","frontend/node_modules/@web/dev-server/dist/startDevServer.d.ts.map"
"2395257e2e54030b72dbc11cbb0307bd1b0979c0","frontend/node_modules/@web/dev-server/dist/startDevServer.js"
"af05247b435bbde45de7f5b58570b90a3bb812d7","frontend/node_modules/@web/dev-server/dist/startDevServer.js.map"
"113d1f3deeba367f7f8e0d8ab4e95e7a6c0b1916","frontend/node_modules/@web/dev-server/index.mjs"
"de940e078cb75ad992544a99e14b223a3eb99c16","frontend/node_modules/@web/dev-server/package.json"
"0c287b54f3f84814b4b8d76d183400a3d3ac67fa","frontend/node_modules/@web/dev-server/src"
"4b446cbde2ea6a36cc26bb1b46a84e69d5d6d856","frontend/node_modules/@web/dev-server/src/DevServerStartError.ts"
"3b09dc8a85bbf8211d761f3748670ef4bbedf655","frontend/node_modules/@web/dev-server/src/bin.ts"
"9444a22add454fd10635b5f9bd49f2a91a51f7f0","frontend/node_modules/@web/dev-server/src/config"
"b8bee192303a9785d75a5d7764be12df79af73a4","frontend/node_modules/@web/dev-server/src/config/DevServerConfig.ts"
"ec187e6018d815a9b41f865b1e7093d58bd27b5e","frontend/node_modules/@web/dev-server/src/config/mergeConfigs.ts"
"9836d98e45487802eeaa09af179a4240f4e5a1a5","frontend/node_modules/@web/dev-server/src/config/parseConfig.ts"
"6dd892bd955c9d9c6d8ab697425226f18bc3347b","frontend/node_modules/@web/dev-server/src/config/readCliArgs.ts"
"cae64bfcdac4ec524edcfafbd05eaed77f412c61","frontend/node_modules/@web/dev-server/src/config/readFileConfig.ts"
"6c8c6cf4fa6970a1d2b3d46d95f855e0408f2877","frontend/node_modules/@web/dev-server/src/index.ts"
"2e14922be27e0cc49c631ac4e0c78bef578a0c11","frontend/node_modules/@web/dev-server/src/logger"
"856c965f6252eea9be26e8d933a8c22e04d9529b","frontend/node_modules/@web/dev-server/src/logger/DevServerLogger.ts"
"051291eb5bbc35e64fc858ddac362bf1e6baa78e","frontend/node_modules/@web/dev-server/src/logger/createLogger.ts"
"298daa918749e146d2eede52d68680806276e53f","frontend/node_modules/@web/dev-server/src/logger/logStartMessage.ts"
"8c3dfa10c1fd5e760d767fe0fbc1b1e4d95cedda","frontend/node_modules/@web/dev-server/src/openBrowser.ts"
"8e0260b91c32ff9cbe5832e4ab8d789fa1d92273","frontend/node_modules/@web/dev-server/src/plugins"
"42a4c4243726062ad34cc3187bf591e96a981293","frontend/node_modules/@web/dev-server/src/plugins/esbuildPlugin.ts"
"f9f6a1a13f5314f0fdf02bd6bb63afdee01416ae","frontend/node_modules/@web/dev-server/src/plugins/nodeResolvePlugin.ts"
"1a8923d1791b68cd079e68ca17e97084a298e521","frontend/node_modules/@web/dev-server/src/plugins/watchPlugin.ts"
"f4d65e71cc038b3f545ef29d2732f5c66fd090fa","frontend/node_modules/@web/dev-server/src/startDevServer.ts"
"1453c5b2f66915cf1e6404391867000ce9bec491","frontend/node_modules/@web/parse5-utils"
"7e01f94c19eebf6acbcf0ec3f6526b9e3dc5a298","frontend/node_modules/@web/parse5-utils/README.md"
"8ad6f777743805af35f88aba3c239b1b133531e2","frontend/node_modules/@web/parse5-utils/dist"
"89607c15b25d421180c884105d34ddc88664ea8b","frontend/node_modules/@web/parse5-utils/dist/index.d.ts"
"5ae0db1f77deda5edd236610c300c238f933acbb","frontend/node_modules/@web/parse5-utils/dist/index.d.ts.map"
"e4ddc9027ee3bef985f6f0692252b37ce74b2adf","frontend/node_modules/@web/parse5-utils/index.d.ts"
"67dcfc7b49c3c7b786361c780e1aac4bf43cbe23","frontend/node_modules/@web/parse5-utils/index.mjs"
"6ab4d04e9328a04b682984aeb00fc73518850207","frontend/node_modules/@web/parse5-utils/package.json"
"00e98a260265fa26e5fbf6e49a9f25bff6f804b9","frontend/node_modules/@web/parse5-utils/src"
"c48fba1fcf1c2cfaf276d5786c930566de40942a","frontend/node_modules/@web/parse5-utils/src/index.js"
"245f17caae8cd8db81b0f92ea3b491fe67f581c4","frontend/node_modules/accepts"
"cb5990c7c3620f4936a3ac42b3bf335c95eef7e8","frontend/node_modules/accepts/HISTORY.md"
"82680c530c3886540f630f643990e2ec707319d1","frontend/node_modules/accepts/README.md"
"e9b2f63fb16f8ecdeb16c8eced302612794ccf65","frontend/node_modules/accepts/index.js"
"0f2d15da92b29d328f4da484f494c5442c711b4d","frontend/node_modules/accepts/package.json"
"6822d229646f7019283972f7caf6ac08f15091fb","frontend/node_modules/ansi-styles"
"44a907e580f1055a36d44111fda9463ed1cd2d26","frontend/node_modules/ansi-styles/index.d.ts"
"5d82581a13f9900f9dc653b2df9f0027ee8bdda1","frontend/node_modules/ansi-styles/index.js"
"e7af2f77107d73046421ef56c4684cbfdd3c1e89","frontend/node_modules/ansi-styles/license"
"75393284d7e474de2c7fb1ee7d09169a6790c7da","frontend/node_modules/ansi-styles/package.json"
"24883de808be6a7480542114a86034312c026dec","frontend/node_modules/ansi-styles/readme.md"
"f9532671772483d1e32f7263b0c26007169b95ce","frontend/node_modules/array-back"
"203018f1e665160f2a3a51ff1fe91e9717af0b78","frontend/node_modules/array-back/LICENSE"
"dc32d2a1030c3d3bc59ff5b2edd24444510372ca","frontend/node_modules/array-back/README.hbs"
"9860b1cf0981f5fea90199fbb658306cae8ffb60","frontend/node_modules/array-back/README.md"
"4c72681da5501608e92a4c91cf1782d320edfd5c","frontend/node_modules/array-back/dist"
"0848d2d920b9dcc5f5515a1ff5289984a56a8e77","frontend/node_modules/array-back/dist/index.js"
"d937eba01b16e82776734b0e88b20117ed99fe48","frontend/node_modules/array-back/index.mjs"
"787cac0d7c9c4354a6333e6256d217fa3a167f3c","frontend/node_modules/array-back/package.json"
"f01b03a4ab83e661a3d5a5fb0646e8575e490d5a","frontend/node_modules/async"
"ce990a51c49edb690bd62b34ee0f814730296217","frontend/node_modules/async/CHANGELOG.md"
"b18aed69219562718858d972467ba0a68b1ce178","frontend/node_modules/async/LICENSE"
"55a0626de4acb1b94f3e39a0b547bc2bdf6dcf95","frontend/node_modules/async/README.md"
"622b301941b95c7c756a5f8b98a3116b3a07b908","frontend/node_modules/async/all.js"
"375e126021af6f8f30ebee8fa4e9bd61d5d0be29","frontend/node_modules/async/allLimit.js"
"9a6bf7d468409fd7bf6c77aba5cb2e79f32e1847","frontend/node_modules/async/allSeries.js"
"a5bd328abe14685f2a467aa57e630be88158476f","frontend/node_modules/async/any.js"
"3a8096fdaac1b272d6a66ab985ff22dec372dd73","frontend/node_modules/async/anyLimit.js"
"51aad19bdc2a5fc65cced4db170d273d94ba5790","frontend/node_modules/async/anySeries.js"
"d40784f303af9f79ab899f810f3154b236251624","frontend/node_modules/async/apply.js"
"841842c8b488777c87028f594ef464305b44cd74","frontend/node_modules/async/applyEach.js"
"f5267f67f427b8f5b738830c67aad76ba6b94b7b","frontend/node_modules/async/applyEachSeries.js"
"ddc3f02ff2c1367d97e8a8a5e0a1cff2d19cac20","frontend/node_modules/async/asyncify.js"
"163c4f278121ba19fe88c66cda97a33782312ce0","frontend/node_modules/async/auto.js"
"5db2653ae6333c9d10375170797da57e10caf3bf","frontend/node_modules/async/autoInject.js"
"390c6502f581075c067713444865d08b81a8bbd5","frontend/node_modules/async/bower.json"
"d4abd214d0c117e72d5ca56f2a91a2a37489e3e4","frontend/node_modules/async/cargo.js"
"69a60d6b139ceac8e4b097f89e05f90a20206566","frontend/node_modules/async/cargoQueue.js"
"0131c022979667e6b140a820980156a7e7599381","frontend/node_modules/async/compose.js"
"4540a79cffc444d45dcdbde37edb0b65b66d983b","frontend/node_modules/async/concat.js"
"a27cc7d45ac5d77a8c275eedd60be2a162cb186c","frontend/node_modules/async/concatLimit.js"
"332de3f3ec4fbfcc818a867872bfb09a34208659","frontend/node_modules/async/concatSeries.js"
"ea406f65548b85e46185478e7481cf44d016855a","frontend/node_modules/async/constant.js"
"d5896ef6435296a9abad3e771b05a9b261e018f2","frontend/node_modules/async/detect.js"
"c59843b6211ae6700bad86d4f73645c68b326bf4","frontend/node_modules/async/detectLimit.js"
"b48689967577f3d02265ed5053a013569be6d9ab","frontend/node_modules/async/detectSeries.js"
"8e9fafd788f08c91fbc281891cde1657b9335f63","frontend/node_modules/async/dir.js"
"a6c9354f9cb12ae1f4119db8e5634311b4b619f3","frontend/node_modules/async/dist"
"d7b791898947d497b07bd5905d68450515bdb076","frontend/node_modules/async/dist/async.js"
"f0b7fdf5f2e5601f5ae97705f2f8ff678872ebcf","frontend/node_modules/async/dist/async.min.js"
"2c599653364adb384d88e49e712dd471b83cd49a","frontend/node_modules/async/dist/async.mjs"
"c72766d0aa71eda780651a75368fddfcb9bfbfd1","frontend/node_modules/async/doDuring.js"
"519900ee9971e4b30ffcd42ebb31785e6cad219c","frontend/node_modules/async/doUntil.js"
"4165543f818028d988dc57f051ab2a476f42abf9","frontend/node_modules/async/during.js"
"fdfcbd882196dccf29b87a410f51070310723c16","frontend/node_modules/async/each.js"
"7f5928c615590a0f0ee25229b107a87df10533e5","frontend/node_modules/async/eachLimit.js"
"9ed20f669fcbe47bebc859d077ebab6c92e3309c","frontend/node_modules/async/eachOf.js"
"a596e5ac08892d34395d76bfbd1d9f428675243c","frontend/node_modules/async/eachOfLimit.js"
"04243ada0a45deac56a83f2e4a0755f710094e9b","frontend/node_modules/async/eachOfSeries.js"
"b04896e394ee5a2eaaac746c9c0eff805ce08968","frontend/node_modules/async/eachSeries.js"
"749c5dac74d9037ca75128112b5f5b7ebde31bd4","frontend/node_modules/async/ensureAsync.js"
"2c9a63de5b447820152e40c6be73bd97a0e56964","frontend/node_modules/async/filter.js"
"d3b3f50c61df2797efade248307ee679548fcf3e","frontend/node_modules/async/filterLimit.js"
"019a2d0a9d50a34760b3d5a5d6f366509e4e381e","frontend/node_modules/async/filterSeries.js"
"8a69548a6efd9e974b5281f3bda4e29b1b1a48a2","frontend/node_modules/async/foldl.js"
"5be1b68dca537ea15872ba4b2710ad8c36b47a72","frontend/node_modules/async/foldr.js"
"22925185e9d552f5a301f6132df44fe4d220ac8f","frontend/node_modules/async/forever.js"
"f295763021ff65964deb2b47ad3c8187fb99cd66","frontend/node_modules/async/groupBy.js"
"30fd290af4e2282207a06fc161b2bf07d7b5bce1","frontend/node_modules/async/groupByLimit.js"
"e2a528749753bfb23e3fd676d64e990163ec72a0","frontend/node_modules/async/groupBySeries.js"
"6154647d6b28fc1c085544ddff289b0b0e4bdeef","frontend/node_modules/async/index.js"
"8a63873dac783d17053a830bc048a9aedde01d83","frontend/node_modules/async/internal"
"419ce44bd15becbdaf45bbcf27f01c95cf32fbea","frontend/node_modules/async/internal/DoublyLinkedList.js"
"7867c92818719cd70e8c8f08d98cff9464cf70dd","frontend/node_modules/async/internal/Heap.js"
"544491267177eb1fa9bccd95c9cb12a724e48ac7","frontend/node_modules/async/internal/applyEach.js"
"34dd82bf697b76cfd6f741b8fc8da999a824e4f6","frontend/node_modules/async/internal/asyncEachOfLimit.js"
"bb7a609adcb1af30cccebbe33b0dec3d74c09423","frontend/node_modules/async/internal/awaitify.js"
"87413dd0def73e6a4d46ea528425df5619894721","frontend/node_modules/async/internal/breakLoop.js"
"748d54b74ae3cf79b1f05667c7b7b5aa621e6a23","frontend/node_modules/async/internal/consoleFunc.js"
"cafdf62ebcffebf2129252ed21f8b2f597bfb867","frontend/node_modules/async/internal/createTester.js"
"ceed60f47f4850c37b1df85ca078cdd845e0b3e6","frontend/node_modules/async/internal/eachOfLimit.js"
"065c211ec996e25bba6b067b42a1b9e08d9c7b19","frontend/node_modules/async/internal/filter.js"
"f518fce8c864e1118d80bdbb49948457f5f15f32","frontend/node_modules/async/internal/getIterator.js"
"04c0eff797d722460624d1c52dc6c9f755b3cebc","frontend/node_modules/async/internal/initialParams.js"
"a4c4c8a59546276fbeae14c7fd8f78a000a629b2","frontend/node_modules/async/internal/isArrayLike.js"
"5778b1e830095cd8fb89455bef827e5b84b9c48a","frontend/node_modules/async/internal/iterator.js"
"acab1e7251241168cdad181ac4b0571ee0f9c7cf","frontend/node_modules/async/internal/map.js"
"a8b5792663459549ac789e316dccb15819f816b5","frontend/node_modules/async/internal/once.js"
"c95a92d408076c4e641baf5f3655b3ccaec3f427","frontend/node_modules/async/internal/onlyOnce.js"
"57fbd0d01e85e7a985820cc7624ba5c8debd421c","frontend/node_modules/async/internal/parallel.js"
"17a83016c12b4293bb27ebd20a19540c9567e5e1","frontend/node_modules/async/internal/promiseCallback.js"
"7414e03bd600c15b98a77b22fae065dd312839a2","frontend/node_modules/async/internal/queue.js"
"cc7b3a9cdc4bd1122248ab0975db41290351fef8","frontend/node_modules/async/internal/range.js"
"9d9bc80bc464048ac39b58afb8c14a692eda89d9","frontend/node_modules/async/internal/reject.js"
"513efd13c28363194a5aa7e1a8fd9d12a961bcbe","frontend/node_modules/async/internal/setImmediate.js"
"fa91c2d5d2e3e2b124967f0889892849c5367174","frontend/node_modules/async/internal/withoutIndex.js"
"ad4d619868ab1be3a44f753cd98e87ecb483e9c2","frontend/node_modules/async/internal/wrapAsync.js"
"332b9da79b0847b38eb87b626d38f58bdd943e85","frontend/node_modules/async/log.js"
"c4b7a5ac56169367a10984a0c1efa7be1c07de54","frontend/node_modules/async/map.js"
"6ad35724e761de8393f7aa14499c6d259da5d86f","frontend/node_modules/async/mapLimit.js"
"8dfdd8aae4b9f55d42057a1db79a07752e061a27","frontend/node_modules/async/mapSeries.js"
"3d0470e3120c116090476f1fb3b89b9ea0750ce9","frontend/node_modules/async/mapValues.js"
"f59e36f2f66941604baaff074fd3f04a27b94b7b","frontend/node_modules/async/mapValuesLimit.js"
"5f05bf2182af49b729641767c8782c76e6fbbbb3","frontend/node_modules/async/mapValuesSeries.js"
"6535d4e4635cb53b5b9554a6dafc756612d38da3","frontend/node_modules/async/memoize.js"
"8ebfda9e62e5f25499a15d1301e3ab2345fa6d0a","frontend/node_modules/async/nextTick.js"
"bcf4c41b4126cc0f2ccfeeb04be3ee0bc90eae62","frontend/node_modules/async/package.json"
"2c7976feda3bdb030caa096e148a10e4efc91515","frontend/node_modules/async/parallel.js"
"43379572d97931836fd1523c6da42db02660bfce","frontend/node_modules/async/parallelLimit.js"
"16c4daa0b790cbcb18c6a9480300ef27c34079f6","frontend/node_modules/async/priorityQueue.js"
"c01340dc2d5addb664b4a9669515342371e158c6","frontend/node_modules/async/queue.js"
"aa167be3f3481ddcf6cc68ed7f7e2aeea69a544d","frontend/node_modules/async/race.js"
"39544956bed6c12b7b6f2e2d70512c975d071905","frontend/node_modules/async/reflect.js"
"b78d598bf5715af8872371a55f0f356e02e15393","frontend/node_modules/async/reflectAll.js"
"895949bd899bcf749545cc62dc1ae42d3926634f","frontend/node_modules/async/reject.js"
"ce10edf57e9139c8f9800e5d9bb675b0d5f6c3d7","frontend/node_modules/async/rejectLimit.js"
"c08e413f97462cc6240f9026561d132e910c8e9c","frontend/node_modules/async/rejectSeries.js"
"a4b02356f3693fa9f71063b181d3b2f88ea23978","frontend/node_modules/async/retry.js"
"68256c3162dc85500c8605fde839ff866c237bc4","frontend/node_modules/async/retryable.js"
"e7881cd011b2404619230d39eb2ae7522f7159e0","frontend/node_modules/async/seq.js"
"60c17ed655d31b9752a22a217892270640d68c89","frontend/node_modules/async/series.js"
"eea86771731514f526313858e88973e50ba5e157","frontend/node_modules/async/setImmediate.js"
"0988b612013a6395ea666ea80abcc92d7cd68147","frontend/node_modules/async/sortBy.js"
"46bb233af39052501adc7110c5fb1dad7fa1184d","frontend/node_modules/async/timeout.js"
"ca7df517be584d880d1bf1c25e6138aad2ec4ae6","frontend/node_modules/async/times.js"
"f76de250c85b9aca462fcc55eaefa665eb8b58bc","frontend/node_modules/async/timesLimit.js"
"776b4f3afecd27ab755f223f4e0e7376e9400262","frontend/node_modules/async/timesSeries.js"
"75dadea87ebe66ffa5832e466790cd74ec1e87ea","frontend/node_modules/async/transform.js"
"7e63f9d5a471c2ec34d22a41c40584656b8de196","frontend/node_modules/async/tryEach.js"
"badd7aecde70de2f9fd04170530ec643c00d9fd8","frontend/node_modules/async/unmemoize.js"
"4b69b9723aaa4638bcfa8079cb7a54e8e9ce16f6","frontend/node_modules/async/until.js"
"c3242f7975c1b2c93d7dd4cacbd9075863c87480","frontend/node_modules/async/waterfall.js"
"b6389f28e41819aa2979ef3abfaa52f420991d95","frontend/node_modules/cache-content-type"
"b75e577a8a54521afb15fc93e1ce696be7760913","frontend/node_modules/cache-content-type/History.md"
"605d6c44631b10948e29e0fdaaf7ee8389a2f54f","frontend/node_modules/cache-content-type/README.md"
"60e66671ad3b0a8dde685e88ef4c792d3325b524","frontend/node_modules/cache-content-type/index.js"
"d3f0c76f79204cef4c38c6c81377ecd196270910","frontend/node_modules/cache-content-type/package.json"
"264f93aeaff3d7cdbc55acb5e930b502225a55a1","frontend/node_modules/camelcase"
"9db94e53c701007a570fdccd6609019113a00c8f","frontend/node_modules/camelcase/index.d.ts"
"6ff4ee85c55301700c86bbb1480146bc1c55cade","frontend/node_modules/camelcase/index.js"
"fa7ceba3eb4a9657a9db7f3ffca4e4e97a9019de","frontend/node_modules/camelcase/license"
"c433579257d5386b34390400293681a44f1694c8","frontend/node_modules/camelcase/package.json"
"0ff8f9e1898fc04845935df95a2aed507cb4f799","frontend/node_modules/camelcase/readme.md"
"2fe353a1fc8aa8a34d1b767afac450004de2f05c","frontend/node_modules/chalk-template"
"10bfe71f5cd406f427eca323fa74e8611dc44d29","frontend/node_modules/chalk-template/index.d.ts"
"7686387e5fcb1bdd8df55f7bb8bae855dd87aa8f","frontend/node_modules/chalk-template/index.js"
"84ce2880f7bf31b94ed03c20ea01b5e67623c246","frontend/node_modules/chalk-template/license"
"1d6ef0eb6875820d5f0117002e2226a2ef289367","frontend/node_modules/chalk-template/package.json"
"df59873220e50cab28da00e0284436c2cfcea16a","frontend/node_modules/chalk-template/readme.md"
"837fbfe65bb3efc95ad64801c6427283a9cf9f63","frontend/node_modules/chalk"
"9cd88f38beea8708b25ee3f797ebc453dffa4fb0","frontend/node_modules/chalk/index.d.ts"
"47c23f29068caa951b6f9d2a748fbfc291b6b492","frontend/node_modules/chalk/package.json"
"a055d21c97ed7625e06912442db51160c6731329","frontend/node_modules/chalk/readme.md"
"77e528166142420206fab62839acf408cc94dfae","frontend/node_modules/chalk/source"
"75ec66350527a8f4040671c72760238e6d80b976","frontend/node_modules/chalk/source/index.js"
"b130949d646fdad3f5bb493b74dc69baa7eb5d92","frontend/node_modules/chalk/source/templates.js"
"ca466fd466c07f5b0be80ed7a99207813e8f765c","frontend/node_modules/chalk/source/util.js"
"0f8c54b7b82cde28e08fcf9865ccf5be58242459","frontend/node_modules/chokidar"
"8c27184e967ba358f021395738d20dfd8d0eb39e","frontend/node_modules/chokidar/LICENSE"
"ca3bcbb0bc3307e190ed66ec9f9668b287d5416f","frontend/node_modules/chokidar/README.md"
"e3279b382a23c2fac39a1c508ac6e4a05d5107c3","frontend/node_modules/chokidar/esm"
"ea777d0003d037e3f2a96e7613b92b515a01b19e","frontend/node_modules/chokidar/esm/handler.d.ts"
"bbda010174650be45dd52668df88a19fc197e08b","frontend/node_modules/chokidar/esm/handler.js"
"ffeb1e728cdfd6cf1866b67d9c682b19075d9e5f","frontend/node_modules/chokidar/esm/index.d.ts"
"1c80a40ce79329e991b60fd6c70d1d797600d8d7","frontend/node_modules/chokidar/esm/index.js"
"876964185fee0ed0caaf9038f647c8f54411f688","frontend/node_modules/chokidar/esm/package.json"
"9c2ef2877268c815fd4e5c9e71454cd8779f3087","frontend/node_modules/chokidar/handler.js"
"79370ee8cae7847e8d1ba16a0f988691f11b1f33","frontend/node_modules/chokidar/index.js"
"db792418404033f6b14a6a1fb6b650028d0a42be","frontend/node_modules/chokidar/package.json"
"f4eb9513726cc3d7cd07ee1f939c36a3554c55d4","frontend/node_modules/clone"
"2ff84f0aeb6d436aeaee19fdc57b0fa5204ac5ac","frontend/node_modules/clone/.npmignore"
"cc3c87bc3bfd853333eb78ca931e4df3afbff89f","frontend/node_modules/clone/LICENSE"
"207e60a24ee3d5ee7857d223dfd847b14b4e788f","frontend/node_modules/clone/README.md"
"30de8aee9ba3035e9a630ba35bf84c647f6b5dfb","frontend/node_modules/clone/clone.iml"
"3fa5fad6fe90ceed1dfcf05776303655f6beac61","frontend/node_modules/clone/clone.js"
"39a53e3ffaddf611e187607e92e9d6181ab7eead","frontend/node_modules/clone/package.json"
"6a1ecec630a08e6204613c52e14353814c7c044a","frontend/node_modules/co"
"68fbb154d184b90b99de89610234fc4c64ac3780","frontend/node_modules/co/History.md"
"92faba5db35d056e149c73ad200f6ed918fd1100","frontend/node_modules/co/LICENSE"
"c1d4882a132b359032010b43cfc8d1e00fa49f8e","frontend/node_modules/co/Readme.md"
"87ba8ba8b40651d7e5194f8e0fecda856a6b360c","frontend/node_modules/co/index.js"
"083d59409ce72dcc5ad4f1d2c25a4ea65f76a8f1","frontend/node_modules/co/package.json"
"2a092c2d2a6120e5ea4f24adfb3ac1db0ee97f9e","frontend/node_modules/color-convert"
"0a7bce4fd570ab5f2f7ad89f8456ee0ad26de1f5","frontend/node_modules/color-convert/CHANGELOG.md"
"5b4c386f9269b30a21f15145cd966c50017c2a3f","frontend/node_modules/color-convert/LICENSE"
"d4b08fc369948daacc146dcde0f63c3a79039852","frontend/node_modules/color-convert/README.md"
"2657f265c9e1022ed06a232f4da4db578d3d3fb0","frontend/node_modules/color-convert/conversions.js"
"b648e5737be6168bff5137cb1a5a897e55ce193d","frontend/node_modules/color-convert/index.js"
"6e48000c7c98fd844af784fb2fdf7060f13ed0b1","frontend/node_modules/color-convert/package.json"
"1a08521b5a001793a0a2c705d442a29949b1f051","frontend/node_modules/color-convert/route.js"
"99b0635c77796c7ebf1b9956ba8f21f36638b0aa","frontend/node_modules/color-name"
"4d9802a89e299942d0ddef0240077019c5676ea7","frontend/node_modules/color-name/LICENSE"
"3611a6b523fe851a404b82b38d38ffb22921d2f4","frontend/node_modules/color-name/README.md"
"e42aa68a542d9e176b5fd050c35b1af11659b2a3","frontend/node_modules/color-name/index.js"
"7acc90285c96fbbe8b6f12ef32cd2384a72e6f62","frontend/node_modules/color-name/package.json"
"25e9053b0ef74e209696d6c1c937134fc5bc9efd","frontend/node_modules/command-line-args"
"07fadb42e25a2292bf0ed93e9bb2d9607e6c8e0b","frontend/node_modules/command-line-args/LICENSE"
"d7003b894ff676b92df11e97e58346b6f3a0b7a5","frontend/node_modules/command-line-args/README.md"
"7aa661ae0a9bbf193a322d7dbf18bbba53246aec","frontend/node_modules/command-line-args/dist"
"90a0c5e655bf0ad9ad78b7d77bf3be1885d1c56f","frontend/node_modules/command-line-args/dist/index.js"
"00683e4266e9dbd8c5c5898add9610ba20c4f8af","frontend/node_modules/command-line-args/dist/index.mjs"
"4ce4dea860921723a4a440e35787ac91f25e3e71","frontend/node_modules/command-line-args/index.mjs"
"9b887c7194440954cbf4ae0dd5dd74a605474c31","frontend/node_modules/command-line-args/lib"
"a2335d3fb65e94e569dea9205e56bec258fc5ee7","frontend/node_modules/command-line-args/lib/argv-parser.mjs"
"7a0e4262410d7fdefafd0b9d6792de3630d7f8b3","frontend/node_modules/command-line-args/lib/argv-tools.mjs"
"eb2e65cbf59139e07c14c82442b9eaae40eef58a","frontend/node_modules/command-line-args/lib/option-definition.mjs"
"0bc879c6c7336ce49b9b35bf699dba1544bd61f6","frontend/node_modules/command-line-args/lib/option-definitions.mjs"
"4bbf0c8a651b280cac6fe22be7edcfbe25697e6d","frontend/node_modules/command-line-args/lib/option-flag.mjs"
"eca901346f7582df07803836a0e6871b1ab4faa8","frontend/node_modules/command-line-args/lib/option.mjs"
"ed78b1d2167409369a7d7820409ad867debd2dd6","frontend/node_modules/command-line-args/lib/output-grouped.mjs"
"f52a091504c938d977e83f1e37d3a3b4ad2d6e1a","frontend/node_modules/command-line-args/lib/output.mjs"
"7431e102a977e326f05f2770c299606ed0fbb05a","frontend/node_modules/command-line-args/package.json"
"0578540a211a3539d44c74944e2fc2d88c9b4629","frontend/node_modules/command-line-usage"
"f12b4e3177240cad9084e6aeb60f20d28773e1ff","frontend/node_modules/command-line-usage/LICENSE"
"f09780f9fee98f92b093654ba938d33b14c25030","frontend/node_modules/command-line-usage/README.md"
"d2003b79b66f07693192efeaad35405f6c49113b","frontend/node_modules/command-line-usage/dist"
"b7e72719f2c4e994e412cd4e28550faae6450ef0","frontend/node_modules/command-line-usage/dist/index.cjs"
"48bf5d26ddaebd6018df3d20e1defcf4d7828371","frontend/node_modules/command-line-usage/index.js"
"3ce7774160b1007109ed44f6168eb4a6d68ba5ca","frontend/node_modules/command-line-usage/lib"
"50888fce7ea40976cd4a7be54f6d38add524a55c","frontend/node_modules/command-line-usage/lib/chalk-format.js"
"cdc4acebb592706a3ed20482c3541796db5090fd","frontend/node_modules/command-line-usage/lib/section.js"
"0bb483a71e0cac1e4608fe7258519fe944024e3a","frontend/node_modules/command-line-usage/lib/section"
"f83d0934722e177092d09cbd31dcad071dc0a7ae","frontend/node_modules/command-line-usage/lib/section/content.js"
"fdbda92c8919cbf0bfcbb3ade874be08ad4d5269","frontend/node_modules/command-line-usage/lib/section/option-list.js"
"3d55d64152d2e90591c3ccb0185865a4b71b1cb7","frontend/node_modules/command-line-usage/node_modules"
"bf4db711108743f9594f22012f2c89314f374d12","frontend/node_modules/command-line-usage/node_modules/array-back"
"92637037aec50c539f37f80263e0b9bc048e916f","frontend/node_modules/command-line-usage/node_modules/array-back/LICENSE"
"745fd74f9c936d9dd7fe5958121f968a228446b1","frontend/node_modules/command-line-usage/node_modules/array-back/README.hbs"
"9669df3f4993501bcdaccafdadb3007082987d96","frontend/node_modules/command-line-usage/node_modules/array-back/README.md"
"39edd62202603c14584ac269141611a165d6f204","frontend/node_modules/command-line-usage/node_modules/array-back/dist"
"529868b4bfc2d0e5a62c05df538ff191caaae7f5","frontend/node_modules/command-line-usage/node_modules/array-back/dist/index.cjs"
"e371973652572c3334cf64204e20a5b93e4bc700","frontend/node_modules/command-line-usage/node_modules/array-back/index.js"
"a8d005835484c003b8b87c9c15c8471a87bdb755","frontend/node_modules/command-line-usage/node_modules/array-back/index.mjs"
"6819730016760e68eeceb364cfca4a02119234a6","frontend/node_modules/command-line-usage/node_modules/array-back/package.json"
"9a04d429e93443ffe99a8d154761c7749459ab3a","frontend/node_modules/command-line-usage/node_modules/typical"
"83c7ebb8b92a0ebe500a6fbd388683adb34255ed","frontend/node_modules/command-line-usage/node_modules/typical/LICENSE"
"4954ef1c1635c1b4b0d344aec7fd15f29a9d9853","frontend/node_modules/command-line-usage/node_modules/typical/README.hbs"
"de8792505d053871bc3a7dbe78d69c1a5eb91139","frontend/node_modules/command-line-usage/node_modules/typical/README.md"
"f1d70ca5e894f0b54a72ce66ea62059fe7fe5466","frontend/node_modules/command-line-usage/node_modules/typical/dist"
"2c0b0e7eaf4a7a3ccad4de842f86d90e484f6707","frontend/node_modules/command-line-usage/node_modules/typical/dist/index.cjs"
"e1ffc2ad1d37b050929e8e17ca4b8935b5dbb985","frontend/node_modules/command-line-usage/node_modules/typical/index.js"
"f1249160d7890f93aa9e094143d4595e1bba933f","frontend/node_modules/command-line-usage/node_modules/typical/package.json"
"a4d421faf056326e52b2fd9ba94f4ba6603bb038","frontend/node_modules/command-line-usage/package.json"
"e75b6bf3276cc92aa118364e4a6cc44ca8e5e54f","frontend/node_modules/content-disposition"
"488effa0c9440f4e214102980665781a62ba7059","frontend/node_modules/content-disposition/HISTORY.md"
"ecec899a992d46f2e903a87475b1c342f2ce4d30","frontend/node_modules/content-disposition/index.js"
"43c70ce24a45a9a8f9eec7c6b6a30e0324d3078d","frontend/node_modules/content-disposition/package.json"
"86415790fca587eafced7ff841b397b6f0b54ba3","frontend/node_modules/cookies"
"e61b24df052f8ad32453d85db31f7b35f6f31ae9","frontend/node_modules/cookies/HISTORY.md"
"687e1e6d00cc5772e94900543a5af3ddd401f2b8","frontend/node_modules/cookies/LICENSE"
"6b323bd7112926a0e99a11c850c41ed0381568e0","frontend/node_modules/cookies/README.md"
"133e4d1f310488077ff73fea708e4e2d29e044e5","frontend/node_modules/cookies/index.js"
"29a9ce63600cdea1bfd52f1054790c624478946e","frontend/node_modules/cookies/package.json"
"f808adce75ab9474deab69ea106948bf55ffd5a8","frontend/node_modules/cross-spawn"
"8407b9a30f51b0da9eaac366bdde18d900e951ba","frontend/node_modules/cross-spawn/LICENSE"
"1ed9252b51b5e8e29fb898afb5fb969205af2dee","frontend/node_modules/cross-spawn/README.md"
"5509742ca9fa8f500a66e6e7195037a7c1d5e49e","frontend/node_modules/cross-spawn/index.js"
"f369b9817633761d36599e5890d549438917eaea","frontend/node_modules/cross-spawn/lib"
"da33471369c23f4016fb8f9deed742f71df033d2","frontend/node_modules/cross-spawn/lib/enoent.js"
"0129d74774a8a08d8c5e92c2d602114e590d8db8","frontend/node_modules/cross-spawn/lib/parse.js"
"1f910c905e5f6ef59e3f2cc477a9a8d7cd06d3c0","frontend/node_modules/cross-spawn/lib/util"
"7bf2905cd035ad517486b0b0549f660551a2e199","frontend/node_modules/cross-spawn/lib/util/escape.js"
"5e83733fef260f23f865d9cafa42b1192b91c9f8","frontend/node_modules/cross-spawn/lib/util/readShebang.js"
"7972455008e917b651c1ca9a9a232ad61b0dc833","frontend/node_modules/cross-spawn/lib/util/resolveCommand.js"
"24b2eb4c9900cfe2a7d04a7f6b49bf2092f4a81a","frontend/node_modules/cross-spawn/package.json"
"8f95c0dd55a15a554a57d6ed8020e2c59972e491","frontend/node_modules/debounce"
"89d70325612a240641eefe39539575bfe0baab70","frontend/node_modules/debounce/CONTRIBUTORS"
"ca26ba560f3cf79e908cb13ea45ed92e7da68556","frontend/node_modules/debounce/History.md"
"5a4d94225429c97acb5849fe13ccb7f36c8e65d2","frontend/node_modules/debounce/LICENSE"
"0f14dac306f8e0e08c210fa2410c5ef1807600a0","frontend/node_modules/debounce/Makefile"
"8639f0bf465c277b37f44bd70ef2222719459ba0","frontend/node_modules/debounce/Readme.md"
"0ef2236ea5a09e2e6ab926f90b7f2ab604c8a23d","frontend/node_modules/debounce/component.json"
"4f35c12decff8cdc192c677a37fd357ac3473deb","frontend/node_modules/debounce/index.js"
"70d14660efff16597edf180321cc741d69b8baf1","frontend/node_modules/debounce/package.json"
"c5e26816465c4b0580e3eba1eba8b79116576ac4","frontend/node_modules/debounce/test.html"
"f2890e887c5624e0b0045d0c559d5aa161a0d8e3","frontend/node_modules/debounce/test.js"
"68f60e34c559513ba3bb088e963c0c6251bf8cfb","frontend/node_modules/deep-equal"
"4af02b3d17e64c45634e255ffaccec7aa23f1d63","frontend/node_modules/deep-equal/.travis.yml"
"2f96803dbd3d2053693050ab1956ea262bba70ab","frontend/node_modules/deep-equal/example"
"67014b88dcbc9b2ebb6398bf79e8f15c628fcf51","frontend/node_modules/deep-equal/example/cmp.js"
"0772f8c7eadf58fd44802845089cc639042ea85b","frontend/node_modules/deep-equal/index.js"
"cb40fbb2bd80a9a2be40a1f3b4596f252485db7f","frontend/node_modules/deep-equal/lib"
"1ff150fce1594316df07d7a4bbd70ab4270e0fd9","frontend/node_modules/deep-equal/lib/is_arguments.js"
"13af263f9c4c7fe9479da67b599f005b34f0db2d","frontend/node_modules/deep-equal/lib/keys.js"
"e76b68d951cd5c5d12980ca05951ad8dafb334cf","frontend/node_modules/deep-equal/package.json"
"f489c2a3855078302acf90f6af7376404b3bbf8e","frontend/node_modules/deep-equal/readme.markdown"
"99320c121421d8652c71908f43cbb58f9f6088e4","frontend/node_modules/deep-equal/test"
"2aab5f9642e1988dc5252951805538b39569c4b4","frontend/node_modules/deep-equal/test/cmp.js"
"565ea7d5cb7f091d574dcbb0b718b89ed51081d6","frontend/node_modules/deepmerge"
"6244e1b7bf4ec9d050cb53b600c9b7f9c376a7bf","frontend/node_modules/deepmerge/.editorconfig"
"c1321eb470e0026ecce2014fe5a34f408ecba873","frontend/node_modules/deepmerge/.eslintcache"
"082e0dd393f4dcee8668050a850c7e327762f976","frontend/node_modules/deepmerge/changelog.md"
"f63678fe392d81e25b2d2455d5176774f2662af0","frontend/node_modules/deepmerge/dist"
"7c36cbdd06cc22c92d590be3f87a08a91ca06b40","frontend/node_modules/deepmerge/dist/cjs.js"
"4071e7c56ec8e5273fe166f6e723ac460fab8b72","frontend/node_modules/deepmerge/dist/umd.js"
"46784de5625a962c3c4c68c8fe16078815cce018","frontend/node_modules/deepmerge/index.d.ts"
"77968aed5d456cccc294f60912ef381fa1e52a7b","frontend/node_modules/deepmerge/index.js"
"5003078718343fc207823c9f543ef906ac59dcbe","frontend/node_modules/deepmerge/license.txt"
"2b7b1be8c3ad6253396713c5a915eda3fef74462","frontend/node_modules/deepmerge/package.json"
"79e4e303b0148748b5ef107e6d7f0afa2d665aa6","frontend/node_modules/deepmerge/readme.md"
"8323ab27e53825fc55e052c54a8869de99d8b874","frontend/node_modules/deepmerge/rollup.config.js"
"7c7d8233120a05b5131293b854207b036f2d8e2a","frontend/node_modules/default-gateway"
"9669c20f85511d0c0b7bfc95c9080abb63a50bf0","frontend/node_modules/default-gateway/LICENSE"
"5790d90ce5dbf72f27936aeebe0ff708c4957b03","frontend/node_modules/default-gateway/README.md"
"bfc4d72b6e091e6f3325f055f21a7dfd10f9a1da","frontend/node_modules/default-gateway/android.js"
"0cbb3f50d5d2bcde538ee352d26b9889f786fa01","frontend/node_modules/default-gateway/darwin.js"
"1e1e44ca132ece7c8fa13d170378c0d552d7b35f","frontend/node_modules/default-gateway/freebsd.js"
"8c2783b876f6be247f7990700552ebda2d9ed7b3","frontend/node_modules/default-gateway/ibmi.js"
"f142287e055d5d854d234b36061d84395091de66","frontend/node_modules/default-gateway/index.js"
"d60c460da16353c5c5220e71477903c7c6e6a493","frontend/node_modules/default-gateway/linux.js"
"050179a19e63e3290fe630abc9c9a41d712fd154","frontend/node_modules/default-gateway/openbsd.js"
"41fc761fd7248715244d32a4d4403260b565b7ea","frontend/node_modules/default-gateway/package.json"
"acdb1cd8dd93149a5489f05873b15588080edc9e","frontend/node_modules/default-gateway/sunos.js"
"9597b7763fa0f538ce62453bf783cc99b2d8e70f","frontend/node_modules/default-gateway/win32.js"
"5be4466c77131bfc7980b443ae92f726494fc35c","frontend/node_modules/define-lazy-prop"
"ba8998b88cf0a788e22e1b5822b44c87bb20d8a1","frontend/node_modules/define-lazy-prop/index.d.ts"
"b4f255f78d4d5386e68a9c5c60ff8a3cfc668a89","frontend/node_modules/define-lazy-prop/index.js"
"aff24d8465984ce35a4c22685980de1bb1e2dd7c","frontend/node_modules/define-lazy-prop/package.json"
"5760b2796c7f25cfe43fbc65ef61586feaa826e7","frontend/node_modules/define-lazy-prop/readme.md"
"aad0c1a921e537f65c74f9bc8e83ec7bfbcd47fd","frontend/node_modules/delegates"
"25959eab67b84045121cd96fe759c8cc0d7006fe","frontend/node_modules/delegates/History.md"
"60de60addbe7e972ae71c0dca26d4ae8ffd29c57","frontend/node_modules/delegates/License"
"a9dcfd50dbdb227343ca0ca3193d78d135e4298d","frontend/node_modules/delegates/Makefile"
"ab8cf4ace159397f4da368ef7b3455e017c25659","frontend/node_modules/delegates/Readme.md"
"17c222d52935c696a859a32f35dc070a113be1e7","frontend/node_modules/delegates/index.js"
"17240384fd43b46e1b924fb0b521f07ef3285889","frontend/node_modules/delegates/package.json"
"ca20a47f99ce170a234674454e77ae2b0eab2201","frontend/node_modules/delegates/test"
"7b6e3d4df19d908a6eb3f577cc25445d1b479f58","frontend/node_modules/delegates/test/index.js"
"55cc52bab3d4b6087afe8015bc998bf369f30310","frontend/node_modules/destroy"
"0e2c35f0ea23b51310f40689c96e3f8e1da8d3d4","frontend/node_modules/destroy/LICENSE"
"e7701aee746cafca9d5d09056d0b91071b4b5dc3","frontend/node_modules/destroy/README.md"
"7fd5c09363796a9276e332ce6bb225d238fb0a85","frontend/node_modules/destroy/index.js"
"c85e438378a65c39b3ccd4e0316d1855cf5b7887","frontend/node_modules/destroy/package.json"
"b559f4c250a65fefc3d867774da1873a74e7013a","frontend/node_modules/encodeurl"
"41313b2b3ee8a02ec17c62184bd6a31ebd5a9703","frontend/node_modules/encodeurl/HISTORY.md"
"127c5a0d491b284eab066ee42ef8a1e136160101","frontend/node_modules/encodeurl/README.md"
"fc4906c6c7896396a877e1f369c78f804e3afa10","frontend/node_modules/encodeurl/index.js"
"b9f25ef10b2fc15b4a9c2ea5aa48856d73f1aade","frontend/node_modules/encodeurl/package.json"
"2026e959824825b0fd08d19423b15ae0a1d3f69f","frontend/node_modules/es-module-lexer"
"013561a8baec915646439c3299a4b2bbf91c8ee5","frontend/node_modules/es-module-lexer/LICENSE"
"aabc689acdc300320c15d58d01f8ae5fbc9e86bd","frontend/node_modules/es-module-lexer/README.md"
"becc66f3074a616639107a5feecbd0e74505e219","frontend/node_modules/es-module-lexer/dist"
"d64300da749eb90e3308ba88951dc6ad69b32d5e","frontend/node_modules/es-module-lexer/dist/lexer.asm.js"
"4b0c87b1d5e4b99c604c9669171c58548da3b582","frontend/node_modules/es-module-lexer/dist/lexer.cjs"
"6f9404d45f14612e765beaf3444b313b4de4e7ce","frontend/node_modules/es-module-lexer/dist/lexer.js"
"7281209f8c23bb0d4cba9827870852257229ac39","frontend/node_modules/es-module-lexer/lexer.js"
"563ebaa3deeb16b50d2e05dbcd42e1c47d953739","frontend/node_modules/es-module-lexer/package.json"
"7e0311cbdea3c9bc509b3b8f53395517f7d987c2","frontend/node_modules/es-module-lexer/types"
"7a31d561da0352bcc8314ac150cd9b155a5b3a16","frontend/node_modules/es-module-lexer/types/lexer.d.ts"
"ef74a6c9ab212cb8a5dc94601a2f8a0850cf2e26","frontend/node_modules/estree-walker"
"20e8c7eac55ecaa0e7795fac89c2eb5a087b3208","frontend/node_modules/estree-walker/CHANGELOG.md"
"63b62098eea9e1031659a145b1c6d752486ec0fe","frontend/node_modules/estree-walker/LICENSE"
"d877af36d496b85410e4e965b0c9be5218b5a3e5","frontend/node_modules/estree-walker/README.md"
"a8c497e7d14922765aa3f718d581c71a441a6e99","frontend/node_modules/estree-walker/dist"
"211a838e6ea8b568f5b6a17793a10f7f78d53263","frontend/node_modules/estree-walker/dist/esm"
"a0beeeb42c3f011315763cbc7a496399e0fba8d6","frontend/node_modules/estree-walker/dist/esm/estree-walker.js"
"6f3045e79b3f55c639ce4e9dce64e3825a273025","frontend/node_modules/estree-walker/dist/umd"
"46fed0f99acea53b0123d0bf552684f07936da8c","frontend/node_modules/estree-walker/dist/umd/estree-walker.js"
"f646eb546b5f4293b7e5d28f3eddcf598ed4a887","frontend/node_modules/estree-walker/package.json"
"af07f5015767ba37436a2024b162847e92f3b623","frontend/node_modules/estree-walker/src"
"54276b51f188f9f59a66f2fd358eea08d6fab774","frontend/node_modules/estree-walker/src/async.js"
"dcf4c7205cf3d8e602d168063ab100d26052c838","frontend/node_modules/estree-walker/src/index.js"
"1632c2c4df6894a83b70fa949fb32a9d4881adf9","frontend/node_modules/estree-walker/src/package.json"
"b3cea40aeb336f28c187278973361692159f85c1","frontend/node_modules/estree-walker/src/sync.js"
"3555d88a4e2da094242f30a1aae1f6d319dc0c40","frontend/node_modules/estree-walker/src/walker.js"
"2b5b63df1cd90e7ee068eb3f44b5647388e02e80","frontend/node_modules/estree-walker/types"
"c85bfdc5f933eb1543e6170e78e1d0f7ea218082","frontend/node_modules/estree-walker/types/async.d.ts"
"dfc3277d538dc0d7f45fa5134705e6acfbe2fc0e","frontend/node_modules/estree-walker/types/index.d.ts"
"e9e4cc1ecc60a5696e703a29a338baa2d60ac91b","frontend/node_modules/estree-walker/types/sync.d.ts"
"799022fa1d0df25128f25a7a715887d5e582e74e","frontend/node_modules/estree-walker/types/tsconfig.tsbuildinfo"
"49d84416c6c014d45aa2ce59b36bf4750a6154a5","frontend/node_modules/estree-walker/types/walker.d.ts"
"a428c8689eeb7a4cb9da5fae87e133a256413f6a","frontend/node_modules/execa"
"417d5355751f7c8d03cf3c952f2fc06f5febc90d","frontend/node_modules/execa/index.d.ts"
"6fc9f129543e9729f81888f4b7c787cba6fbddc7","frontend/node_modules/execa/index.js"
"d5c4b6a7e5f6e59ba2ee8ddb4c5df6954e53ca15","frontend/node_modules/execa/lib"
"859b006a06e628ab292b5e38eacd4d0c3b67e914","frontend/node_modules/execa/lib/command.js"
"42144674dcc8ee86fba96b51108c3da288fcc7ac","frontend/node_modules/execa/lib/error.js"
"287a14238ea9fa99b3a9c0bdaabd13df72230d78","frontend/node_modules/execa/lib/kill.js"
"bd9d52333d56a90eb39b2007a6383c95507e0563","frontend/node_modules/execa/lib/promise.js"
"45129ed7ef03f647ee75a726de5eb51a85e90afa","frontend/node_modules/execa/lib/stdio.js"
"d445dd4710ad7df1ca5ccdffd057d9efb8dbe6fb","frontend/node_modules/execa/lib/stream.js"
"22556f28d8b0aabf7d4f9a0e40c4927bfba81f2d","frontend/node_modules/execa/package.json"
"843edbc7d177d21df2423073240dc494702c862f","frontend/node_modules/execa/readme.md"
"a549bf1a140ea39248d31d547ecdc1edea1ba214","frontend/node_modules/find-replace"
"76bac7cf5c60035d0c673427a5031765b3d6ff43","frontend/node_modules/find-replace/README.hbs"
"b61b4e3cecc9779d383ddffb9ec2ced44ad9acac","frontend/node_modules/find-replace/README.md"
"dc46700de7bfe85f865449d1f8bc76fc23445137","frontend/node_modules/find-replace/dist"
"7203b916f36dc4541c133f32830250d81a50b93a","frontend/node_modules/find-replace/dist/index.js"
"715c1dd1ccd33c1d1428c86ed767502d2d92df97","frontend/node_modules/find-replace/dist/index.mjs"
"dde6bd0f747d32dfa8a2dbccf2ec4963b5bd1e6a","frontend/node_modules/find-replace/index.mjs"
"4bebb38ee41095ae6860d4664b25c04c0edc7b4a","frontend/node_modules/find-replace/package.json"
"17de91c199f5c3161c5d50c9d7ebf64a0ec2ce40","frontend/node_modules/fresh"
"4586996a3c6e13633a678339ff6075c60567c233","frontend/node_modules/fresh/HISTORY.md"
"1c1c680d151e5a64ab39cb88afc4600f554f00d5","frontend/node_modules/fresh/README.md"
"d154f5a7d23975af101646b65e74abf8490f50a5","frontend/node_modules/fresh/index.js"
"c2fa0f4870b44895b8d59f1de9d14da0319f5793","frontend/node_modules/fresh/package.json"
"73d224c70f76aece29b2c055f9db3580c7f272e6","frontend/node_modules/generator-function"
"2e3c83be9c859621498dba15dd26ae073c42b6b6","frontend/node_modules/generator-function/.eslintrc"
"1f78613eeca70af0674450e1d888fe8cb8d79e16","frontend/node_modules/generator-function/.github"
"9561cd63c84d2a7356c9ac1f798129c9ca8962aa","frontend/node_modules/generator-function/.github/FUNDING.yml"
"89e7e74469502dfdde5503398b14434c78c18930","frontend/node_modules/generator-function/CHANGELOG.md"
"41403d2fa1b4b73915c4328c39bee67a5d39fae8","frontend/node_modules/generator-function/LICENSE.md"
"42060c74428702db39e6e28ba5dc06bdaeb5f879","frontend/node_modules/generator-function/README.md"
"76b1b8cb4f45b4889923c1d59c4362d049a9a259","frontend/node_modules/generator-function/index.d.mts"
"4f4e34adb54cf07b6ba584f96557f50881cbe3ee","frontend/node_modules/generator-function/index.d.ts"
"b2e152c46c7889d39312472d2f742978879ba7f9","frontend/node_modules/generator-function/index.js"
"b4c0488919040a437ac8a8e503a5b99334f75df9","frontend/node_modules/generator-function/index.mjs"
"99a09789c047c95cdd7838ea7603a3ad702117f7","frontend/node_modules/generator-function/legacy.js"
"73896ebc049ce9ed29f4cf2ceac3fc34099ffa4b","frontend/node_modules/generator-function/package.json"
"d03b2f789f82a6cacac27d84742d3ce6b3a6c7af","frontend/node_modules/generator-function/require.mjs"
"9c5bcbf6ea36a4ded38475c5572c2477b2601f6d","frontend/node_modules/generator-function/test"
"617024c7992470a8843540c27b3a3eafb1522856","frontend/node_modules/generator-function/test/index.js"
"b8692bcdd6a803dc26e6bc94bad99e12f34d5804","frontend/node_modules/get-stream"
"2dd75745dfe4037573a2e3a3a8ebccefff8aa3cd","frontend/node_modules/get-stream/buffer-stream.js"
"9485b2b6d8e5dac44daef41754ae5b6cde21450e","frontend/node_modules/get-stream/index.d.ts"
"1c5d02860979412cd761228c42df793425a09841","frontend/node_modules/get-stream/index.js"
"bd47a75f9bfa7707c5b6ec89f9a4c17a87753ffc","frontend/node_modules/get-stream/package.json"
"70b01fd16c837268217ffc5c5bf9fa770857cb90","frontend/node_modules/get-stream/readme.md"
"1ee4ee9a75787d4545aa39dfb84fb427e14e4d8c","frontend/node_modules/has-flag"
"a0a48c89112785902cb109a27475840fd0952de8","frontend/node_modules/has-flag/index.d.ts"
"b6f80b1f8ffd7658a11af977a9df3c296008d4cd","frontend/node_modules/has-flag/index.js"
"a9cba4b856d046212a2a2f13fb911ae1deb4c3b5","frontend/node_modules/has-flag/package.json"
"3f72dff29a69612c14eaec559e2a11bcced48b5b","frontend/node_modules/has-flag/readme.md"
"46d7f5f3bf6d211baf08ed65396181d63fec0050","frontend/node_modules/http-assert"
"17436efa7da3d9da0ed9e37f3c31467fc488d924","frontend/node_modules/http-assert/HISTORY.md"
"3ee2c011df6a26c3a606231ea598a502706e1efc","frontend/node_modules/http-assert/LICENSE"
"b1f2f8796ad78818e5ee03b7e2521c9dbc4377c7","frontend/node_modules/http-assert/README.md"
"639031525c3de9439dd5869094e636edac7dab19","frontend/node_modules/http-assert/index.js"
"d1cde4304de107abcc5afaf7082c7e5224d37563","frontend/node_modules/http-assert/package.json"
"8e3a41dc02dd797bf019f82286cef99c8a188244","frontend/node_modules/http-errors"
"fd802a5ac44629a8c39bb9fd31c3b73223027735","frontend/node_modules/http-errors/HISTORY.md"
"42251a37cf9f573e0cad90238d0b5f16582cec83","frontend/node_modules/http-errors/README.md"
"1a88029ae3a760af7f813cec5f8c4f665dbe197d","frontend/node_modules/http-errors/index.js"
"a199092ff8a469c6737a915a527d1653011312b9","frontend/node_modules/http-errors/node_modules"
"6baacd4dbf0b2d802168aa807e78ee5f61e80b6e","frontend/node_modules/http-errors/node_modules/depd"
"507ecb8de21d5d0d2db42ec03b99a5efd610acf7","frontend/node_modules/http-errors/node_modules/depd/History.md"
"77906702044fe2ff41a4a50695666a48df89aa29","frontend/node_modules/http-errors/node_modules/depd/Readme.md"
"d758d3c8f58a60bf27ef377ad77639bf10ce7854","frontend/node_modules/http-errors/node_modules/depd/index.js"
"c513145fa3cfe2eb18233dc69a29a2b1743ec568","frontend/node_modules/http-errors/node_modules/depd/lib"
"2f1e89c5bcdeddf4605b7079b7218e912248186a","frontend/node_modules/http-errors/node_modules/depd/lib/compat"
"73186dc644a3667aaab933bd6a9c187f87afd055","frontend/node_modules/http-errors/node_modules/depd/lib/compat/callsite-tostring.js"
"3a8925d136ae6efd96b42301d9e0962ec45eeb5b","frontend/node_modules/http-errors/node_modules/depd/lib/compat/event-listener-count.js"
"955b3336b25e790857ad269ae7794953f42f5682","frontend/node_modules/http-errors/node_modules/depd/lib/compat/index.js"
"5e3c863216e40f9cf555d15b8183c8f232646f1d","frontend/node_modules/http-errors/node_modules/depd/package.json"
"df525076a27b7d8155cfed5d96ea7534dc601119","frontend/node_modules/http-errors/package.json"
"28b66876280c694db1aef72817b77b2823b20f14","frontend/node_modules/human-signals"
"70d0392933fbb11584de3157c5e3be4fbf73a0f4","frontend/node_modules/human-signals/CHANGELOG.md"
"9af9492617358b3a5649996fac15f49e3633f5a8","frontend/node_modules/human-signals/LICENSE"
"2af37c370c89e0db3308f08f7e014e37a081b354","frontend/node_modules/human-signals/README.md"
"56efdd949e2dd54a456fba6adb8bf817ef60256e","frontend/node_modules/human-signals/build"
"ab80b1e2a6c7d0bf8ace514c83a20e3c5e9acdc8","frontend/node_modules/human-signals/build/src"
"98e8fced057d8e7c95ae7c144a9954ac2f3bce34","frontend/node_modules/human-signals/build/src/core.js"
"cbfce26de35f82c189d46dde5428f96c77ef41b1","frontend/node_modules/human-signals/build/src/core.js.map"
"2dc5ea78e5383691060a2ca55bb0ba1a884f90b8","frontend/node_modules/human-signals/build/src/main.d.ts"
"88f5fd29bee5540e7dfbbf4453d229ef6830a48b","frontend/node_modules/human-signals/build/src/main.js"
"3fdcede941d04071581e0b4f345303289eac2af0","frontend/node_modules/human-signals/build/src/main.js.map"
"f665516fd0d506f38e4de1fc03399665c4c2b505","frontend/node_modules/human-signals/build/src/realtime.js"
"808bbd12f72ef635b0a31edf4bcf188da2da8ce7","frontend/node_modules/human-signals/build/src/realtime.js.map"
"ab3b387d91cfb831b23133c40ffe7d9984b06a78","frontend/node_modules/human-signals/build/src/signals.js"
"2a6b919ecf7b3327f12dbb5583ff9bc0c68d9181","frontend/node_modules/human-signals/build/src/signals.js.map"
"fd1d0274f65faab8a54cfeb923313e288ca221d6","frontend/node_modules/human-signals/package.json"
"35bfd4dd8b948b90634770d8d11b52d5383fdaa9","frontend/node_modules/internal-ip"
"0befb480f32944484e4c524ed74be2f439e21bd3","frontend/node_modules/internal-ip/browser.js"
"11f4481b9d67c1d91905c6ea25d945f8ecbc4d29","frontend/node_modules/internal-ip/index.d.ts"
"a04e35839f29eecfec1f7503eb2cfe2078e52ca4","frontend/node_modules/internal-ip/index.js"
"a9d88184513b92019dcc7cd674030e6ad8ec2204","frontend/node_modules/internal-ip/package.json"
"930fe329fa06d14e0dcc4fa7165b57858817a6f1","frontend/node_modules/internal-ip/readme.md"
"8a2c540cfe9a15d895421197b4fcc63892930e2b","frontend/node_modules/ip-regex"
"0999ed287f790ffa841968f1e2108b06e22578ef","frontend/node_modules/ip-regex/index.d.ts"
"ab7a37f1caf0e38ab3fb8678fe5c67d34793997d","frontend/node_modules/ip-regex/index.js"
"2fb8a03c812a092c1c7b8f75529a27a64d4377c9","frontend/node_modules/ip-regex/package.json"
"81723a0f950ec7d1355fb8fb0de66bf09f7f4f92","frontend/node_modules/ip-regex/readme.md"
"9f1cc7cd59c0224eee9f803eaf866c2fe035f649","frontend/node_modules/is-core-module"
"f2e07268154e3e32cb09cb164baf850c7dac9a38","frontend/node_modules/is-core-module/.eslintrc"
"0177c82b763e88745234c7325b231f94feb05fb8","frontend/node_modules/is-core-module/CHANGELOG.md"
"2e502872a742346343b1fd9d68a28d28c50ab178","frontend/node_modules/is-core-module/LICENSE"
"062d9068eb57e8de261862eb4fd1d3b39f5afa46","frontend/node_modules/is-core-module/README.md"
"930ec682569d00580746bfb86cd18a2c7225cb8b","frontend/node_modules/is-core-module/core.json"
"423e20c0d99db50f5a1238674a4420b8bad6c9fb","frontend/node_modules/is-core-module/index.js"
"2668256462acba8e14a91c713b8e6fc5bcc058f8","frontend/node_modules/is-core-module/package.json"
"fdf482f72673ff57740e2fd8aa299abba72ebc08","frontend/node_modules/is-core-module/test"
"7a81e1c7e76e9cfa8cca135b0ada3d431f295115","frontend/node_modules/is-core-module/test/index.js"
"bcc27edf2f2626f01125065770c1dad233050c1a","frontend/node_modules/is-docker"
"58f2861f9f377ea2e1c77c691c26d81586c78d32","frontend/node_modules/is-docker/cli.js"
"c801881dee4223bbad94558198bcec21b3178288","frontend/node_modules/is-docker/index.d.ts"
"cbb7b6f756ee04625c9c883a1c9e065064163515","frontend/node_modules/is-docker/index.js"
"ae282258f09b61b270514c6e817831e06d259534","frontend/node_modules/is-docker/package.json"
"f09b254ff3671fb34dad97dca24f0d51177f000b","frontend/node_modules/is-docker/readme.md"
"31661e58a03e615612adcca515dbd68b5544a041","frontend/node_modules/is-generator-function"
"c885fa335fdae0fbef7b2771d426b1bf348eb356","frontend/node_modules/is-generator-function/.eslintrc"
"64f5a0a6813a4fa89a84ea60143f4e14b0e264a8","frontend/node_modules/is-generator-function/.nvmrc"
"24f663a8de58a06f373762a1fcf26f8825945ede","frontend/node_modules/is-generator-function/CHANGELOG.md"
"47b7b5078fce38783c58381828d9a7f762db7866","frontend/node_modules/is-generator-function/LICENSE"
"519a4235726a8d94f3c1c03dbd2cf16fe1636acd","frontend/node_modules/is-generator-function/README.md"
"38eec07ee2f101cffcbd5bc75b29e69b2b61ed92","frontend/node_modules/is-generator-function/index.d.ts"
"f7a4859d1319e30f1ad6ccbe4e912ffe6d31f18d","frontend/node_modules/is-generator-function/index.js"
"a5b48607d25ad54affc8f5a76d1f54d0c998f641","frontend/node_modules/is-generator-function/package.json"
"2a5c60afa2e64de8cecd89b22a1d1d6616a5cf90","frontend/node_modules/is-generator-function/test"
"3cc109c6c9baf4d626e6dbd833c90f71f0771a2b","frontend/node_modules/is-generator-function/test/corejs.js"
"038f2a14201f43b3edc8168055dafb729317e7b9","frontend/node_modules/is-generator-function/test/index.js"
"91c0545fe2bc19ec206aea377fc0643e16b23af4","frontend/node_modules/is-generator-function/test/uglified.js"
"4bd35288f0b1765769d5ce88f5f87149cf3cc636","frontend/node_modules/is-generator-function/tsconfig.json"
"40513a28a39510fba2c13798276fb91426614f8e","frontend/node_modules/is-ip"
"5dabd2e30eda9ded331e32ca4728fb5fdd7d1cbb","frontend/node_modules/is-ip/index.d.ts"
"712882b49df833e8c1860a2575a9eba83fbc519f","frontend/node_modules/is-ip/index.js"
"01c68b762023fcaca6cbbba5ccd2f81e28970d70","frontend/node_modules/is-ip/package.json"
"505d67412206393ed1306d464bc7431fabff8173","frontend/node_modules/is-ip/readme.md"
"74809f4ff0cab212c027077d9559dea5fa77ae9a","frontend/node_modules/is-module"
"a098c5d22131b4dc11ffadf054e5e715d7cc3258","frontend/node_modules/is-module/README.md"
"2258ad29a6dc438cd6b4b86a1c79ec0a378fc58e","frontend/node_modules/is-module/component.json"
"fc7fbb9e469904c4f5a247bdf253aa174918d72d","frontend/node_modules/is-module/index.js"
"497d80a90fb4264aefef7ee482b723f7eab333b1","frontend/node_modules/is-module/package.json"
"444c0f08d70825498d03659213bd426e95a0b9ee","frontend/node_modules/is-regex"
"ba546cdd8837ca06ccf0d412d860767c3620bd9c","frontend/node_modules/is-regex/.editorconfig"
"75a9c5e67ce7ca14e311512a7f4cd9e7bd5ebbd4","frontend/node_modules/is-regex/.eslintrc"
"a69aa2d8273d8c598f8e3aa5c8d779e28d63862f","frontend/node_modules/is-regex/.nycrc"
"85beee84b50cb6693b9b8f77630adbc9a9ad68db","frontend/node_modules/is-regex/CHANGELOG.md"
"d61332bd290fe50c87c466440e9aa170cb1c8dcb","frontend/node_modules/is-regex/README.md"
"bc63cf6559595bb9558d303e0d1f3d7696e8b9e8","frontend/node_modules/is-regex/index.d.ts"
"c4c8cede9dd2e15f1aada64efd96ecf776175b32","frontend/node_modules/is-regex/index.js"
"9e61b5b7d6faf3cda4ce697bdc1ae7f301be8876","frontend/node_modules/is-regex/package.json"
"d4e8dec0b06f09e52646e94619b83cc868cfa6c6","frontend/node_modules/is-regex/test"
"fa558d63f43104b028b7a284c9912650ae0e24db","frontend/node_modules/is-regex/test/index.js"
"707cf95103eea5754b0141455f421ec38d129dd9","frontend/node_modules/is-regex/tsconfig.json"
"48bafd97e34d77508476798e9f6a15b8317de84f","frontend/node_modules/is-stream"
"eee2e83e81045a552f9e373173a32fb988ceb19d","frontend/node_modules/is-stream/index.d.ts"
"2e43434daa19bc911c0dce631cadca79733497f4","frontend/node_modules/is-stream/index.js"
"c3b56739228bc028ad575227fdf07abdabe2c100","frontend/node_modules/is-stream/package.json"
"19308e7335a2965c55ec679488d6688118ea892c","frontend/node_modules/is-stream/readme.md"
"dc747141c95c5a67be00d5876c3ce1ffb9bf38ba","frontend/node_modules/is-wsl"
"d54e4bac20bfcde2933f767756f235abf54548d0","frontend/node_modules/is-wsl/index.d.ts"
"eb6313f0c7e84827a09e1268432247dccdd429b0","frontend/node_modules/is-wsl/index.js"
"2fa7f7542e13ff95143a0c3dc2c3f628b2abd98e","frontend/node_modules/is-wsl/package.json"
"5fe44fed2d44b007c74e1439e67149f2bece43d5","frontend/node_modules/is-wsl/readme.md"
"793717719a7525503875ed4d17fae9fa729277d9","frontend/node_modules/isbinaryfile"
"e5bf8e8ea4795ffade6b87cb0f50450672f595cb","frontend/node_modules/isbinaryfile/LICENSE.txt"
"cd057adfd3b17432d03933861a2ffbe9fd4281e1","frontend/node_modules/isbinaryfile/README.md"
"0c5ec655bd4ee20462bb4df12b3263026637c8e1","frontend/node_modules/isbinaryfile/lib"
"1e8aacd33854167c226d42a0ec759dc897a1a7b4","frontend/node_modules/isbinaryfile/lib/index.d.ts"
"760a3ea9d64cbc5a134713ae86df79b86cc0db23","frontend/node_modules/isbinaryfile/lib/index.js"
"ff2d7420ad22fab3a96a13b98782bba560719afa","frontend/node_modules/isbinaryfile/package.json"
"2b5ece33f912eb4648fd940cd8581591d8bd8ac6","frontend/node_modules/isexe"
"c1cb757acf58a46c2c962c963c2d965f1d0eccec","frontend/node_modules/isexe/.npmignore"
"35769e84408ce9076572c84e17d4a3f3eb611d08","frontend/node_modules/isexe/README.md"
"553fb32b119bdf2efaeffeefe1bef4bfd10f3e43","frontend/node_modules/isexe/index.js"
"1995ea4a06aec4c1506509b11f8e9ae941b86439","frontend/node_modules/isexe/mode.js"
"e452689442f2018bfa2b9ef3885cf4ce6a6e7912","frontend/node_modules/isexe/package.json"
"404cd132165bee690a00ef46cb8537266bdc096e","frontend/node_modules/isexe/test"
"d926df64b902457c1487bb29e3258e7eca9c6753","frontend/node_modules/isexe/test/basic.js"
"34996734d8ef3921c9590def676d79c58c06b61c","frontend/node_modules/isexe/windows.js"
"431cd3eb9fe2b2cda8135a59b0eecf6d9df5f5bf","frontend/node_modules/js-tokens"
"755e6f6ec82ec715a1bcb407608bbb6dab3ab7b7","frontend/node_modules/js-tokens/CHANGELOG.md"
"54aef52f3a464e59316eca4068f24717a40b0ec0","frontend/node_modules/js-tokens/LICENSE"
"00cdf1634db1d9385ddb795e8814cd286cac43f6","frontend/node_modules/js-tokens/README.md"
"b23a4a0e7f4527221c37e5f3d0b8176878f0f600","frontend/node_modules/js-tokens/index.js"
"66752fab275101253f6ff42463b8765ad9e3ae41","frontend/node_modules/js-tokens/package.json"
"7c31a0ebffdca8601b69584f6cafc3dab8b09270","frontend/node_modules/keygrip"
"0f4cc31a4b3525baa4bc7de3f448121f1b5321f9","frontend/node_modules/keygrip/HISTORY.md"
"38b64a175e5daaa50f69ebc7d40e61babae43d11","frontend/node_modules/keygrip/LICENSE"
"925ecef41057129f64bcae30bc1990f4a6eec5fd","frontend/node_modules/keygrip/README.md"
"dbdb1e74e586dbfd043ded4467cf9efd4c7162b2","frontend/node_modules/keygrip/index.js"
"0b33c459c2fd9dd98a0f59e69f5fcf185c35224e","frontend/node_modules/keygrip/package.json"
"df96489fee5e3d06f74ce4e1b9379ece589599eb","frontend/node_modules/koa-compose"
"9f01d71b87c463190bd39b048bd19829e5e3916f","frontend/node_modules/koa-compose/History.md"
"8fa6a392405df7c229bbe727cadef7e16767ab4b","frontend/node_modules/koa-compose/Readme.md"
"5cdc7faab2e4bd94ac4be3c4cffa18d0ed928c0d","frontend/node_modules/koa-compose/index.js"
"7afa637efc31d117ed0e976b4e3a763a7233296e","frontend/node_modules/koa-compose/package.json"
"c23d62cad9601d40764418552db19aaa15c09a5a","frontend/node_modules/koa-convert"
"b26678bb7c16127521e0c1fdf9d633e0ac3af181","frontend/node_modules/koa-convert/LICENSE"
"d4474c38700efb14281a9c9a6d75cd35b841a495","frontend/node_modules/koa-convert/README.md"
"13afd745738d666e426441dde779096d9a83bf87","frontend/node_modules/koa-convert/index.js"
"27b781212c963226cf779193a63553a7aa32fba3","frontend/node_modules/koa-convert/package.json"
"830302d79f725dfe24e0d9245cffe5e3b4439676","frontend/node_modules/koa-etag"
"fa106a7017d5e9ee44c715e0756e16327a508f75","frontend/node_modules/koa-etag/History.md"
"137ad688fadc79ae93c80afcc84f4473c70062e9","frontend/node_modules/koa-etag/LICENSE"
"d0dd961cd04dc9f7d24867c28aafde9fef5b9b31","frontend/node_modules/koa-etag/README.md"
"d7a16faab78c9065e22d0ea5913da7d60f440bc2","frontend/node_modules/koa-etag/index.js"
"7b89fa2c4d5fa04c92a0ff3fa9e85a1e37019254","frontend/node_modules/koa-etag/package.json"
"d15348d9cdd16e48be8ff6d4e193742e84d0fc6d","frontend/node_modules/koa-send"
"103255fdf07b83e3c02266087b627a15516fe7c0","frontend/node_modules/koa-send/History.md"
"cd6c8b2129e27d05ce6c384d37f62c2a2f77287b","frontend/node_modules/koa-send/LICENSE"
"b0e3b51600d1f8a77097254326ddf30ceb588456","frontend/node_modules/koa-send/README.md"
"60df25d4793949d55142c3dd202c186e16c827c9","frontend/node_modules/koa-send/index.js"
"9e0acf51887bfc16408550bc6b2075ec2e79505a","frontend/node_modules/koa-send/package.json"
"fc2abba2bf95b1ef9645eb199ee8d6a462374f93","frontend/node_modules/koa-static"
"b8878f55be11c38a6942b8c2b48dd7febbd34e77","frontend/node_modules/koa-static/History.md"
"16c32eaa3fb0d9683c500198acc002a70966f01a","frontend/node_modules/koa-static/Readme.md"
"02355ef0337efc3c0744dae29b02cda45a561b61","frontend/node_modules/koa-static/index.js"
"23611d967b229af28301f1b890cb723433d5bbc8","frontend/node_modules/koa-static/node_modules"
"1e7c9ce030315157a6c9497dad8758f2351e408e","frontend/node_modules/koa-static/node_modules/debug"
"820d21e3322b9d2778786ea743dd5e818991d595","frontend/node_modules/koa-static/node_modules/debug/CHANGELOG.md"
"658c933d28255e8c716899789e8c0f846e5dc125","frontend/node_modules/koa-static/node_modules/debug/LICENSE"
"0ee7634ddd0a4a6337fe7677e99ba78cd626fa07","frontend/node_modules/koa-static/node_modules/debug/README.md"
"7fc36fe6dbecbfd41530c5a490cc738ec2968653","frontend/node_modules/koa-static/node_modules/debug/node.js"
"191c8154787cb9f8662967d4c4f8f9f3467a2bbf","frontend/node_modules/koa-static/node_modules/debug/package.json"
"a643be593373dfa97f2354ed0403a85b54694a6d","frontend/node_modules/koa-static/node_modules/debug/src"
"c924b0ac4d4882e4a72a116436ed17a487c2fc05","frontend/node_modules/koa-static/node_modules/debug/src/browser.js"
"e0de3fb530f1c2ea33c4c65bcfd39b98a53600d7","frontend/node_modules/koa-static/node_modules/debug/src/common.js"
"021731593ac517b224bddda8c450bac52889843a","frontend/node_modules/koa-static/node_modules/debug/src/index.js"
"1e6a5f16aecdd38a2bfb607f3d82e299f7624f9a","frontend/node_modules/koa-static/node_modules/debug/src/node.js"
"32d9e3c2b9473c0bf32b8ac803842496c05d21bc","frontend/node_modules/koa-static/package.json"
"63f6b1f012269058314226f03ae8b2ef200a6068","frontend/node_modules/koa"
"a70628748c14df221a11a29cde0eabe51ba55f7e","frontend/node_modules/koa/LICENSE"
"29a1e92cdebb069f9f819ebed32fcf9c4371868e","frontend/node_modules/koa/Readme.md"
"04235e6fe1a552beaa3329988a814815901a654c","frontend/node_modules/koa/dist"
"8101c022b6d6156ace32629ab1c52a7ff754c369","frontend/node_modules/koa/dist/koa.mjs"
"e7c2e4aaf7c195448d5c0f8e525d4c98f782dfa9","frontend/node_modules/koa/lib"
"5ebe179a2092c184777ba507631c82c7fd15203f","frontend/node_modules/koa/lib/application.js"
"f6c0f111ba6996c0a20e8436ef2400a1e4b418e9","frontend/node_modules/koa/lib/context.js"
"c2b0db6003ade73ebe249f840d039f5d7f9153db","frontend/node_modules/koa/lib/request.js"
"ae436c42d552d35f736b3ee81cd2b17fcbee6d85","frontend/node_modules/koa/lib/response.js"
"88243014401cfe86996066a05988f06b738d3adc","frontend/node_modules/koa/package.json"
"2ac899d584cdea18740e6d6a9c455674ea0284f6","frontend/node_modules/lodash.camelcase"
"333d437cb472c9a120d0fc49ff2d3f33484b0db2","frontend/node_modules/lodash.camelcase/README.md"
"b6d8b3cf9f26d7734d03f1261b6780f8f5ae2031","frontend/node_modules/lodash.camelcase/index.js"
"aca63e0bbd09e0a5e22fa40bcaf7dbf3c7f67c64","frontend/node_modules/lodash.camelcase/package.json"
"25635587134c99b54aa6b181d05168950474eb7f","frontend/node_modules/lru-cache"
"bd86f4ed4b59629959826a44c3c271bdae0d019e","frontend/node_modules/lru-cache/README.md"
"f097d640f0a43f5ea5c5fcfb552ae00748962953","frontend/node_modules/lru-cache/dist"
"2d11ac88b14363e5acdcc0a1fa82708719004135","frontend/node_modules/lru-cache/dist/cjs"
"177a96f0e3129b6e782b1bde03313515a9c822bc","frontend/node_modules/lru-cache/dist/cjs/index-cjs.d.ts"
"15ad4ae9e6aaf6994f88a31c92b94ec60406f0c6","frontend/node_modules/lru-cache/dist/cjs/index-cjs.d.ts.map"
"00f09528e905ae503859c9f49e7093e29b743118","frontend/node_modules/lru-cache/dist/cjs/index-cjs.js"
"fa4be4cb702ad974db3b70671c5098bbcd9aed19","frontend/node_modules/lru-cache/dist/cjs/index-cjs.js.map"
"8415eeb7250c9ece35c031e6b6e7ed7d3b73d72c","frontend/node_modules/lru-cache/dist/cjs/index.d.ts"
"2f068e4d0575b09dbb66d2bdd2e217f425a35930","frontend/node_modules/lru-cache/dist/cjs/index.d.ts.map"
"09f15dd8c33a7cddd56efc9101c4e4f83ddd2b97","frontend/node_modules/lru-cache/dist/cjs/index.js"
"eb4e477c7a92f886a10a6496db04c32f3fcc59d0","frontend/node_modules/lru-cache/dist/cjs/index.js.map"
"f0edea4769892ca15585af10f95786a2bbc4f340","frontend/node_modules/lru-cache/dist/cjs/index.min.js"
"e7d19cc5b20258d5a466a48a7bc4ef0d065d41a9","frontend/node_modules/lru-cache/dist/cjs/index.min.js.map"
"f29f428411f3f40c2cd82eeae1e9642fb89ff14a","frontend/node_modules/lru-cache/dist/mjs"
"fdb1ce2fc0bded351d17098a1b7822686d1038b6","frontend/node_modules/lru-cache/dist/mjs/index.js"
"84f5b7244390ed2dcd9aa729112323e67cc99cb6","frontend/node_modules/lru-cache/dist/mjs/index.js.map"
"7a889a4c0e062d242a7f62d250cbba937f065dfd","frontend/node_modules/lru-cache/dist/mjs/index.min.js"
"a2e7bfa8e6c2a50c6a65b32737af730840c8230c","frontend/node_modules/lru-cache/dist/mjs/index.min.js.map"
"3dbc1ca591c0557e35b6004aeba250e6a70b56e3","frontend/node_modules/lru-cache/dist/mjs/package.json"
"c98b76318286772e300ed931bdde66538f2b68fc","frontend/node_modules/lru-cache/package.json"
"2abb7003ddcaaf8cf70cc8131999ff4e4eca749f","frontend/node_modules/merge-stream"
"94a4c0a0764dd50ca8a7de95d17471ef22b8cedf","frontend/node_modules/merge-stream/LICENSE"
"0d54841152d2c9422194e7b9930a07945ed97c9c","frontend/node_modules/merge-stream/README.md"
"b1a9e1a02e202baa4e2e0d5e81e14c5c9fd981b4","frontend/node_modules/merge-stream/index.js"
"1a4c54ca50905aadb1341705310169c222c0c6ac","frontend/node_modules/merge-stream/package.json"
"84b0a238fdbf26c10da9a2dfca51c59613651ae6","frontend/node_modules/mimic-fn"
"b4047d58902ebf4a2d6ed10dd8d5a91d1b0b8b77","frontend/node_modules/mimic-fn/index.d.ts"
"1a597051750da2eefa0369c6d3b48b3ce8ad2682","frontend/node_modules/mimic-fn/index.js"
"199d2c7e0739caf899d422ac34b09d927645d61a","frontend/node_modules/mimic-fn/package.json"
"0ef8a13d7e0d95df0eac024476a835961cd1dfd5","frontend/node_modules/mimic-fn/readme.md"
"63a0d51ba33252f00f8df5472d5e68b86687dba8","frontend/node_modules/nanocolors"
"bab760f4ff5104f020925d6627f6416fbb51c16b","frontend/node_modules/nanocolors/COPYRIGHT"
"7b1da391038a65ee10c4582cd6dcaa7dfc6aac37","frontend/node_modules/nanocolors/LICENSE"
"2c03b3953f9ee5ff24dacdd4c61412f2078313cf","frontend/node_modules/nanocolors/README.md"
"e17124c2cf31e724fb520ab3363ac4cfcc100fb5","frontend/node_modules/nanocolors/index.browser.cjs"
"8104bdf07b9bb9f05740d3e6f732b7f44cf34bd5","frontend/node_modules/nanocolors/index.browser.js"
"daef18319a9690ae8ecf982eea924e6a80f597ce","frontend/node_modules/nanocolors/index.cjs"
"270568781efccc680b62680f95b7f7ad41a79a3e","frontend/node_modules/nanocolors/index.d.ts"
"8e685f25823d24dcde17358c2a20295060374431","frontend/node_modules/nanocolors/index.js"
"18aa2f9744844bd009d7b5336e6c6501af234308","frontend/node_modules/nanocolors/package.json"
"ec944d46248d0786305dfe27670772b947bfa154","frontend/node_modules/negotiator"
"a9a544914c43bb8927b9ee9ff02aa2c2c7277fdb","frontend/node_modules/negotiator/HISTORY.md"
"82915e521b4d321d90111316c6193706f1d7b8bf","frontend/node_modules/negotiator/README.md"
"4788264b16c9f2282bba539529577ed31920425d","frontend/node_modules/negotiator/index.js"
"3809d58b1dfc898f7c463f10cbc9b811df534ede","frontend/node_modules/negotiator/lib"
"8432cd77b8a96940b87d747dbb30ee9c2d065a31","frontend/node_modules/negotiator/lib/encoding.js"
"67309dd75f1b62cfe90bfa622919fdae8b80bc0b","frontend/node_modules/negotiator/lib/mediaType.js"
"297635f6d34177956186df7c6a7e502ebb576da2","frontend/node_modules/negotiator/package.json"
"cb568c9c3cc9662e75fcb4f004946809df32bdf6","frontend/node_modules/npm-run-path"
"af10d41a678506cb2ed27d872f309ada935d3d05","frontend/node_modules/npm-run-path/index.d.ts"
"8c94abc986600ac700d6dbfdb0ea0b9687176177","frontend/node_modules/npm-run-path/index.js"
"feb8c00b19dd8ac9a455bdd270f84d1db70b4dc7","frontend/node_modules/npm-run-path/package.json"
"557fbeb6c4cf2855e39261fdcf4cf3398a592854","frontend/node_modules/npm-run-path/readme.md"
"0b10994908a38d452c14c562791788e9eb4dc7bc","frontend/node_modules/onetime"
"ea84caba320c862cb25ae7b4808588bb27939314","frontend/node_modules/onetime/index.d.ts"
"99c5fc1cb4fe973270709368c480997e0b739a00","frontend/node_modules/onetime/index.js"
"54caea5a8e861d642ab389a07cf5401c6ef58a5d","frontend/node_modules/onetime/package.json"
"2d133d3a09c6c65b9186d4d88894b6c887ad7e1e","frontend/node_modules/onetime/readme.md"
"267b28f087741d3ccd6d7aed8ae5667f42eab288","frontend/node_modules/only"
"f1250e584c94b80208b61cf7cae29db8e486a5c7","frontend/node_modules/only/.npmignore"
"c8aa68fa88152d50a44683975863bf0026b49374","frontend/node_modules/only/History.md"
"4e9c8d36ebcd2f63843cf5a534e4db3459b2d637","frontend/node_modules/only/Makefile"
"48130d9bd190d67e419da929a3703f0e285027f7","frontend/node_modules/only/Readme.md"
"1cbeda95056ba077bc8fab89fa3a154b800ad4da","frontend/node_modules/only/index.js"
"35bda14e6c9da9796994dd59373ca71d213ed9b9","frontend/node_modules/only/package.json"
"01db25ef393bebf3804a64f8112dfcddcf1463d5","frontend/node_modules/open"
"9c8f2a39bcdaf22201df46c21cf4a894de8ab912","frontend/node_modules/open/index.d.ts"
"f66dc4cd7c77ee1cb2d1412de08c56439b0ee07f","frontend/node_modules/open/index.js"
"8987b5ab4e1ddf4fc92ea010288449e1332ed8fb","frontend/node_modules/open/package.json"
"282e0a6c83cd5bcc52e2fd0f88a060029b139566","frontend/node_modules/open/readme.md"
"b392fbff415a38cebc817dd31fd1bb102c20d44b","frontend/node_modules/open/xdg-open"
"59fac9601571ef885541387f67ef5c0c6840b825","frontend/node_modules/p-event"
"5686bade3c47bc0e516f4c50488ae521ae81ae81","frontend/node_modules/p-event/index.d.ts"
"93e84543f9232ce7619b9c024e1dc61080017133","frontend/node_modules/p-event/index.js"
"c4a4131925cdb5d58fcca7897d9ea1c7e87c5c06","frontend/node_modules/p-event/package.json"
"4cd18e8187f39246795d5d9b8a6250697d59a1fc","frontend/node_modules/p-event/readme.md"
"3d38863d14cfea9606f1bf5b68808b50b8c1b525","frontend/node_modules/p-finally"
"52b7b49c5f36ce55967866d6d3b3126adbdb4d9e","frontend/node_modules/p-finally/index.js"
"b26ab51884326b69fd233cb80c3c773ffa247495","frontend/node_modules/p-finally/package.json"
"09ef36416b2f2b55ae30890d60f15431ccb5bfd9","frontend/node_modules/p-finally/readme.md"
"a22493e4ec22045e6ed5b42501661947f11feaf4","frontend/node_modules/p-timeout"
"57d909fcd43fb98166748bd3c7d8f3789a7905ee","frontend/node_modules/p-timeout/index.d.ts"
"34d4a4cd78725140625884972552eab98583f129","frontend/node_modules/p-timeout/index.js"
"bf503cd869c28efa945a0494a9885bde7cd28786","frontend/node_modules/p-timeout/package.json"
"ad4ab52ed87d3e02aefd9e1e0deb2cd93f4282b2","frontend/node_modules/p-timeout/readme.md"
"7b572e8e8bf2564bbccd156fde86db2c59ad5e2b","frontend/node_modules/pako"
"a861326bd40507d5c8a9bd1e42ea284a9ae97a6c","frontend/node_modules/pako/CHANGELOG.md"
"a934ef8db478453e38b2f29af67610916fa9fc99","frontend/node_modules/pako/LICENSE"
"e952992cf52a071854252cbe44e51fe83ee89ddc","frontend/node_modules/pako/README.md"
"b2d447767d8d54d044d5ffc28ab6f660b291c567","frontend/node_modules/pako/dist"
"9ab7c686a9b49c6908d2f869c41a841b20485dbb","frontend/node_modules/pako/dist/pako.js"
"ba397319e12a3f9af8338f4494de65077197355b","frontend/node_modules/pako/dist/pako.min.js"
"d6bbaa159fd0d375c40ee670b9183837d68017b9","frontend/node_modules/pako/dist/pako_deflate.js"
"779255340dde66b299c9d9a04c4a5c04d508bee4","frontend/node_modules/pako/dist/pako_deflate.min.js"
"4a2050daad075189fdede2cf4044d0ca0c792e9e","frontend/node_modules/pako/dist/pako_inflate.js"
"a191a78a8956cddf28adaf7542631123014a04bf","frontend/node_modules/pako/dist/pako_inflate.min.js"
"cd072515213487ba4d3a32afe792e11905ddb54c","frontend/node_modules/pako/index.js"
"0db5849b8e7ce55d554789f2b2f739184b852eba","frontend/node_modules/pako/lib"
"efeb00c7bb41989c16b4c6ed252c56160f62eac0","frontend/node_modules/pako/lib/deflate.js"
"7535d15af147c347b1c46562f3876dd40354ba28","frontend/node_modules/pako/lib/inflate.js"
"c5f8a6c1bab56f3d7d3c83045165b0ea00f2ed06","frontend/node_modules/pako/lib/utils"
"58be4beb4af3e0153371608a3566e1a074437a7c","frontend/node_modules/pako/lib/utils/common.js"
"b07a732d6b18101e07eacb138dffb0761fd54d4f","frontend/node_modules/pako/lib/utils/strings.js"
"17bbf221027d9d8d70ffc509a9ac7cdb406b8b3a","frontend/node_modules/pako/lib/zlib"
"88a8752470dc696bf358e9622cc164572436f688","frontend/node_modules/pako/lib/zlib/README"
"d440a9810d1ce6dc31bcab5e704a57ab219a1d89","frontend/node_modules/pako/lib/zlib/adler32.js"
"569b8724175e4025e6da6f06bd58a33a4c42a899","frontend/node_modules/pako/lib/zlib/constants.js"
"6a96092462a293036c5b39efe2d0d849ab01c27f","frontend/node_modules/pako/lib/zlib/crc32.js"
"314569892c5d1e4efc2ccff1651f1a29505281a1","frontend/node_modules/pako/lib/zlib/deflate.js"
"9582cba603259edf791ebf4392aecb8eeedb3f4d","frontend/node_modules/pako/lib/zlib/gzheader.js"
"4cc958feedcfab29a5a3a5d902d19a8f736967a9","frontend/node_modules/pako/lib/zlib/inffast.js"
"6384844845c5e818b71ecb1e4179a9c96bbd7a8c","frontend/node_modules/pako/lib/zlib/inflate.js"
"ec4e4e909628877cfc7f438860d9999f99e14ebe","frontend/node_modules/pako/lib/zlib/inftrees.js"
"426daec6b6ec21f5fddebecfc548b5609ebc7973","frontend/node_modules/pako/lib/zlib/messages.js"
"aaf15dba626651e04d56e07750c1b6f514265b14","frontend/node_modules/pako/lib/zlib/trees.js"
"122acfef0f720234db175fe5b9d6a9369d310d02","frontend/node_modules/pako/lib/zlib/zstream.js"
"7aaade84cf66707204ae18917d4e4fa1e4b911a7","frontend/node_modules/pako/package.json"
"a44ed5bce5a231edd0232cfeb10ecff1aa2f1f75","frontend/node_modules/parse5"
"f3265d4b88f7aac271ec21679195adff8446855e","frontend/node_modules/parse5/LICENSE"
"32b53be63deb9b0c9d752462f3fc330eb87cf359","frontend/node_modules/parse5/README.md"
"e4f31bbbb67db3bc19979dd12bc41667f77b29cb","frontend/node_modules/parse5/lib"
"51c6e57261ebaac4b15d0a4b61cbecbed1b66820","frontend/node_modules/parse5/lib/common"
"e9dfb67d1caf2fb17f0efe9e5d18394e200f8981","frontend/node_modules/parse5/lib/common/doctype.js"
"25f3cfdd629e82759e6234adf91e43cf785ac3b6","frontend/node_modules/parse5/lib/common/error-codes.js"
"10f008b86813dabe0ac58db40772b54a45d17365","frontend/node_modules/parse5/lib/common/foreign-content.js"
"f33646f1194b4ed63037c39c5414d111248320f8","frontend/node_modules/parse5/lib/common/html.js"
"8d8234f13f0333a257e01ee7b090f43dae325504","frontend/node_modules/parse5/lib/common/unicode.js"
"fa49576bbeca02604fede4edad30aa8f64e8c7a3","frontend/node_modules/parse5/lib/extensions"
"2217ca39c1fe60c85c5f92c25ca1887c3982b4fd","frontend/node_modules/parse5/lib/extensions/error-reporting"
"1e30cfc12e175829c49af53da2a62cd48d104eed","frontend/node_modules/parse5/lib/extensions/error-reporting/mixin-base.js"
"107ec5a791a351ad5349ca948175ed8408ec4080","frontend/node_modules/parse5/lib/extensions/error-reporting/parser-mixin.js"
"398c9661484cc224d590a6054633f3ce444e6e2a","frontend/node_modules/parse5/lib/extensions/error-reporting/preprocessor-mixin.js"
"219fcabf73975e2a1610b5bdf0008272c44768fa","frontend/node_modules/parse5/lib/extensions/error-reporting/tokenizer-mixin.js"
"be2722821c57e83b5da6c0c6ae7b250b5f668048","frontend/node_modules/parse5/lib/extensions/location-info"
"765fe77c52afaf809d8c358ffa120f4fff0754ec","frontend/node_modules/parse5/lib/extensions/location-info/open-element-stack-mixin.js"
"e7d3e2da1286336d3405b4dec4b8e14bf97834f7","frontend/node_modules/parse5/lib/extensions/location-info/parser-mixin.js"
"3c1ef5fbb196472e434dbb4950da1d62f12e2890","frontend/node_modules/parse5/lib/extensions/location-info/tokenizer-mixin.js"
"b2f20df4aab23398e073ac02511ba4b21ffc27ce","frontend/node_modules/parse5/lib/extensions/position-tracking"
"3a07d780176411a08b05bc4cf32853a01c855ce0","frontend/node_modules/parse5/lib/extensions/position-tracking/preprocessor-mixin.js"
"09c8e339284144b6227f8580372169775a257537","frontend/node_modules/parse5/lib/index.js"
"5fc54f2ea4099561468619a809890eff370330ff","frontend/node_modules/parse5/lib/parser"
"0e241dbfdb0104d435e2d48e9b7b840c023ab53d","frontend/node_modules/parse5/lib/parser/formatting-element-list.js"
"45d3e83af26e5409e908a827a3197fc381ce0cc9","frontend/node_modules/parse5/lib/parser/index.js"
"c10880ae594b0473fd9e76371927a4f8456d9e7d","frontend/node_modules/parse5/lib/parser/open-element-stack.js"
"8052dc2086b5cade22b7b503598b79f1617ddbbc","frontend/node_modules/parse5/lib/serializer"
"659ef60ec82c2647ceea0fc62087bf6c66bd270a","frontend/node_modules/parse5/lib/serializer/index.js"
"99c51969ed04331539056b5c67e1bd0c3a5daa54","frontend/node_modules/parse5/lib/tokenizer"
"c18d55c56c87bcc65d5832ddc1196d6d7ad2c9b2","frontend/node_modules/parse5/lib/tokenizer/index.js"
"36880c83136ef2dced919044702c06754d492b97","frontend/node_modules/parse5/lib/tokenizer/named-entity-data.js"
"26fde48a5b33ccbc28f0614062e49f266940e510","frontend/node_modules/parse5/lib/tokenizer/preprocessor.js"
"8efa722bf2ca61aafd35e6532214fb3e9f4b15b2","frontend/node_modules/parse5/lib/tree-adapters"
"14d007a1611bdb56fad0b2f30af0727f0fb23e48","frontend/node_modules/parse5/lib/tree-adapters/default.js"
"8ed0200de29295f945960db338b57a6a04701bb2","frontend/node_modules/parse5/lib/utils"
"0bbe893d6c7c9523fa766706975d181c1f17f72e","frontend/node_modules/parse5/lib/utils/merge-options.js"
"26465c478b3f829904789cecf0b3587559f2a34d","frontend/node_modules/parse5/lib/utils/mixin.js"
"2110a03e62eeb46ca4a2682e6ebd5792d616d93e","frontend/node_modules/parse5/package.json"
"b68fddf13413a9d8d7a904874cbbc8203b514cae","frontend/node_modules/path-is-absolute"
"22aa6c35607997d2b73fab3e4b831469ca4d5ba1","frontend/node_modules/path-is-absolute/index.js"
"91196d5e9c1336c352ade94008fe24bb6f1d69b9","frontend/node_modules/path-is-absolute/package.json"
"8dbdf5fcb775e16ceffa851db56d47651b20fcaf","frontend/node_modules/path-is-absolute/readme.md"
"823be3e9473bd2e5eb3728e2b7085da274dc088b","frontend/node_modules/path-key"
"7c575d197502223b05301b1b338aaa28cfd54217","frontend/node_modules/path-key/index.d.ts"
"0cf6415d60938fa78ba51b277fa2a57fa0bdc587","frontend/node_modules/path-key/index.js"
"c8cbd383afc9550502c254ec6b96e46137e8d26b","frontend/node_modules/path-key/package.json"
"a9052d7a696bcde942b3820b9706942ddd6a8fd5","frontend/node_modules/path-key/readme.md"
"2355aa429126dbd1817d6efe25d216a7acf8de48","frontend/node_modules/path-parse"
"810f3dbea83b538626b466a1aa3d60ed8cf27281","frontend/node_modules/path-parse/LICENSE"
"05097f86aef364d88bab44fac2ce01c2d825ada9","frontend/node_modules/path-parse/README.md"
"f062d0a23e6299b2eee1797c6c476159348f147c","frontend/node_modules/path-parse/index.js"
"36c23f84e7063cc7063844a278fe851afaa5da09","frontend/node_modules/path-parse/package.json"
"5dc2ce8aeaa237b58ea2904efa5d1a2d987b5014","frontend/node_modules/pdf-lib"
"7a237e68e37abe7ac934c4e89f49e1a94f161f33","frontend/node_modules/pdf-lib/LICENSE.md"
"02c9bed4e1b2113a41d15419d11b2beb617bbfb6","frontend/node_modules/pdf-lib/README.md"
"b77e6524ca3b2f18f2b345452249685d2da8f779","frontend/node_modules/pdf-lib/cjs"
"24089f26ab5309e6888936a78e22e0855774396d","frontend/node_modules/pdf-lib/cjs/api"
"68451fc8e655fe4d57427d30fbaef271ac22ac44","frontend/node_modules/pdf-lib/cjs/api/Embeddable.d.ts"
"1f834d2eaa9e763cb699e25b6986654d2908cbcb","frontend/node_modules/pdf-lib/cjs/api/Embeddable.d.ts.map"
"246b48fde227ecad4d29c8b86ece75835194e133","frontend/node_modules/pdf-lib/cjs/api/Embeddable.js"
"0a1a3b71551e8032b36282391caea7d32e34e911","frontend/node_modules/pdf-lib/cjs/api/Embeddable.js.map"
"f0ebc790b019332fe9c7b0fa38c14e6bd3d8c4ca","frontend/node_modules/pdf-lib/cjs/api/PDFDocument.d.ts"
"14529553bae93150435da5f97220e78d26c1ec8c","frontend/node_modules/pdf-lib/cjs/api/PDFDocument.d.ts.map"
"9d74ce0a84ef57ef47a75cea8846c85ff4b9c621","frontend/node_modules/pdf-lib/cjs/api/PDFDocument.js"
"5c031ff582ab944cd01dd060f77224dec9c184e0","frontend/node_modules/pdf-lib/cjs/api/PDFDocument.js.map"
"8ae6d3ee9b9fa606cb755b20115fb99c907dac71","frontend/node_modules/pdf-lib/cjs/api/PDFDocumentOptions.d.ts"
"0a5ad221b7189e1a43e57772c9a2a7e34a235746","frontend/node_modules/pdf-lib/cjs/api/PDFDocumentOptions.d.ts.map"
"e58721bb6b8671a4883219c4f0ca9b61d10f5686","frontend/node_modules/pdf-lib/cjs/api/PDFDocumentOptions.js"
"85ecfe384102b3ab2ffbf557d1be955eee93ef97","frontend/node_modules/pdf-lib/cjs/api/PDFDocumentOptions.js.map"
"981039bc14751e812aa6ec0956b11ca8a4d2bd0f","frontend/node_modules/pdf-lib/cjs/api/PDFEmbeddedFile.d.ts"
"f94123063f7f3dfb42d50041f03561272def8b4c","frontend/node_modules/pdf-lib/cjs/api/PDFEmbeddedFile.d.ts.map"
"0fa7d0d6a69b5a4a0992d5820fa2495fc8fee575","frontend/node_modules/pdf-lib/cjs/api/PDFEmbeddedFile.js"
"387ac0a2f987c186d2093786445a2ebcae053f68","frontend/node_modules/pdf-lib/cjs/api/PDFEmbeddedFile.js.map"
"3406fb3d61e9de9fa27f8dfc7a7bd34d48120d00","frontend/node_modules/pdf-lib/cjs/api/PDFEmbeddedPage.d.ts"
"b18d7606507725c872cd12c24a0f1fbd3971ee59","frontend/node_modules/pdf-lib/cjs/api/PDFEmbeddedPage.d.ts.map"
"62a168e39235d0099b7d5b387b090f23791d7e0f","frontend/node_modules/pdf-lib/cjs/api/PDFEmbeddedPage.js"
"1d298d878b4005620ecdfb7a7370805c4aa76619","frontend/node_modules/pdf-lib/cjs/api/PDFEmbeddedPage.js.map"
"d4a3ae10cba7d87f950bfb19d85908f2a53e0470","frontend/node_modules/pdf-lib/cjs/api/PDFFont.d.ts"
"dd5f8144f46404dae38305c4d7fe7de0d9b087a2","frontend/node_modules/pdf-lib/cjs/api/PDFFont.d.ts.map"
"0559aba822f7fc968ec68712082f836a88de5a42","frontend/node_modules/pdf-lib/cjs/api/PDFFont.js"
"6c4c011cc0e4bc3d2e0da539733536df51b07f48","frontend/node_modules/pdf-lib/cjs/api/PDFFont.js.map"
"dfb4ade012d87056caac5d6ada78a1d4225a5a97","frontend/node_modules/pdf-lib/cjs/api/PDFImage.d.ts"
"8465e8001b7787340e41cbff7f6033986d464beb","frontend/node_modules/pdf-lib/cjs/api/PDFImage.d.ts.map"
"e901a2d33caa55004abe5b8253efe2ce097ba035","frontend/node_modules/pdf-lib/cjs/api/PDFImage.js"
"9284ad47abf648e47d40c19293577e7af541302e","frontend/node_modules/pdf-lib/cjs/api/PDFImage.js.map"
"29adddf0669c308b6d7d499bc1ab1c10a0fe0fc9","frontend/node_modules/pdf-lib/cjs/api/PDFJavaScript.d.ts"
"c5ab420c53f96349be912b727c3c5bc877bade86","frontend/node_modules/pdf-lib/cjs/api/PDFJavaScript.d.ts.map"
"ed1d9d336e0182aeb5f990fde30981dfc2dc600a","frontend/node_modules/pdf-lib/cjs/api/PDFJavaScript.js"
"f44fa3e003add8f48ce7e6da020a99db53c37549","frontend/node_modules/pdf-lib/cjs/api/PDFJavaScript.js.map"
"6c28ac986f73c9583c07ca6e65bcd91706b7a7c1","frontend/node_modules/pdf-lib/cjs/api/PDFPage.d.ts"
"cc9c4221dba6597df658ba6849600b1252b60f75","frontend/node_modules/pdf-lib/cjs/api/PDFPage.d.ts.map"
"ffd224d5719e8b8345127c1d2d5600a0a58f9edc","frontend/node_modules/pdf-lib/cjs/api/PDFPage.js"
"5e6087a008b9acae49996e2ebf071d5795309619","frontend/node_modules/pdf-lib/cjs/api/PDFPage.js.map"
"20a6543b25befe73acf54b1f0b961c61e01f8159","frontend/node_modules/pdf-lib/cjs/api/PDFPageOptions.d.ts"
"b5f27ee001822037589d0aa806def5c1980e3648","frontend/node_modules/pdf-lib/cjs/api/PDFPageOptions.d.ts.map"
"d5330a53c5520a36677d95e5582fc389048cfc4b","frontend/node_modules/pdf-lib/cjs/api/PDFPageOptions.js"
"7b3855608b7c7872c4d4c40f46472a7e842fd13c","frontend/node_modules/pdf-lib/cjs/api/PDFPageOptions.js.map"
"bf894ee1fb35f5ff4de76afcb90440259a74a5f3","frontend/node_modules/pdf-lib/cjs/api/StandardFonts.d.ts"
"7540275094471574f4a840ad776aca11f0fc6309","frontend/node_modules/pdf-lib/cjs/api/StandardFonts.d.ts.map"
"1415a5fb49b1b96f2159f4ce842ea9a89d35dee3","frontend/node_modules/pdf-lib/cjs/api/StandardFonts.js"
"e037533027a136c0d66849ca67d0e9b841cfa31c","frontend/node_modules/pdf-lib/cjs/api/StandardFonts.js.map"
"024fdbbf74c83bcc9cacbe02014c1980be636ab0","frontend/node_modules/pdf-lib/cjs/api/colors.d.ts"
"816740f83ecaa64fb9451c81ab4f43e685da8add","frontend/node_modules/pdf-lib/cjs/api/colors.d.ts.map"
"5ed96f7b9b42ab6b8bdd6c763791ee61b0164ce5","frontend/node_modules/pdf-lib/cjs/api/colors.js"
"8ab8b648a9d05257a2854f2b19fe027bda19ebf8","frontend/node_modules/pdf-lib/cjs/api/colors.js.map"
"412a6233d41be1c302cd5475cb9751d43a04bcb0","frontend/node_modules/pdf-lib/cjs/api/errors.d.ts"
"91699a8966129a20a903a1ae5137aeaf0c57d8f3","frontend/node_modules/pdf-lib/cjs/api/errors.d.ts.map"
"31968e2d3ed4c09cee17da086cb06adbff073b5e","frontend/node_modules/pdf-lib/cjs/api/errors.js"
"966864be1ff92e129712c0496a5aa8b480500ad6","frontend/node_modules/pdf-lib/cjs/api/errors.js.map"
"8e7c83b859a60263aeacd7e1f280f01cf8445b31","frontend/node_modules/pdf-lib/cjs/api/form"
"6e98dc0fdd98dd7f1b1e463c6b35480c739d0ea9","frontend/node_modules/pdf-lib/cjs/api/form/PDFButton.d.ts"
"1c2b95d875fc6ed8901b4ec26de92127c80a1f78","frontend/node_modules/pdf-lib/cjs/api/form/PDFButton.d.ts.map"
"eaa421091c611892e31aeada4baf2d78bb25bc3b","frontend/node_modules/pdf-lib/cjs/api/form/PDFButton.js"
"a48f9842c5ca37c1ec1a924bd1e5fa3eb955241e","frontend/node_modules/pdf-lib/cjs/api/form/PDFButton.js.map"
"fca7677854cb61d30e5bf4021f4de1cce4316144","frontend/node_modules/pdf-lib/cjs/api/form/PDFCheckBox.d.ts"
"87f440c4e6e5d1d3870ebe34006825e870bdb36c","frontend/node_modules/pdf-lib/cjs/api/form/PDFCheckBox.d.ts.map"
"e67b30d8b41dcf9287c7d906d6c05ac93bddf801","frontend/node_modules/pdf-lib/cjs/api/form/PDFCheckBox.js"
"15847955cda78d2153184bd0f85844061ef9ccb6","frontend/node_modules/pdf-lib/cjs/api/form/PDFCheckBox.js.map"
"d61fe85bfd56c50faacc698375c842ede948d91d","frontend/node_modules/pdf-lib/cjs/api/form/PDFDropdown.d.ts"
"30c588c1eed1261345f82f3bf9908ba26e0ee41c","frontend/node_modules/pdf-lib/cjs/api/form/PDFDropdown.d.ts.map"
"8cb36375b0201465a3292b0433ae26c93c23fdb2","frontend/node_modules/pdf-lib/cjs/api/form/PDFDropdown.js"
"349aa3c7aa65a8783f6e92d4424fb48c610cb5fa","frontend/node_modules/pdf-lib/cjs/api/form/PDFDropdown.js.map"
"5a987962d969b98b3ffe3e9ed551122fb7104d2a","frontend/node_modules/pdf-lib/cjs/api/form/PDFField.d.ts"
"9cfbd56647e7ad007a14314a3d2f788398639a77","frontend/node_modules/pdf-lib/cjs/api/form/PDFField.d.ts.map"
"a70d96d8c0a5358a5c786b2167c310214679d9a8","frontend/node_modules/pdf-lib/cjs/api/form/PDFField.js"
"94c63390e875df0a49cd971783cb38ee85f6bb78","frontend/node_modules/pdf-lib/cjs/api/form/PDFField.js.map"
"9026d9db6851a2c6c7f06e61db21cd96e41a1306","frontend/node_modules/pdf-lib/cjs/api/form/PDFForm.d.ts"
"5ecf1321bf1a44d8c89d9bfdd7e6e187567e39ee","frontend/node_modules/pdf-lib/cjs/api/form/PDFForm.d.ts.map"
"9ea97a2a9f2c23695917d4e1811852d8f6ffe36c","frontend/node_modules/pdf-lib/cjs/api/form/PDFForm.js"
"550083a964f1c44ecae3f332780c95065834ab89","frontend/node_modules/pdf-lib/cjs/api/form/PDFForm.js.map"
"77a9c53fc27d211300b6653aad015166beaa3de3","frontend/node_modules/pdf-lib/cjs/api/form/PDFOptionList.d.ts"
"0810c3a856708edff4b83f881c1659d3061dbde6","frontend/node_modules/pdf-lib/cjs/api/form/PDFOptionList.d.ts.map"
"c3703533b5e01d772802ebcc619d8185aaafb7b0","frontend/node_modules/pdf-lib/cjs/api/form/PDFOptionList.js"
"26bed4c1fa4767b7b7c53a5ef010429af7bf1a17","frontend/node_modules/pdf-lib/cjs/api/form/PDFOptionList.js.map"
"46058fb9adba10d1d9c5a89484bc4055e278de48","frontend/node_modules/pdf-lib/cjs/api/form/PDFRadioGroup.d.ts"
"decdfac0b515036f8155b011e9033fb0f65a5bce","frontend/node_modules/pdf-lib/cjs/api/form/PDFRadioGroup.d.ts.map"
"cf054f347ea16913f011bd6c2d0a9d57f5e2879e","frontend/node_modules/pdf-lib/cjs/api/form/PDFRadioGroup.js"
"de0b639e0f2caff298693bc3c98d25c273e3cabc","frontend/node_modules/pdf-lib/cjs/api/form/PDFRadioGroup.js.map"
"cf5e199a1c27b03949e56353e2b97978fc10324a","frontend/node_modules/pdf-lib/cjs/api/form/PDFSignature.d.ts"
"733c217e4c5f2e985756f9ece15e82f0777d1cf7","frontend/node_modules/pdf-lib/cjs/api/form/PDFSignature.d.ts.map"
"4f1f5e671e93ed715d00b0dcd568eb1a6b2e7eab","frontend/node_modules/pdf-lib/cjs/api/form/PDFSignature.js"
"a0e8f1265b2ada217cc29f3a269de03f071b5202","frontend/node_modules/pdf-lib/cjs/api/form/PDFSignature.js.map"
"431030b08085cad1d6128dd9b7410b36f5f8f85f","frontend/node_modules/pdf-lib/cjs/api/form/PDFTextField.d.ts"
"fea724789a942c684cd964d2507a648932b6f9f8","frontend/node_modules/pdf-lib/cjs/api/form/PDFTextField.d.ts.map"
"45e959f25efaf18ed1ebcd78a68d27d036161f2e","frontend/node_modules/pdf-lib/cjs/api/form/PDFTextField.js"
"a6848ac27710ae67c991dc8b0218780753f75625","frontend/node_modules/pdf-lib/cjs/api/form/PDFTextField.js.map"
"0ae4b9d874521fed70a10cb626777ec160ff9f5e","frontend/node_modules/pdf-lib/cjs/api/form/appearances.d.ts"
"3cfd3b6cb8e7d1f731dee94c9656ec1e8bf1363e","frontend/node_modules/pdf-lib/cjs/api/form/appearances.d.ts.map"
"79cd371aafd245b2841c55484982b5057d6c560d","frontend/node_modules/pdf-lib/cjs/api/form/appearances.js"
"a05f23e7f13fbaec5f78de2f437dd1e102f9ad5a","frontend/node_modules/pdf-lib/cjs/api/form/appearances.js.map"
"82d8e0c1c6b6721981a4a2287237ebf49397df9b","frontend/node_modules/pdf-lib/cjs/api/form/index.d.ts"
"2644b451a19145d64cab86812f8ca512c3ae4e27","frontend/node_modules/pdf-lib/cjs/api/form/index.d.ts.map"
"6f8b6f84093d5d603417717730f49f9285fa1011","frontend/node_modules/pdf-lib/cjs/api/form/index.js"
"c29de92575fb099fe4ce16fc8057d1da31e4c709","frontend/node_modules/pdf-lib/cjs/api/form/index.js.map"
"bc5ba6126b8e16f2508324619c5fd815558f9c1e","frontend/node_modules/pdf-lib/cjs/api/image"
"fd26e2fc87ec9d40e38238847c0c844d49889bb0","frontend/node_modules/pdf-lib/cjs/api/image/alignment.d.ts"
"ff73b326365114fc81184a5e866c376baf2ef412","frontend/node_modules/pdf-lib/cjs/api/image/alignment.d.ts.map"
"3706fab1136e79ed02e72ba0b525a58d49380944","frontend/node_modules/pdf-lib/cjs/api/image/alignment.js"
"7a25e8f07417265f16597be1a343e8f7a9bd16bb","frontend/node_modules/pdf-lib/cjs/api/image/alignment.js.map"
"46c179c2b477ceaf77015ccb2c3001a3cce2c21d","frontend/node_modules/pdf-lib/cjs/api/image/index.d.ts"
"f3a76f6102ad8a69922361d59ae81f02be5750d8","frontend/node_modules/pdf-lib/cjs/api/image/index.d.ts.map"
"727c7eb0c033b1bfed00b9d5aa12277bf5a44642","frontend/node_modules/pdf-lib/cjs/api/image/index.js"
"6b6affac844e23e1341bdf3796f91575607bc59a","frontend/node_modules/pdf-lib/cjs/api/image/index.js.map"
"31c73d33decb774ab3b176017cabd1807241274b","frontend/node_modules/pdf-lib/cjs/api/index.d.ts"
"dae79e1301bfc5a0ac8164ad93c6c3b56e6bf6f3","frontend/node_modules/pdf-lib/cjs/api/index.d.ts.map"
"0e531fc28de873e4946b2eb2a41bd85262d64e6d","frontend/node_modules/pdf-lib/cjs/api/index.js"
"34ecb6b3843da33a60c8fbcfd8b64d407faa8f92","frontend/node_modules/pdf-lib/cjs/api/index.js.map"
"616a25d12f380275e8d3148226a45b7a151bb98c","frontend/node_modules/pdf-lib/cjs/api/objects.d.ts"
"2de3763dcb2e849537979c0d3183cf1a696dfb3c","frontend/node_modules/pdf-lib/cjs/api/objects.d.ts.map"
"7b076e2e0db3b49f3b2b6ead086e0318a80c8455","frontend/node_modules/pdf-lib/cjs/api/objects.js"
"aa95dc47db57de9f85fc1749f4547068fb3e8f66","frontend/node_modules/pdf-lib/cjs/api/objects.js.map"
"a7c8e80e5e54308c76464a58d69b2392306d6975","frontend/node_modules/pdf-lib/cjs/api/operations.d.ts"
"ee5e70f6b1d6631a6f3977ba06b072251d4c6852","frontend/node_modules/pdf-lib/cjs/api/operations.d.ts.map"
"a7d34f64c0917a2d4595b0f5521240f2a79e8431","frontend/node_modules/pdf-lib/cjs/api/operations.js"
"f4ee836d713d923a9f069737e1363c89e11a95e0","frontend/node_modules/pdf-lib/cjs/api/operations.js.map"
"474d0a83792198bad5c78749c00ca422d7264b7f","frontend/node_modules/pdf-lib/cjs/api/operators.d.ts"
"46b1adb77060c077bce761a170bd614b26a3e99d","frontend/node_modules/pdf-lib/cjs/api/operators.d.ts.map"
"f3a2eea19a2de60145e407fcf0405e7f275af6cf","frontend/node_modules/pdf-lib/cjs/api/operators.js"
"e729f4c471b65f3ac57b969d973e3f1ddff38a8b","frontend/node_modules/pdf-lib/cjs/api/operators.js.map"
"fdc4b96573568ef61d0427b75f4aeba89bcb7cd4","frontend/node_modules/pdf-lib/cjs/api/rotations.d.ts"
"d0b67e8d4f378694174917491973ec1c396659a1","frontend/node_modules/pdf-lib/cjs/api/rotations.d.ts.map"
"07630867754d11d681ee1222b8a9ed2ffd4a85a7","frontend/node_modules/pdf-lib/cjs/api/rotations.js"
"6c3f750792745ee985a97c477de5ae0c741b9d6d","frontend/node_modules/pdf-lib/cjs/api/rotations.js.map"
"fbab81137b6a8dd830dd7e3abd3d15142eaaa978","frontend/node_modules/pdf-lib/cjs/api/sizes.d.ts"
"b7be5a7eaf1cd06284f359dafcefb5f5b9902481","frontend/node_modules/pdf-lib/cjs/api/sizes.d.ts.map"
"6e3c274c9c8c27db9817869f089016dab9b27a88","frontend/node_modules/pdf-lib/cjs/api/sizes.js"
"42260e9d41f1750227cd4f4e9072cc7bd1eeff03","frontend/node_modules/pdf-lib/cjs/api/sizes.js.map"
"5fc6c4ee46e4e9d33293c456c2585548eabb5871","frontend/node_modules/pdf-lib/cjs/api/svgPath.d.ts"
"0a333684dd526f5a89756b3a4f1917b9332dee0a","frontend/node_modules/pdf-lib/cjs/api/svgPath.d.ts.map"
"1354e06fd184031c852e70e578aa0a81a1527de0","frontend/node_modules/pdf-lib/cjs/api/svgPath.js"
"8e39aebfd429e1c54ff97ac0f7aa352328f21998","frontend/node_modules/pdf-lib/cjs/api/svgPath.js.map"
"42bbaf87f4726a17606a17cf6dfea0f388eb1b2e","frontend/node_modules/pdf-lib/cjs/api/text"
"af5e76ed7d8d4c79615f85fdd39adec61eb53b2a","frontend/node_modules/pdf-lib/cjs/api/text/alignment.d.ts"
"1747ce35bd72752521a355640a942b5a61c6ad66","frontend/node_modules/pdf-lib/cjs/api/text/alignment.d.ts.map"
"f993c5ec3af8151d86f2a3e54a6c94712da9d5e0","frontend/node_modules/pdf-lib/cjs/api/text/alignment.js"
"2568839d2b23672fce4f6eba9520159c3c9dbfd4","frontend/node_modules/pdf-lib/cjs/api/text/alignment.js.map"
"0153f0296480d0f73d378ac3666ecf2729cc0b5f","frontend/node_modules/pdf-lib/cjs/api/text/index.d.ts"
"422beeadf5cdb6ab35d7b1479d9153e7decfea9f","frontend/node_modules/pdf-lib/cjs/api/text/index.d.ts.map"
"d3265ad16cf4a48ce09d784ffd8838bcf19927c0","frontend/node_modules/pdf-lib/cjs/api/text/index.js"
"82fddea3df66145c4539ce3977d6fa9edbbbf8ed","frontend/node_modules/pdf-lib/cjs/api/text/index.js.map"
"e65f581f214381206a0e8240f0dc3ad4e3b4b3c4","frontend/node_modules/pdf-lib/cjs/api/text/layout.d.ts"
"a4fb6587938ed70495db682d106e0d269ff66cd7","frontend/node_modules/pdf-lib/cjs/api/text/layout.d.ts.map"
"a0ffd1e5d37dfab4ca8668e1f368e855c3938a56","frontend/node_modules/pdf-lib/cjs/api/text/layout.js"
"0196c63c09dd850f112b372ab8513231177c68e2","frontend/node_modules/pdf-lib/cjs/api/text/layout.js.map"
"950d2c2af006fc784568d63389150ed4ef586902","frontend/node_modules/pdf-lib/cjs/core"
"a2d726ef9fc340812267c9a383f3facbdc86d3f5","frontend/node_modules/pdf-lib/cjs/core/PDFContext.d.ts"
"e117b75eed4c334fb5c8bb8714c11810664b5341","frontend/node_modules/pdf-lib/cjs/core/PDFContext.d.ts.map"
"c9b09da74ffe6ea98cf8df6a301eb7454170176f","frontend/node_modules/pdf-lib/cjs/core/PDFContext.js"
"5bbfff5880a90f81b0f4894f9f6e6d2666e26dc1","frontend/node_modules/pdf-lib/cjs/core/PDFContext.js.map"
"5be8517d5c67a77a4386352b0302dbb0d7e20a61","frontend/node_modules/pdf-lib/cjs/core/PDFObjectCopier.d.ts"
"6803605e596d3b17d357ee64cedfd67cb61d41fb","frontend/node_modules/pdf-lib/cjs/core/PDFObjectCopier.d.ts.map"
"1b7b025177628b09523f58b8f252e65b958908b3","frontend/node_modules/pdf-lib/cjs/core/PDFObjectCopier.js"
"fe8392faf5caa17a61c0e032afff51a2f6fc73bb","frontend/node_modules/pdf-lib/cjs/core/PDFObjectCopier.js.map"
"87264d265683f55e511be215d7cb7e84ff7567a8","frontend/node_modules/pdf-lib/cjs/core/acroform"
"221febf312b90acb11b072f1385c79c7dc71d0f0","frontend/node_modules/pdf-lib/cjs/core/acroform/PDFAcroButton.d.ts"
"5ac94cf95aafd133ff3e963273fa452bfb6fd577","frontend/node_modules/pdf-lib/cjs/core/acroform/PDFAcroButton.d.ts.map"
"9be9897c3ec3630eb0794d67a764e574f83e6c9f","frontend/node_modules/pdf-lib/cjs/core/acroform/PDFAcroButton.js"
"41bf214e1be93a5c88423ed6e6e95406249e6d4d","frontend/node_modules/pdf-lib/cjs/core/acroform/PDFAcroButton.js.map"
"0deea7d2757e04fe0f451fe2397cef79c45d1f64","frontend/node_modules/pdf-lib/cjs/core/acroform/PDFAcroCheckBox.d.ts"
"5a9c584a8bae2562358becd283248d7f3f2c709c","frontend/node_modules/pdf-lib/cjs/core/acroform/PDFAcroCheckBox.d.ts.map"
"7367ffb678ea1d7dfe6ff9a4161d621fdfaa03a4","frontend/node_modules/pdf-lib/cjs/core/acroform/PDFAcroCheckBox.js"
"66f306f6038bb7fd8efbd158b43e9bc9548b76a7","frontend/node_modules/pdf-lib/cjs/core/acroform/PDFAcroCheckBox.js.map"
"e61e3717f4fbe48755c492c4653144888f4cdf76","frontend/node_modules/pdf-lib/cjs/core/acroform/PDFAcroChoice.d.ts"
"6c26be8266da8aa63375ccf146bc44765149d0b4","frontend/node_modules/pdf-lib/cjs/core/acroform/PDFAcroChoice.d.ts.map"
"31477d2bf263d42f7392e42da06408ed7478ddc4","frontend/node_modules/pdf-lib/cjs/core/acroform/PDFAcroChoice.js"
"948257e2f4c5a4452adc91b36071c1d33d3a488e","frontend/node_modules/pdf-lib/cjs/core/acroform/PDFAcroChoice.js.map"
"d97e3c123d48c40d0d083a84e188ef2850731041","frontend/node_modules/pdf-lib/cjs/core/acroform/PDFAcroComboBox.d.ts"
"426c45d2123ead0461e3081ca7c29e2385d3f45d","frontend/node_modules/pdf-lib/cjs/core/acroform/PDFAcroComboBox.d.ts.map"
"1e9ed6142b37d7ea6cd189ac2c9e622db613f9bd","frontend/node_modules/pdf-lib/cjs/core/acroform/PDFAcroComboBox.js"
"796ce56e0a3f1ffdf408c60ad3d1ed3acaf72e38","frontend/node_modules/pdf-lib/cjs/core/acroform/PDFAcroComboBox.js.map"
"c181fa9089a5ce853bdcbb138bf6177a72b89fff","frontend/node_modules/pdf-lib/cjs/core/acroform/PDFAcroField.d.ts"
"7ab5a7c999b03ed32bded2e0698aaf970cefcddb","frontend/node_modules/pdf-lib/cjs/core/acroform/PDFAcroField.d.ts.map"
"9678fed99b368135f6a82d67d221843c4b4213dd","frontend/node_modules/pdf-lib/cjs/core/acroform/PDFAcroField.js"
"e2d6c50f9051dbaa1165c499dbc6aaf02df7b4b1","frontend/node_modules/pdf-lib/cjs/core/acroform/PDFAcroField.js.map"
"b80aa966093a2956415b0377e1475e7b61002eea","frontend/node_modules/pdf-lib/cjs/core/acroform/PDFAcroForm.d.ts"
"ce5f78e7c273dad35e5695d59ed1a9cdfa52e274","frontend/node_modules/pdf-lib/cjs/core/acroform/PDFAcroForm.d.ts.map"
"c98ea64c7c871c7bdc12ffb4c6df0f3a7ac3dad2","frontend/node_modules/pdf-lib/cjs/core/acroform/PDFAcroForm.js"
"7c9fd8f268cadae7832811c7afddbd21fa5094fa","frontend/node_modules/pdf-lib/cjs/core/acroform/PDFAcroForm.js.map"
"461218b2fef019211c693153c325025e0d4c838c","frontend/node_modules/pdf-lib/cjs/core/acroform/PDFAcroListBox.d.ts"
"2aa02166fa5395d542105285d9efb6f46a9f2b2e","frontend/node_modules/pdf-lib/cjs/core/acroform/PDFAcroListBox.d.ts.map"
"bbcfc7b90ac3f06410ceb21f4ce82b12c79a4dae","frontend/node_modules/pdf-lib/cjs/core/acroform/PDFAcroListBox.js"
"62681ae80c6e53154c2cb4c0852ef650a96236cb","frontend/node_modules/pdf-lib/cjs/core/acroform/PDFAcroListBox.js.map"
"9ff87dc3da5b242706214038630963b50f38bb9c","frontend/node_modules/pdf-lib/cjs/core/acroform/PDFAcroNonTerminal.d.ts"
"d9207a26553bb5751ef2cb81f5d1cf51fd2427c2","frontend/node_modules/pdf-lib/cjs/core/acroform/PDFAcroNonTerminal.d.ts.map"
"94364ea7f531d529da1cde0e3119e5308c1f82e6","frontend/node_modules/pdf-lib/cjs/core/acroform/PDFAcroNonTerminal.js"
"ab29893cb873e2b4cdb7fa74de88f0fcec97b7ef","frontend/node_modules/pdf-lib/cjs/core/acroform/PDFAcroNonTerminal.js.map"
"25bc66eeddc4736311c99e6aa2216a56b927cc47","frontend/node_modules/pdf-lib/cjs/core/acroform/PDFAcroPushButton.d.ts"
"3995bac3cd46c3b56742c74d467c6f3f6017e2ed","frontend/node_modules/pdf-lib/cjs/core/acroform/PDFAcroPushButton.d.ts.map"
"b288e9090e043d854f4329525c65b67e64c0e55e","frontend/node_modules/pdf-lib/cjs/core/acroform/PDFAcroPushButton.js"
"3cfafc0d77056d45bcb569e1ca2467d0218b4325","frontend/node_modules/pdf-lib/cjs/core/acroform/PDFAcroPushButton.js.map"
"8ceae2e8f8451f4d4151ab08800e4a1c22600235","frontend/node_modules/pdf-lib/cjs/core/acroform/PDFAcroRadioButton.d.ts"
"f59fbdb789134dc9ac36304918eb1ca8b8c4b036","frontend/node_modules/pdf-lib/cjs/core/acroform/PDFAcroRadioButton.d.ts.map"
"18b4f5ddacba0ed02dea8e282c20e882afdcf279","frontend/node_modules/pdf-lib/cjs/core/acroform/PDFAcroRadioButton.js"
"7346f972e4cafd0d896625eb872a0caa35b79fac","frontend/node_modules/pdf-lib/cjs/core/acroform/PDFAcroRadioButton.js.map"
"2c7c2228a845578d47b3f54c78a79d3018b69817","frontend/node_modules/pdf-lib/cjs/core/acroform/PDFAcroSignature.d.ts"
"bca4933f8f6240a2c104edf07ab77b4395cf3b25","frontend/node_modules/pdf-lib/cjs/core/acroform/PDFAcroSignature.d.ts.map"
"1a40bb88c9ab6d6f0b5d5106a9e6299b8993a3cb","frontend/node_modules/pdf-lib/cjs/core/acroform/PDFAcroSignature.js"
"2ffe8b9c65ffd2a7a17c6a05e586f2f9f5c5858a","frontend/node_modules/pdf-lib/cjs/core/acroform/PDFAcroSignature.js.map"
"d31c2b66e011101c6e1d6238c981baf42be3bae6","frontend/node_modules/pdf-lib/cjs/core/acroform/PDFAcroTerminal.d.ts"
"70c64ca082d7ed3256a0baca73af6c87ea5280fa","frontend/node_modules/pdf-lib/cjs/core/acroform/PDFAcroTerminal.d.ts.map"
"14b65883cc921969e1dda0e6b89572c2951315f5","frontend/node_modules/pdf-lib/cjs/core/acroform/PDFAcroTerminal.js"
"348b9b62761ff057854d50f7ba5ab16bf39580d1","frontend/node_modules/pdf-lib/cjs/core/acroform/PDFAcroTerminal.js.map"
"cfddaf530bb6fb31b841dbdc0371ac858ef90d1b","frontend/node_modules/pdf-lib/cjs/core/acroform/PDFAcroText.d.ts"
"14ca84993866f70f26bd197eda89a733e979e66c","frontend/node_modules/pdf-lib/cjs/core/acroform/PDFAcroText.d.ts.map"
"2ed1955261a6f225a963b771a467b7804ae2c80b","frontend/node_modules/pdf-lib/cjs/core/acroform/PDFAcroText.js"
"0745e1cd355a7b8f2995240f5b8d71174ac1de46","frontend/node_modules/pdf-lib/cjs/core/acroform/PDFAcroText.js.map"
"72deabfba43b54b805ed422cfa3d6f077f6bd88a","frontend/node_modules/pdf-lib/cjs/core/acroform/flags.d.ts"
"bf0858ba622205a894af99ad519537a8d06c5fc0","frontend/node_modules/pdf-lib/cjs/core/acroform/flags.d.ts.map"
"e3bc9e8afc500675e2ab71cfa2b0f86a5671a63c","frontend/node_modules/pdf-lib/cjs/core/acroform/flags.js"
"41f62f7933659f947367c3539a1dc99f5487f9ca","frontend/node_modules/pdf-lib/cjs/core/acroform/flags.js.map"
"48d2cff7f58afe4279160905f50404e516ff6d91","frontend/node_modules/pdf-lib/cjs/core/acroform/index.d.ts"
"01d47bef5a42d12fa6798d214b1d462e5a12747e","frontend/node_modules/pdf-lib/cjs/core/acroform/index.d.ts.map"
"1705781113167ff510dd7890477a1c6f82b86ff2","frontend/node_modules/pdf-lib/cjs/core/acroform/index.js"
"228cf9e205d8db8038ea7f4a395cb25c45d015ef","frontend/node_modules/pdf-lib/cjs/core/acroform/index.js.map"
"40e5168c8c2525adc8094979e7d82086252351c0","frontend/node_modules/pdf-lib/cjs/core/acroform/utils.d.ts"
"1679a074d0cef874c0cbd7c3030cd2471f097290","frontend/node_modules/pdf-lib/cjs/core/acroform/utils.d.ts.map"
"1b7c574b7e8d6b9cb88a7711a97107359500d35a","frontend/node_modules/pdf-lib/cjs/core/acroform/utils.js"
"cf1320002902c3ced90cdc0e3c8210c8fdbf9d0c","frontend/node_modules/pdf-lib/cjs/core/acroform/utils.js.map"
"0c131b8b30f34b5aa4f13c42d285ec809a3f2085","frontend/node_modules/pdf-lib/cjs/core/annotation"
"a8ad3812119b01c02949c0f83ed59e1338592a20","frontend/node_modules/pdf-lib/cjs/core/annotation/AppearanceCharacteristics.d.ts"
"984b96660e9842676254338fbdc72ec32daa297c","frontend/node_modules/pdf-lib/cjs/core/annotation/AppearanceCharacteristics.d.ts.map"
"b368ae0a4377e677f18b2b39a6999f99dacf75c2","frontend/node_modules/pdf-lib/cjs/core/annotation/AppearanceCharacteristics.js"
"476af5cc58ce4798e0376e65495e42b69cb5a91e","frontend/node_modules/pdf-lib/cjs/core/annotation/AppearanceCharacteristics.js.map"
"dd050c3621130f1c193139ccf97b876363c38ba9","frontend/node_modules/pdf-lib/cjs/core/annotation/BorderStyle.d.ts"
"84e98d96fddef85735e4b8f1d7449d9b4d29feb6","frontend/node_modules/pdf-lib/cjs/core/annotation/BorderStyle.d.ts.map"
"bdc89df040fdd813729e37930ea6a97cbda09ac5","frontend/node_modules/pdf-lib/cjs/core/annotation/BorderStyle.js"
"571665cce49a8e38f4e0528cc4df4cdcbbdef267","frontend/node_modules/pdf-lib/cjs/core/annotation/BorderStyle.js.map"
"b3a44a6bcaf440779c0f4847ce28c75cdc489fce","frontend/node_modules/pdf-lib/cjs/core/annotation/PDFAnnotation.d.ts"
"449cc31cb0fee28eb890dddc5ce51770a24f188a","frontend/node_modules/pdf-lib/cjs/core/annotation/PDFAnnotation.d.ts.map"
"765505dc94d7ee2476e7967cef622639d417acb6","frontend/node_modules/pdf-lib/cjs/core/annotation/PDFAnnotation.js"
"a535599aa1d3ad15213c1783e1ce290ed70fcc7c","frontend/node_modules/pdf-lib/cjs/core/annotation/PDFAnnotation.js.map"
"9756628caabf45572c8c73f0f3dc7967d20e8fd3","frontend/node_modules/pdf-lib/cjs/core/annotation/PDFWidgetAnnotation.d.ts"
"308124d01662b673d7527441bc62a9e7f3cfa59f","frontend/node_modules/pdf-lib/cjs/core/annotation/PDFWidgetAnnotation.d.ts.map"
"83021d572fae53a215e62d20d900e256105d309b","frontend/node_modules/pdf-lib/cjs/core/annotation/PDFWidgetAnnotation.js"
"337911bffc7da3d67faf91f659ef84dc2737ac2d","frontend/node_modules/pdf-lib/cjs/core/annotation/PDFWidgetAnnotation.js.map"
"d64d6b58fe8b9f1fd280ffc7f4169cd09b03306c","frontend/node_modules/pdf-lib/cjs/core/annotation/flags.d.ts"
"efa3ef4355fe21f510038360c802702adc2d95ae","frontend/node_modules/pdf-lib/cjs/core/annotation/flags.d.ts.map"
"8b4d20d248cec2f6526d8a00ef4b825451f60b19","frontend/node_modules/pdf-lib/cjs/core/annotation/flags.js"
"48759ae617dd8ee525f2a99d23325547c9624813","frontend/node_modules/pdf-lib/cjs/core/annotation/flags.js.map"
"207bcf4a333d4915c36ed01775ee487d32cca9b7","frontend/node_modules/pdf-lib/cjs/core/annotation/index.d.ts"
"a424c60fbe7fb9f309f88c98a47ccc31be988790","frontend/node_modules/pdf-lib/cjs/core/annotation/index.d.ts.map"
"a75f30eb7c1ffe1fa599318ee4265f868c5470fc","frontend/node_modules/pdf-lib/cjs/core/annotation/index.js"
"e4cf74727faa7d3ca90bdf75de34c785c563bd0b","frontend/node_modules/pdf-lib/cjs/core/annotation/index.js.map"
"d15cd59acdf522e7965755899c40ce99eaf6b841","frontend/node_modules/pdf-lib/cjs/core/document"
"318cbc83759cf7ea51e6a7d5dcb35f3a3bd1264e","frontend/node_modules/pdf-lib/cjs/core/document/PDFCrossRefSection.d.ts"
"412aef6e1c97e875f7e68422c795d305fb04c078","frontend/node_modules/pdf-lib/cjs/core/document/PDFCrossRefSection.d.ts.map"
"8d1e64457fe4c9979e7ecb0007a8e43ba7bb6109","frontend/node_modules/pdf-lib/cjs/core/document/PDFCrossRefSection.js"
"549aff581c2a5156b6cc19f04872241a64a03c7c","frontend/node_modules/pdf-lib/cjs/core/document/PDFCrossRefSection.js.map"
"b60aa9f743170f0ae30c35f037be629a860d1438","frontend/node_modules/pdf-lib/cjs/core/document/PDFHeader.d.ts"
"8856c63e54c78677d591ff8b6826a955ae678352","frontend/node_modules/pdf-lib/cjs/core/document/PDFHeader.d.ts.map"
"1aeeb56d0077c132a7cd0499febb5520d41e1783","frontend/node_modules/pdf-lib/cjs/core/document/PDFHeader.js"
"697a656c6fd4e900b50025e7d92f42b8e4803143","frontend/node_modules/pdf-lib/cjs/core/document/PDFHeader.js.map"
"e8abf7a690279a6b39fbfab33379524dff94c2e9","frontend/node_modules/pdf-lib/cjs/core/document/PDFTrailer.d.ts"
"7d9a753c69f9805fd10d04a651be70da92cf56ab","frontend/node_modules/pdf-lib/cjs/core/document/PDFTrailer.d.ts.map"
"5d012e284869002e9d91f237ab49034d0386eebe","frontend/node_modules/pdf-lib/cjs/core/document/PDFTrailer.js"
"4c6d1f65de647032e1babd500837e115ef57972a","frontend/node_modules/pdf-lib/cjs/core/document/PDFTrailer.js.map"
"0011e8063260016ce902413ad6a69ece515e438b","frontend/node_modules/pdf-lib/cjs/core/document/PDFTrailerDict.d.ts"
"dff53c41aa5a51499d5cc9f263fcffd5c173448e","frontend/node_modules/pdf-lib/cjs/core/document/PDFTrailerDict.d.ts.map"
"8c9955514cb44bcd7392b2ea30d325a9284dcb93","frontend/node_modules/pdf-lib/cjs/core/document/PDFTrailerDict.js"
"9de23ae60bf2c84b434598569e5b6dcd80096277","frontend/node_modules/pdf-lib/cjs/core/document/PDFTrailerDict.js.map"
"ae7c3b6219335f77d665053b55d7cf820957e0f8","frontend/node_modules/pdf-lib/cjs/core/embedders"
"c282bb2b096ffde11c4efa2f030eef82b4a37a50","frontend/node_modules/pdf-lib/cjs/core/embedders/CMap.d.ts"
"f7d0b99cdef5b9956359d9acaca5ef97c98224d3","frontend/node_modules/pdf-lib/cjs/core/embedders/CMap.d.ts.map"
"a343bbfb7aaf44c99305c8ff35217627cec35cf8","frontend/node_modules/pdf-lib/cjs/core/embedders/CMap.js"
"bba976fd2c813faef1759ca9db008e07a13b93dc","frontend/node_modules/pdf-lib/cjs/core/embedders/CMap.js.map"
"aed4d1045cb2a5817fc10bf2f41d2e8ba5853618","frontend/node_modules/pdf-lib/cjs/core/embedders/CustomFontEmbedder.d.ts"
"af2185bf82059b7ef1510e63cf47155cb146f391","frontend/node_modules/pdf-lib/cjs/core/embedders/CustomFontEmbedder.d.ts.map"
"8103fe28416cdca627634f824c2bc1193148b789","frontend/node_modules/pdf-lib/cjs/core/embedders/CustomFontEmbedder.js"
"adeebc96c742a3109911d04556ef30d83317e53c","frontend/node_modules/pdf-lib/cjs/core/embedders/CustomFontEmbedder.js.map"
"bd82c7baa2e1f57c0d3d514cc208d2242bb71c49","frontend/node_modules/pdf-lib/cjs/core/embedders/CustomFontSubsetEmbedder.d.ts"
"fac514ef07e504a58dedb992bdcd930a05bbc48a","frontend/node_modules/pdf-lib/cjs/core/embedders/CustomFontSubsetEmbedder.d.ts.map"
"262e834f014c1250799208b79cd5327942515926","frontend/node_modules/pdf-lib/cjs/core/embedders/CustomFontSubsetEmbedder.js"
"ed92b848f2264599e6572d438fd495fb23d84a24","frontend/node_modules/pdf-lib/cjs/core/embedders/CustomFontSubsetEmbedder.js.map"
"8129665b334f7ca826b7adcd6c7c5ac797f55359","frontend/node_modules/pdf-lib/cjs/core/embedders/FileEmbedder.d.ts"
"0b711d738c96f911205c120499f70b07ee68f7d5","frontend/node_modules/pdf-lib/cjs/core/embedders/FileEmbedder.d.ts.map"
"ce3bc9502b45a0d27dcdbf300c2dbb0ecc582bd8","frontend/node_modules/pdf-lib/cjs/core/embedders/FileEmbedder.js"
"9d6aa941dcd0e8f51da1d5f69222099c2f08fd40","frontend/node_modules/pdf-lib/cjs/core/embedders/FileEmbedder.js.map"
"c00509252cc8b8e2ba7e19a746c7882d0218dd55","frontend/node_modules/pdf-lib/cjs/core/embedders/FontFlags.d.ts"
"6428bfddc2a3513f647a467276e147cb833c2561","frontend/node_modules/pdf-lib/cjs/core/embedders/FontFlags.d.ts.map"
"a4a4191b623095e79ebd704367f2c15d8be5b723","frontend/node_modules/pdf-lib/cjs/core/embedders/FontFlags.js"
"40a65d5215d90ae6bcb608107d5f2dbbfcbda81f","frontend/node_modules/pdf-lib/cjs/core/embedders/FontFlags.js.map"
"d3ed1bc0cd86eef66357f313e65d6c58e99530d9","frontend/node_modules/pdf-lib/cjs/core/embedders/JavaScriptEmbedder.d.ts"
"c8e33d15c5c3dc232bfdc831c6f2b2c701c7f5f4","frontend/node_modules/pdf-lib/cjs/core/embedders/JavaScriptEmbedder.d.ts.map"
"1ad1e8090c88dda4872baf51927235d277d1acad","frontend/node_modules/pdf-lib/cjs/core/embedders/JavaScriptEmbedder.js"
"67246bf226e583aeb6302f5e227dcf515e430377","frontend/node_modules/pdf-lib/cjs/core/embedders/JavaScriptEmbedder.js.map"
"f86509e5a0b229b8625ca7754737348a104331ff","frontend/node_modules/pdf-lib/cjs/core/embedders/JpegEmbedder.d.ts"
"7ee8415c4b138be421fbd8e8e76e1594b7016808","frontend/node_modules/pdf-lib/cjs/core/embedders/JpegEmbedder.d.ts.map"
"56ea0a920ca45e6250e3f46beb5d6115d59b0898","frontend/node_modules/pdf-lib/cjs/core/embedders/JpegEmbedder.js"
"cfc8e8fff0271731cd0c01a130eda24c6160ef51","frontend/node_modules/pdf-lib/cjs/core/embedders/JpegEmbedder.js.map"
"c65a6a79e77433aac301d0e5f8aeb469bd4f24fd","frontend/node_modules/pdf-lib/cjs/core/embedders/PDFPageEmbedder.d.ts"
"6954faf4f023dc9b3742659e1a42c3f949915a39","frontend/node_modules/pdf-lib/cjs/core/embedders/PDFPageEmbedder.d.ts.map"
"cc9344355bab44e8185323e87bd6b5a22948260d","frontend/node_modules/pdf-lib/cjs/core/embedders/PDFPageEmbedder.js"
"f61c6622c52eab4fdcd59ea90a0a939d42c83bd5","frontend/node_modules/pdf-lib/cjs/core/embedders/PDFPageEmbedder.js.map"
"e292964d69b2f15d5b239d57d2c092190db4ef60","frontend/node_modules/pdf-lib/cjs/core/embedders/PngEmbedder.d.ts"
"25e5d8547382ed5076ab9b8ae35e8af079347045","frontend/node_modules/pdf-lib/cjs/core/embedders/PngEmbedder.d.ts.map"
"8db386b96c1ffbb608e013d6a12ff3b1cec8a6ef","frontend/node_modules/pdf-lib/cjs/core/embedders/PngEmbedder.js"
"eb2dcd362666c5f646c8f902f76e12c01829b419","frontend/node_modules/pdf-lib/cjs/core/embedders/PngEmbedder.js.map"
"9a0aff348c52094fa895d38d4c354b8dae86170c","frontend/node_modules/pdf-lib/cjs/core/embedders/StandardFontEmbedder.d.ts"
"f9a884dc7263b04b37a3fc3138c95f924b196742","frontend/node_modules/pdf-lib/cjs/core/embedders/StandardFontEmbedder.d.ts.map"
"0cdb4a1798f34d2cbb7a3cfdba5627609af6525d","frontend/node_modules/pdf-lib/cjs/core/embedders/StandardFontEmbedder.js"
"2079dbb3343338df53d04c23f39c29b944f1827c","frontend/node_modules/pdf-lib/cjs/core/embedders/StandardFontEmbedder.js.map"
"1ac2e48a15619973e338e41c815e3a11dbcfa2d8","frontend/node_modules/pdf-lib/cjs/core/errors.d.ts"
"2b33740fc72a89484387e6cef81f58e2bcde239f","frontend/node_modules/pdf-lib/cjs/core/errors.d.ts.map"
"725b8e5adbe2c9b18b7d7221121b26c280d16be6","frontend/node_modules/pdf-lib/cjs/core/errors.js"
"6866ccd67d8568a6570db2659d85ad203743a30f","frontend/node_modules/pdf-lib/cjs/core/errors.js.map"
"74d2a8f62a59bab8640d062725ca14bfc6ade7c6","frontend/node_modules/pdf-lib/cjs/core/index.d.ts"
"cfa2e7904e8a66d2b4b274f20919228c04e90c2a","frontend/node_modules/pdf-lib/cjs/core/index.d.ts.map"
"ce599f153a9d10fc10468f106ec0f52384c56933","frontend/node_modules/pdf-lib/cjs/core/index.js"
"2bd4203da6ddcf09e5398a54ac39d60003fab778","frontend/node_modules/pdf-lib/cjs/core/index.js.map"
"63151ffe985e32c3d3899131beefe69018d9ec88","frontend/node_modules/pdf-lib/cjs/core/interactive"
"eb5e7214ce607b019464a54f2b4a121a0b75269f","frontend/node_modules/pdf-lib/cjs/core/interactive/ViewerPreferences.d.ts"
"0726065a231f0da763b4a3d28b9ebda13e1060c2","frontend/node_modules/pdf-lib/cjs/core/interactive/ViewerPreferences.d.ts.map"
"60fc6d602b7c6a2055494f441040215df38d85a4","frontend/node_modules/pdf-lib/cjs/core/interactive/ViewerPreferences.js"
"e743129ac52dbd2621eb3460ef499f23c180bd6c","frontend/node_modules/pdf-lib/cjs/core/interactive/ViewerPreferences.js.map"
"6c93d3c8a9f56e7295584047642af703eaa27901","frontend/node_modules/pdf-lib/cjs/core/objects"
"42df07a17f58b5eacaa5cb22919ea9e30bc15db7","frontend/node_modules/pdf-lib/cjs/core/objects/PDFArray.d.ts"
"178fabb079bcfedeb1d26576d4c6390c38fc405a","frontend/node_modules/pdf-lib/cjs/core/objects/PDFArray.d.ts.map"
"edcbfd812a997450f804d0265175a0ab97e30ccd","frontend/node_modules/pdf-lib/cjs/core/objects/PDFArray.js"
"79ea4d910d66be6f792c3bf01f4152c720673951","frontend/node_modules/pdf-lib/cjs/core/objects/PDFArray.js.map"
"7e7be75e78dacca78a77fc37cff615e5ce087f6d","frontend/node_modules/pdf-lib/cjs/core/objects/PDFBool.d.ts"
"60458ceb4323bbbdbf6ee45708969211bf0bdb9c","frontend/node_modules/pdf-lib/cjs/core/objects/PDFBool.d.ts.map"
"983cd369bf3aac6f4c077ce8a9dbf62cd9edf542","frontend/node_modules/pdf-lib/cjs/core/objects/PDFBool.js"
"e5d1c913b2e220b40412d6259604d510d1df1482","frontend/node_modules/pdf-lib/cjs/core/objects/PDFBool.js.map"
"7e9af4b42d1fe33c4d5866282fab929699c4f94c","frontend/node_modules/pdf-lib/cjs/core/objects/PDFDict.d.ts"
"ea242042f9dd8da74abc990be004869b483a4caf","frontend/node_modules/pdf-lib/cjs/core/objects/PDFDict.d.ts.map"
"a1f5804429ee4a51f560e74f1bd743b964ec06f6","frontend/node_modules/pdf-lib/cjs/core/objects/PDFDict.js"
"8fc5bed6ec1a0d45305fdc1333f081fc5607885d","frontend/node_modules/pdf-lib/cjs/core/objects/PDFDict.js.map"
"c40d1e2326ed0a3b17fbb3e934dd8626225e2884","frontend/node_modules/pdf-lib/cjs/core/objects/PDFHexString.d.ts"
"4987a20d8f12d8228dda5eb3ab7fa7c16ccff82b","frontend/node_modules/pdf-lib/cjs/core/objects/PDFHexString.d.ts.map"
"32c946d92f32d52c89bd9096476a1877c05f9405","frontend/node_modules/pdf-lib/cjs/core/objects/PDFHexString.js"
"d5f550cc5d6cea8fd06be7657fde473da0b8f156","frontend/node_modules/pdf-lib/cjs/core/objects/PDFHexString.js.map"
"1da7620aa5735cdeea4eb4399581a81bb30fad2c","frontend/node_modules/pdf-lib/cjs/core/objects/PDFInvalidObject.d.ts"
"e171abef09de8e46c919cd4ca0f6c2b8d4d6f392","frontend/node_modules/pdf-lib/cjs/core/objects/PDFInvalidObject.d.ts.map"
"66ebc872844ac8a8db276ac709399f3502333953","frontend/node_modules/pdf-lib/cjs/core/objects/PDFInvalidObject.js"
"b2b5e22ab2ce37572c461aef82346b85e050139c","frontend/node_modules/pdf-lib/cjs/core/objects/PDFInvalidObject.js.map"
"2f7276b0e7fe4423f1175c8796ad8636ad00c23f","frontend/node_modules/pdf-lib/cjs/core/objects/PDFName.d.ts"
"1ea059842c61ce8b9b9a3dbb1857b4f9f081e86c","frontend/node_modules/pdf-lib/cjs/core/objects/PDFName.d.ts.map"
"ed8d717aa447cfe2dd634ce411fd22dcf9cdc9d3","frontend/node_modules/pdf-lib/cjs/core/objects/PDFName.js"
"f1a12f06998b7c904ef67788ff025d8d9cef61e1","frontend/node_modules/pdf-lib/cjs/core/objects/PDFName.js.map"
"bab5df30dc2b686745d6522d7badd58d9428c40f","frontend/node_modules/pdf-lib/cjs/core/objects/PDFNull.d.ts"
"da03e28c9a7c711061a4bb42979d423624b41742","frontend/node_modules/pdf-lib/cjs/core/objects/PDFNull.d.ts.map"
"4f4351bf99f6f939b2a322e75c821dfd5cc0949c","frontend/node_modules/pdf-lib/cjs/core/objects/PDFNull.js"
"f15bba24364d11a32a3ffdccf9f60577b1c54c46","frontend/node_modules/pdf-lib/cjs/core/objects/PDFNull.js.map"
"de4318af0e328bc131a84874232d40211b01974f","frontend/node_modules/pdf-lib/cjs/core/objects/PDFNumber.d.ts"
"5fe9f172cc6f0c69326e9aba5c236f8ab2297385","frontend/node_modules/pdf-lib/cjs/core/objects/PDFNumber.d.ts.map"
"c73fa08668157c9ff58f4595ad482fcc184cc65f","frontend/node_modules/pdf-lib/cjs/core/objects/PDFNumber.js"
"4e1ba7bbf0ba6678d3e29e1ff24399d9968c6f0b","frontend/node_modules/pdf-lib/cjs/core/objects/PDFNumber.js.map"
"1567f2c6954f85640109f6949892ded783bb1bf6","frontend/node_modules/pdf-lib/cjs/core/objects/PDFObject.d.ts"
"959bfc6d9f94df917614e455015c51f0181a2557","frontend/node_modules/pdf-lib/cjs/core/objects/PDFObject.d.ts.map"
"c1ae734131870fa9c67acea67ae3e618cfb063e9","frontend/node_modules/pdf-lib/cjs/core/objects/PDFObject.js"
"f6bf6fa0e5d9d3098daa2e3a70839ba004f09879","frontend/node_modules/pdf-lib/cjs/core/objects/PDFObject.js.map"
"55800812e60ea5e7904b3b9c8f71620961acd95d","frontend/node_modules/pdf-lib/cjs/core/objects/PDFRawStream.d.ts"
"ee9104a97f19d1d96f4b6b0a8b50ddf83ab668d7","frontend/node_modules/pdf-lib/cjs/core/objects/PDFRawStream.d.ts.map"
"59730d9d7c63279aa7385407aa369e79835cbef4","frontend/node_modules/pdf-lib/cjs/core/objects/PDFRawStream.js"
"1f006bae801a0b265e7d8f1a956635b2bf45fdae","frontend/node_modules/pdf-lib/cjs/core/objects/PDFRawStream.js.map"
"b4cf0186b7120fca75dd7dc5c47e7532b36df324","frontend/node_modules/pdf-lib/cjs/core/objects/PDFRef.d.ts"
"d589c9f50e8d99161231e5c839f1d3c07a3045bf","frontend/node_modules/pdf-lib/cjs/core/objects/PDFRef.d.ts.map"
"3e567c53653728d29a85809e49cbf267b243b203","frontend/node_modules/pdf-lib/cjs/core/objects/PDFRef.js"
"19d037509801a4f7982b365f068bcc894efe61c2","frontend/node_modules/pdf-lib/cjs/core/objects/PDFRef.js.map"
"95ed44a15659513ff02708cd489e8c974b73b178","frontend/node_modules/pdf-lib/cjs/core/objects/PDFStream.d.ts"
"dc27c091f4c664e9e8d8cc8975cbf2f3f9c90e55","frontend/node_modules/pdf-lib/cjs/core/objects/PDFStream.d.ts.map"
"ad8680990a35afe9d699ec2a9a1205020d7bedb0","frontend/node_modules/pdf-lib/cjs/core/objects/PDFStream.js"
"c817e1a888b918d7df51f09ddcace86397a39692","frontend/node_modules/pdf-lib/cjs/core/objects/PDFStream.js.map"
"8022420614ee57101c885e985d3105ff9d7386a2","frontend/node_modules/pdf-lib/cjs/core/objects/PDFString.d.ts"
"a883455912ba2b666b3b88ca58948d68438e5407","frontend/node_modules/pdf-lib/cjs/core/objects/PDFString.d.ts.map"
"e94e252eb0627448b1ca28c61165b75b368561bd","frontend/node_modules/pdf-lib/cjs/core/objects/PDFString.js"
"cf298e9b8cdadd5f797a5b715e9086524cc891f8","frontend/node_modules/pdf-lib/cjs/core/objects/PDFString.js.map"
"944e8e1a923f20f47c978fba0c272f232d979659","frontend/node_modules/pdf-lib/cjs/core/operators"
"a6759421ec6668c69ddc033f682ce8891be4731b","frontend/node_modules/pdf-lib/cjs/core/operators/PDFOperator.d.ts"
"6eef0500855be438e0edf7133783fe15a8ad2e65","frontend/node_modules/pdf-lib/cjs/core/operators/PDFOperator.d.ts.map"
"41e2bd441437cf739a01e6304be4d57ee59ad22f","frontend/node_modules/pdf-lib/cjs/core/operators/PDFOperator.js"
"657c1ff0a8c461187bea5e8dbb6d787e989aec22","frontend/node_modules/pdf-lib/cjs/core/operators/PDFOperator.js.map"
"f1f48ef54e967181ef62ae58df1b959d20530ba2","frontend/node_modules/pdf-lib/cjs/core/operators/PDFOperatorNames.d.ts"
"e18ebdcff036b51f009c8d888b6fe8c555e7d8fc","frontend/node_modules/pdf-lib/cjs/core/operators/PDFOperatorNames.d.ts.map"
"9ae0cb40425b2e820913b5cbb63f88530e96dae5","frontend/node_modules/pdf-lib/cjs/core/operators/PDFOperatorNames.js"
"ac45e1c4f773cb11e29d37a00061b1cc4fd55fff","frontend/node_modules/pdf-lib/cjs/core/operators/PDFOperatorNames.js.map"
"02be8a05a96a61ffcf1f8cdd057e36562295b035","frontend/node_modules/pdf-lib/cjs/core/parser"
"5f7c4070234a004d90076d0601ea26621748db74","frontend/node_modules/pdf-lib/cjs/core/parser/BaseParser.d.ts"
"7d8e2674a5769d335ad8dec245863d445b111b76","frontend/node_modules/pdf-lib/cjs/core/parser/BaseParser.d.ts.map"
"1e5b078fa9d6fad42682247cbfffcea72b49cd34","frontend/node_modules/pdf-lib/cjs/core/parser/BaseParser.js"
"d63a0f9e8e7b00b71adc344fc381d2684b8d0dca","frontend/node_modules/pdf-lib/cjs/core/parser/BaseParser.js.map"
"ccc70fa347a9b47d1018f23accbd764afa774df6","frontend/node_modules/pdf-lib/cjs/core/parser/ByteStream.d.ts"
"f5229efd16af831eb6103ee54584c0c71b34e70e","frontend/node_modules/pdf-lib/cjs/core/parser/ByteStream.d.ts.map"
"e2d90b0a8b2ef7bbf8b5c46092bfd3b6a1cdd07b","frontend/node_modules/pdf-lib/cjs/core/parser/ByteStream.js"
"bf1d64e77c4127b321207c5bf8e45796ed26558f","frontend/node_modules/pdf-lib/cjs/core/parser/ByteStream.js.map"
"1dfea64979466c702920e3f96dbe5558c89fcf69","frontend/node_modules/pdf-lib/cjs/core/parser/PDFObjectParser.d.ts"
"257648c037dc7d47910df031c4ff6f422d273ef9","frontend/node_modules/pdf-lib/cjs/core/parser/PDFObjectParser.d.ts.map"
"303abb97afa238defb4a886b2e12b60c9b8b43aa","frontend/node_modules/pdf-lib/cjs/core/parser/PDFObjectParser.js"
"a714a4a10c928cdc954c3f9d7b609bc62df75354","frontend/node_modules/pdf-lib/cjs/core/parser/PDFObjectParser.js.map"
"7c93fa1c36c2171b99fb7ce423ac6225c7dc1329","frontend/node_modules/pdf-lib/cjs/core/parser/PDFObjectStreamParser.d.ts"
"ec1c12a15c493d8b6de30b5133b57e6e1dd88354","frontend/node_modules/pdf-lib/cjs/core/parser/PDFObjectStreamParser.d.ts.map"
"a6b823c64c808607ccb11a7bf09dea1916f3d134","frontend/node_modules/pdf-lib/cjs/core/parser/PDFObjectStreamParser.js"
"ffed6a9d4d5d5e09b8b9c0f857ff1945b8f9e981","frontend/node_modules/pdf-lib/cjs/core/parser/PDFObjectStreamParser.js.map"
"1f50a0aa578d726d725fad817a0dbef604f222d5","frontend/node_modules/pdf-lib/cjs/core/parser/PDFParser.d.ts"
"505d8d4af31712c3c346f2e5a218c76fd456ac43","frontend/node_modules/pdf-lib/cjs/core/parser/PDFParser.d.ts.map"
"46f01e42a9232a7462cebed752ef8ae647d141f8","frontend/node_modules/pdf-lib/cjs/core/parser/PDFParser.js"
"3b61028d4b00e8e38247c77be7ff0f8be5e01fed","frontend/node_modules/pdf-lib/cjs/core/parser/PDFParser.js.map"
"adbeeff83960cd7a914653828f96e1ee6ba861fd","frontend/node_modules/pdf-lib/cjs/core/parser/PDFXRefStreamParser.d.ts"
"a2201bf332bed77d4062d360a2d83672c10b56f0","frontend/node_modules/pdf-lib/cjs/core/parser/PDFXRefStreamParser.d.ts.map"
"5af363d86dec2181ddb239f90edb69f58959bf90","frontend/node_modules/pdf-lib/cjs/core/parser/PDFXRefStreamParser.js"
"3fd715b9584c648a9aedcbc086d7e7aba28e763e","frontend/node_modules/pdf-lib/cjs/core/parser/PDFXRefStreamParser.js.map"
"3a44aac03e0ac8559bac6665e4f189863e8424ba","frontend/node_modules/pdf-lib/cjs/core/streams"
"ebb3af399f651e25c41e5ce060cb938712355927","frontend/node_modules/pdf-lib/cjs/core/streams/Ascii85Stream.d.ts"
"f2b1e56b7d6e6caf207df64e6be3875e5071ed88","frontend/node_modules/pdf-lib/cjs/core/streams/Ascii85Stream.d.ts.map"
"d952e58d6d3cd5fdedf7e103de1cf595c5f86ca3","frontend/node_modules/pdf-lib/cjs/core/streams/Ascii85Stream.js"
"8433c90385ea64e3b2dfa5217fc34da561b4c22b","frontend/node_modules/pdf-lib/cjs/core/streams/Ascii85Stream.js.map"
"a4fd73edf0205d362f4fb7f6ef4a894e95121e5f","frontend/node_modules/pdf-lib/cjs/core/streams/AsciiHexStream.d.ts"
"c3d17ee7d41408a8c915510c5fcee0b00e2187eb","frontend/node_modules/pdf-lib/cjs/core/streams/AsciiHexStream.d.ts.map"
"794da1b13b53607872f568b42abc5ff076a14a7f","frontend/node_modules/pdf-lib/cjs/core/streams/AsciiHexStream.js"
"6fa4e5e04e0faeb5974ace3d9224561f88c4de62","frontend/node_modules/pdf-lib/cjs/core/streams/AsciiHexStream.js.map"
"86cebc68be46cbaa3a6e18a6c470c13094d1377d","frontend/node_modules/pdf-lib/cjs/core/streams/DecodeStream.d.ts"
"4d4e11c9ceb9c2ae229a865c2131158af5541101","frontend/node_modules/pdf-lib/cjs/core/streams/DecodeStream.d.ts.map"
"b5472a747b3e4106cad9adfc0cbc87bf01e8530d","frontend/node_modules/pdf-lib/cjs/core/streams/DecodeStream.js"
"7fafdb842c1bb0e990603747f0ed6b771f532f84","frontend/node_modules/pdf-lib/cjs/core/streams/DecodeStream.js.map"
"119cf5b31f8b40c6d3b4a9ce58308a1e961c98fe","frontend/node_modules/pdf-lib/cjs/core/streams/FlateStream.d.ts"
"b468d4b2da1ac7802890fe92e96ea9c66005397f","frontend/node_modules/pdf-lib/cjs/core/streams/FlateStream.d.ts.map"
"1625eadf6aeb0edb336fd70c2a9be90d7233cda3","frontend/node_modules/pdf-lib/cjs/core/streams/FlateStream.js"
"05c328eeb1fad44409af3491b4de766c361cf066","frontend/node_modules/pdf-lib/cjs/core/streams/FlateStream.js.map"
"b73ad2e261c553e63951af7507d56f31f0e27be0","frontend/node_modules/pdf-lib/cjs/core/streams/LZWStream.d.ts"
"ccae158fe4db871c7d6b4c8c186fa8c571477c98","frontend/node_modules/pdf-lib/cjs/core/streams/LZWStream.d.ts.map"
"1525d2c3f4f9d41126fa6a67e70170d1d401a6fb","frontend/node_modules/pdf-lib/cjs/core/streams/LZWStream.js"
"2f54707e7daf17ecf9dc1dfa5516afaed9968681","frontend/node_modules/pdf-lib/cjs/core/streams/LZWStream.js.map"
"30afa5760e099f6d0b57898187b2123fd12c39f6","frontend/node_modules/pdf-lib/cjs/core/streams/RunLengthStream.d.ts"
"851a370d64321971f6bb65966f232ecd1c95be20","frontend/node_modules/pdf-lib/cjs/core/streams/RunLengthStream.d.ts.map"
"f8c373879f377b0ea6831357329f4e7e1f2751a2","frontend/node_modules/pdf-lib/cjs/core/streams/RunLengthStream.js"
"6736684fe38dde4207ad1faf06d5b3eb7d0752bc","frontend/node_modules/pdf-lib/cjs/core/streams/RunLengthStream.js.map"
"7f6aa056ccc14f89044014ab1bdbd5a3aceeba2d","frontend/node_modules/pdf-lib/cjs/core/streams/Stream.d.ts"
"a4734d0848d0bc8a2d2e4199eb0441dd10fa4150","frontend/node_modules/pdf-lib/cjs/core/streams/Stream.d.ts.map"
"460dbcb6a91897e68c44959da467089610ff92c4","frontend/node_modules/pdf-lib/cjs/core/streams/Stream.js"
"a7bf69986f328831a10e3eb71c0324ee8fddf9b1","frontend/node_modules/pdf-lib/cjs/core/streams/Stream.js.map"
"b68a3488d4c2ac5e66a45ed037d54dd59493ce8a","frontend/node_modules/pdf-lib/cjs/core/streams/decode.d.ts"
"30c72a282980989e9b28489cabb0bd779e419d8b","frontend/node_modules/pdf-lib/cjs/core/streams/decode.d.ts.map"
"65ff457364382a6ba6ef0e09140cb26b58aeb44b","frontend/node_modules/pdf-lib/cjs/core/streams/decode.js"
"600c54141559770dc38b0761cefe1399abbb3ebc","frontend/node_modules/pdf-lib/cjs/core/streams/decode.js.map"
"ee7366bba24a8e27e8b6812a3b39d1726ffa4394","frontend/node_modules/pdf-lib/cjs/core/structures"
"8f7d17c285c2ff5a587a5121bf83f89052be9749","frontend/node_modules/pdf-lib/cjs/core/structures/PDFCatalog.d.ts"
"b9857313b821e42b55cab146d8ac3c740ada9237","frontend/node_modules/pdf-lib/cjs/core/structures/PDFCatalog.d.ts.map"
"a380ac200e41472edce3251e019458e0a97c7936","frontend/node_modules/pdf-lib/cjs/core/structures/PDFCatalog.js"
"cd506875846b9b371eb23a53f1603fd78c32e645","frontend/node_modules/pdf-lib/cjs/core/structures/PDFCatalog.js.map"
"e6e5d26fc3dba29851300b4b28c6267421ee0551","frontend/node_modules/pdf-lib/cjs/core/structures/PDFContentStream.d.ts"
"7f2fd3cd79d4d97223dc758b900ef7dc82b30a97","frontend/node_modules/pdf-lib/cjs/core/structures/PDFContentStream.d.ts.map"
"b787323487d25c27e424fdf5f7ef07b68c29195f","frontend/node_modules/pdf-lib/cjs/core/structures/PDFContentStream.js"
"51f49855ffc9bc477db7287ce5b487f856196fd2","frontend/node_modules/pdf-lib/cjs/core/structures/PDFContentStream.js.map"
"bb26834a0a312d20476ff3af90610e5f9faab326","frontend/node_modules/pdf-lib/cjs/core/structures/PDFCrossRefStream.d.ts"
"c785292c494979719a602f6c9db86a3318cee030","frontend/node_modules/pdf-lib/cjs/core/structures/PDFCrossRefStream.d.ts.map"
"85f5bf4fc0ad32688e4481389bf4f6ef904cd2e5","frontend/node_modules/pdf-lib/cjs/core/structures/PDFCrossRefStream.js"
"8016a7bd96148df3bd3ae497f93733f57d30cb1d","frontend/node_modules/pdf-lib/cjs/core/structures/PDFCrossRefStream.js.map"
"2180a6946470cb0845d22a65dac05520efddff94","frontend/node_modules/pdf-lib/cjs/core/structures/PDFFlateStream.d.ts"
"6d69ceab28295e10f20027e1b4ca78232f5e4e16","frontend/node_modules/pdf-lib/cjs/core/structures/PDFFlateStream.d.ts.map"
"d22dc37fae08c2654d34fd1ebc74dbbd6f1a58fc","frontend/node_modules/pdf-lib/cjs/core/structures/PDFFlateStream.js"
"a728bf5a013d8d35647ef9e04bb61c849830d6cd","frontend/node_modules/pdf-lib/cjs/core/structures/PDFFlateStream.js.map"
"18ad9dc3551681fdf4e408089a8eab3ad32ae460","frontend/node_modules/pdf-lib/cjs/core/structures/PDFObjectStream.d.ts"
"964c9c5443d0316b6a2ee0644a4be89041ec269f","frontend/node_modules/pdf-lib/cjs/core/structures/PDFObjectStream.d.ts.map"
"272bf499b3eb6d2cc5fff89232e9d11e00d64fa4","frontend/node_modules/pdf-lib/cjs/core/structures/PDFObjectStream.js"
"8217bfd5f470848460c8248da26c8db325f5cdd7","frontend/node_modules/pdf-lib/cjs/core/structures/PDFObjectStream.js.map"
"bbb83706b095a30a4f6537643b3161673db5b88f","frontend/node_modules/pdf-lib/cjs/core/structures/PDFPageLeaf.d.ts"
"50c4a3a2bad779634e9c918ae6bbeb099468bb12","frontend/node_modules/pdf-lib/cjs/core/structures/PDFPageLeaf.d.ts.map"
"ac488e6329a4791b30088cb8b60d3a7f73c0f7ca","frontend/node_modules/pdf-lib/cjs/core/structures/PDFPageLeaf.js"
"518a762b6ecb281693fc895a0ff84d9e2a62b163","frontend/node_modules/pdf-lib/cjs/core/structures/PDFPageLeaf.js.map"
"e7525de8d36517f690c454ede3023dd4c3ba3df2","frontend/node_modules/pdf-lib/cjs/core/structures/PDFPageTree.d.ts"
"92b831bc6296c00f8aea39c1d8a0088ff022a102","frontend/node_modules/pdf-lib/cjs/core/structures/PDFPageTree.d.ts.map"
"28aade96fa5462a1c337f5e1563a2a44c629274e","frontend/node_modules/pdf-lib/cjs/core/structures/PDFPageTree.js"
"24dd43d782bc5a6aa9bff4bff29b3dda7bbf7517","frontend/node_modules/pdf-lib/cjs/core/structures/PDFPageTree.js.map"
"e918bcfeec55e84e20da2823f49e957751ee324c","frontend/node_modules/pdf-lib/cjs/core/syntax"
"5b3b968df2ac42931cab5815a3b323d7ec6d9a26","frontend/node_modules/pdf-lib/cjs/core/syntax/CharCodes.d.ts"
"9048a44942a82222783670e3fc103862fae75911","frontend/node_modules/pdf-lib/cjs/core/syntax/CharCodes.d.ts.map"
"d382633879b3664e04d23ba9954bc748befdf201","frontend/node_modules/pdf-lib/cjs/core/syntax/CharCodes.js"
"cc437e3a61125ad160158b2f35af14e90234409e","frontend/node_modules/pdf-lib/cjs/core/syntax/CharCodes.js.map"
"5f7dac3275cb7202db2d87d71486be9323635be0","frontend/node_modules/pdf-lib/cjs/core/syntax/Delimiters.d.ts"
"467b6a7febd72015c00c0b36471952e62e25a5ca","frontend/node_modules/pdf-lib/cjs/core/syntax/Delimiters.d.ts.map"
"fa5fffa95725c558341741dde54adc83cbead489","frontend/node_modules/pdf-lib/cjs/core/syntax/Delimiters.js"
"c533d5c9826e76d651562eb0a81e480c2f234b71","frontend/node_modules/pdf-lib/cjs/core/syntax/Delimiters.js.map"
"2be059f2fc538c242b33ff925cdad3667eb26d40","frontend/node_modules/pdf-lib/cjs/core/syntax/Irregular.d.ts"
"850858123dff3ae33b2fd3882daffbe8a2063973","frontend/node_modules/pdf-lib/cjs/core/syntax/Irregular.d.ts.map"
"743c34cafbd55235ebe7b332b668a4130ca5c06f","frontend/node_modules/pdf-lib/cjs/core/syntax/Irregular.js"
"d10c7c32d858090fa11c7bfb81e40fdf29101c07","frontend/node_modules/pdf-lib/cjs/core/syntax/Irregular.js.map"
"8ad0a70ac72792cc9dce57baec35910d6659faf6","frontend/node_modules/pdf-lib/cjs/core/syntax/Keywords.d.ts"
"1a96913076886ef54c725bad30a8aa8896849c5a","frontend/node_modules/pdf-lib/cjs/core/syntax/Keywords.d.ts.map"
"985d6b88b0496e3838717d05fd0f4753c4e97b23","frontend/node_modules/pdf-lib/cjs/core/syntax/Keywords.js"
"2a99f5e273aeb94bde01d43d521d42b660db9c0e","frontend/node_modules/pdf-lib/cjs/core/syntax/Keywords.js.map"
"f443e1d19d8ebd0dc378cc19731dd690d2cb18bc","frontend/node_modules/pdf-lib/cjs/core/syntax/Numeric.d.ts"
"f0b1f950fe0103634e8ecdf2238a1a45a921c2fd","frontend/node_modules/pdf-lib/cjs/core/syntax/Numeric.d.ts.map"
"b32f586ddb350520fb2008cf4b6426caf46dfc25","frontend/node_modules/pdf-lib/cjs/core/syntax/Numeric.js"
"d033eec595c9cc46b506443ab0eece83ea13bd57","frontend/node_modules/pdf-lib/cjs/core/syntax/Numeric.js.map"
"5391d5d5c63497d6764a3676634e8000332e0935","frontend/node_modules/pdf-lib/cjs/core/syntax/Whitespace.d.ts"
"c3b242d50e2c2642b122bc99d01e58ad66bb3581","frontend/node_modules/pdf-lib/cjs/core/syntax/Whitespace.d.ts.map"
"cdace73d4184366af25ed1c8dd683f9a6c81e2c1","frontend/node_modules/pdf-lib/cjs/core/syntax/Whitespace.js"
"45b575516687a7cf45d2751f07b6a40b56e44698","frontend/node_modules/pdf-lib/cjs/core/syntax/Whitespace.js.map"
"d85b22063b5bd05e2f25333941c3a62689676a58","frontend/node_modules/pdf-lib/cjs/core/writers"
"f65e04e474e937fd32446fbcb5bd79055df884a2","frontend/node_modules/pdf-lib/cjs/core/writers/PDFStreamWriter.d.ts"
"40ed18302d72218587675b1af80a1c11441afcc8","frontend/node_modules/pdf-lib/cjs/core/writers/PDFStreamWriter.d.ts.map"
"c9a737f69f048befba3184b4f6fc38be007cd602","frontend/node_modules/pdf-lib/cjs/core/writers/PDFStreamWriter.js"
"08ccfb6df945cba2339e9257a197b9d35f2869d0","frontend/node_modules/pdf-lib/cjs/core/writers/PDFStreamWriter.js.map"
"b9dad4a36782909f4847fdc674f9992c8c9e853b","frontend/node_modules/pdf-lib/cjs/core/writers/PDFWriter.d.ts"
"36b08a9a14713a29bb09356ab7ab34a1da66b36f","frontend/node_modules/pdf-lib/cjs/core/writers/PDFWriter.d.ts.map"
"3d6b6566eb58d1934c4f29d08736856b91cdac3a","frontend/node_modules/pdf-lib/cjs/core/writers/PDFWriter.js"
"579cc13c59f62b8784836747ac4a9a9e70350282","frontend/node_modules/pdf-lib/cjs/core/writers/PDFWriter.js.map"
"d284f56dabd639595f6908e84bf39940299f8118","frontend/node_modules/pdf-lib/cjs/index.d.ts"
"779bf07322715f16dba3a4e5b642a71726034d3a","frontend/node_modules/pdf-lib/cjs/index.d.ts.map"
"43dfe31cb8d79d7a79086182977f43a284dd92bc","frontend/node_modules/pdf-lib/cjs/index.js"
"f2a981741545a40c286fe57018e7219da0c0a0cc","frontend/node_modules/pdf-lib/cjs/index.js.map"
"8efb992e34576731d87c95257c12833d8241bc07","frontend/node_modules/pdf-lib/cjs/types"
"420cbce8b557c6bfe2de73ec71aab8dcee4f1ad0","frontend/node_modules/pdf-lib/cjs/types/fontkit.d.ts"
"bac85520a52e8aa7827274b0c902ebcdbea69df9","frontend/node_modules/pdf-lib/cjs/types/fontkit.d.ts.map"
"749d09dc7b7cec6226ea4d83b74616d01f648d6b","frontend/node_modules/pdf-lib/cjs/types/fontkit.js"
"d5cb645a3ef4fdbef92bf147e019630a93a6e36e","frontend/node_modules/pdf-lib/cjs/types/fontkit.js.map"
"6768887327c17789917f5126bd3bf4c00489821e","frontend/node_modules/pdf-lib/cjs/types/index.d.ts"
"9bfedfaf4041911749b742fece67303eabe0ff20","frontend/node_modules/pdf-lib/cjs/types/index.d.ts.map"
"37b1eead9b5b46d5395e6f847e464d287dbe0904","frontend/node_modules/pdf-lib/cjs/types/index.js.map"
"5ba7cd8ea46580103726fa34c2daf7e56e4e53c6","frontend/node_modules/pdf-lib/cjs/types/matrix.d.ts"
"ccbc9da72c3b1b77a9a249a820d9db1dbf68cae5","frontend/node_modules/pdf-lib/cjs/types/matrix.d.ts.map"
"00b8d7e88a87c0eb473c89e807f76e08f3cdf5d1","frontend/node_modules/pdf-lib/cjs/types/matrix.js"
"f6b1c3e613be2796d1a8b9b46fefaa57450b3102","frontend/node_modules/pdf-lib/cjs/types/matrix.js.map"
"e5488b4521781794ca198ce73b623f8961ba0091","frontend/node_modules/pdf-lib/cjs/utils"
"77733416b94e63012695086b3ebeb8136f946168","frontend/node_modules/pdf-lib/cjs/utils/Cache.d.ts"
"133d85eb1b8658e1e36384d6bedcd5a9ba1f189f","frontend/node_modules/pdf-lib/cjs/utils/Cache.d.ts.map"
"f7d5320e070076b6a8fe05801ecdd09dd805c5fe","frontend/node_modules/pdf-lib/cjs/utils/Cache.js"
"6bde8fa9fda6caf53018bb3cb5cf9b25358ccb9d","frontend/node_modules/pdf-lib/cjs/utils/Cache.js.map"
"50901fa90d476f44bdfe9ec958390d313e062cef","frontend/node_modules/pdf-lib/cjs/utils/arrays.d.ts"
"c8ec7da6007cbd342cbc0273825f29b7c7770573","frontend/node_modules/pdf-lib/cjs/utils/arrays.d.ts.map"
"68147998334a43ff667341c86fd86d46078410c7","frontend/node_modules/pdf-lib/cjs/utils/arrays.js"
"12577ecaba4296449b7fd07b32aba0b6b11395b8","frontend/node_modules/pdf-lib/cjs/utils/arrays.js.map"
"9ced4b078743ebdf90f7949200862e83c15df208","frontend/node_modules/pdf-lib/cjs/utils/async.d.ts"
"70df49db70ac5706aa6cd1ba23ccd052e57b8684","frontend/node_modules/pdf-lib/cjs/utils/async.d.ts.map"
"c0e696fd41afe352e150a222bbb25b2b3e1a47cc","frontend/node_modules/pdf-lib/cjs/utils/async.js"
"2edc17a76e3f108c87302a0bbe2847e8aa7a0a29","frontend/node_modules/pdf-lib/cjs/utils/async.js.map"
"31d7d21bfaf71d602eff7dced257954e71f2ce6a","frontend/node_modules/pdf-lib/cjs/utils/base64.d.ts"
"6a718607cf75d95b26ef3a291720d24aadea07fc","frontend/node_modules/pdf-lib/cjs/utils/base64.d.ts.map"
"c82a13d94b32bb34699f668bba2e5165726c10b2","frontend/node_modules/pdf-lib/cjs/utils/base64.js"
"41a16d817e88439f5a1e18dec9cf12c8f4053a71","frontend/node_modules/pdf-lib/cjs/utils/base64.js.map"
"1a13ecafdfbad12c5e3fd03a42c999bf579fb8ac","frontend/node_modules/pdf-lib/cjs/utils/errors.d.ts"
"328a8df35b41c7e0eff5db319dfcddc917824cb1","frontend/node_modules/pdf-lib/cjs/utils/errors.d.ts.map"
"b1d13a83bac812e27ed1e9456e2a4a5011aef9f4","frontend/node_modules/pdf-lib/cjs/utils/errors.js"
"0dbf64782b6ce5a705b74b9aaedc66e5def857a6","frontend/node_modules/pdf-lib/cjs/utils/errors.js.map"
"6172c2be7f3053a709b99424ac2303227f8dd40b","frontend/node_modules/pdf-lib/cjs/utils/index.d.ts"
"b124975de8dacd832e0b75e53e0322f9c6f90340","frontend/node_modules/pdf-lib/cjs/utils/index.d.ts.map"
"1bb4e147d4fbfead5381d59f6790326f905e4241","frontend/node_modules/pdf-lib/cjs/utils/index.js"
"69bb2d0cc64a3fb71f7406e88b0feea9ecc732f6","frontend/node_modules/pdf-lib/cjs/utils/index.js.map"
"19ee8829bea428777b416cad6472b69ca44ab3da","frontend/node_modules/pdf-lib/cjs/utils/numbers.d.ts"
"a84ff6199e54a2dd27153bf24b76889518a9af3b","frontend/node_modules/pdf-lib/cjs/utils/numbers.d.ts.map"
"1bf6e2fe28a2b9092697f7cd26ed874d83a69f77","frontend/node_modules/pdf-lib/cjs/utils/numbers.js"
"10cee32644213e49be80d68b05802c68a1911e73","frontend/node_modules/pdf-lib/cjs/utils/numbers.js.map"
"e33ee9e146f71564990997fc8f4aa8b3c3e13764","frontend/node_modules/pdf-lib/cjs/utils/objects.d.ts"
"da3662258b2c606d263131f3bf28a0fe24812f33","frontend/node_modules/pdf-lib/cjs/utils/objects.d.ts.map"
"f3532fdf509d304d828f80b179bb6cfe25165f38","frontend/node_modules/pdf-lib/cjs/utils/objects.js"
"e1ff2255821090ad080bb28ab853a0910c5031a6","frontend/node_modules/pdf-lib/cjs/utils/objects.js.map"
"5fbc5f22f6c60ee1a10178848171116f4cb10352","frontend/node_modules/pdf-lib/cjs/utils/pdfDocEncoding.d.ts"
"294da04e5f9a6350ea8d3b846034c6cd8900b0b9","frontend/node_modules/pdf-lib/cjs/utils/pdfDocEncoding.d.ts.map"
"4f278d04960515bda3ffdc29f1fe9e66d6189a4e","frontend/node_modules/pdf-lib/cjs/utils/pdfDocEncoding.js"
"921433fb11b76578b0d4312ad10117d1bb4f874c","frontend/node_modules/pdf-lib/cjs/utils/pdfDocEncoding.js.map"
"d7cb6b62ab67c1d632b16a546b137d0538b0c9fe","frontend/node_modules/pdf-lib/cjs/utils/png.d.ts"
"3697634340d27cf92c7de9f430ed0d81f4a14420","frontend/node_modules/pdf-lib/cjs/utils/png.d.ts.map"
"e2819b063ddd7e46089a893b31e6866d33fadd3d","frontend/node_modules/pdf-lib/cjs/utils/png.js"
"eb4928c2b06fd8a95871645f4f841c07edda40db","frontend/node_modules/pdf-lib/cjs/utils/png.js.map"
"095ca0b00a15aea8bf3eaccc815c07d2e15b5bed","frontend/node_modules/pdf-lib/cjs/utils/rng.d.ts"
"f55d8e0bd49f63d41fea38f4b12f1900f764faba","frontend/node_modules/pdf-lib/cjs/utils/rng.d.ts.map"
"af1fcb6539edc7a2715a118a664bc5ec6ebd4ef7","frontend/node_modules/pdf-lib/cjs/utils/rng.js"
"8010e349b058b3f6d72bd20f413996d52aa0cee7","frontend/node_modules/pdf-lib/cjs/utils/rng.js.map"
"2e5722f910e184227f4d5fa34b40636fee17c7d5","frontend/node_modules/pdf-lib/cjs/utils/strings.d.ts"
"c83bd3dd45d95c4923a080c33dc13afa7916edcd","frontend/node_modules/pdf-lib/cjs/utils/strings.d.ts.map"
"bba80b687a32919e3dff8f4248ebf71f522cd5af","frontend/node_modules/pdf-lib/cjs/utils/strings.js"
"f683c729370b5c240724022e84e7a83243fba7c7","frontend/node_modules/pdf-lib/cjs/utils/strings.js.map"
"e8a6049b9a7aa7358e905b8d09421cd7de37c051","frontend/node_modules/pdf-lib/cjs/utils/unicode.d.ts"
"cf060fdc316911e1b7677869d923515117a23232","frontend/node_modules/pdf-lib/cjs/utils/unicode.d.ts.map"
"3dffb61280d1693eb5bf5be1a36f521b9825600d","frontend/node_modules/pdf-lib/cjs/utils/unicode.js"
"4158767cfef64a9c313347d1bbc3bd54b9f0c134","frontend/node_modules/pdf-lib/cjs/utils/unicode.js.map"
"0e01fc33102a595660a3f03a16d1297125d5fd13","frontend/node_modules/pdf-lib/cjs/utils/validators.d.ts"
"3badd5d14096cd5d82cbea21ff434295024182bd","frontend/node_modules/pdf-lib/cjs/utils/validators.d.ts.map"
"d2b52604b3f012dfa35b3d6edb658296abefe24b","frontend/node_modules/pdf-lib/cjs/utils/validators.js"
"77fb969f33cee1255c2c265d7bc2a21d72b4a5ec","frontend/node_modules/pdf-lib/cjs/utils/validators.js.map"
"69c1af981dc53868e09f90b9f60a9e442bb8678e","frontend/node_modules/pdf-lib/dist"
"c005c07debb89e84939dbe49cdce99159bb3bb05","frontend/node_modules/pdf-lib/dist/pdf-lib.esm.js"
"620f887ae567124f4078df4cefa908b1d1bd1886","frontend/node_modules/pdf-lib/dist/pdf-lib.esm.js.map"
"861bff489601cc6ba73313546871b09f8e54278b","frontend/node_modules/pdf-lib/dist/pdf-lib.esm.min.js"
"01bfbcdba34779a0d5f7bf7361095771712065a7","frontend/node_modules/pdf-lib/dist/pdf-lib.esm.min.js.map"
"7d7c78ebe0c5b2c02fe130415fc424333f153305","frontend/node_modules/pdf-lib/dist/pdf-lib.js"
"51ba7f6fd5754d0df3456fe2189582d45f8ffbbd","frontend/node_modules/pdf-lib/dist/pdf-lib.js.map"
"edb12c72cdaa11b608eb5967cf1531892b7f3b31","frontend/node_modules/pdf-lib/dist/pdf-lib.min.js"
"84106f907aa1d726c778728c419b70fd0c017ec6","frontend/node_modules/pdf-lib/dist/pdf-lib.min.js.map"
"8511d751847e600f7e2222c8ab385676b6fe4178","frontend/node_modules/pdf-lib/es"
"e8aeb5ca82268adc71e449831aad1ae5ca5cb7d0","frontend/node_modules/pdf-lib/es/api"
"dfd950a0a6bc4d55c22d7df2dd71a465333bb382","frontend/node_modules/pdf-lib/es/api/Embeddable.js"
"fdbd1a8bea2aee234053d4be962443504220f75e","frontend/node_modules/pdf-lib/es/api/PDFDocument.js"
"fd7638a1cd5ba4ccc538a44d762833ffff25a1c7","frontend/node_modules/pdf-lib/es/api/PDFDocument.js.map"
"c0054abdeaa01e94f769431ca09928a14bba10a6","frontend/node_modules/pdf-lib/es/api/PDFDocumentOptions.js"
"ea20ed78caac9e91eb881af8d4474135564d4945","frontend/node_modules/pdf-lib/es/api/PDFDocumentOptions.js.map"
"045906f6f74fc81b3859596eaa3f8b84a490b591","frontend/node_modules/pdf-lib/es/api/PDFEmbeddedFile.js"
"163298615c4d271c8dac8684a568abc4d14469b6","frontend/node_modules/pdf-lib/es/api/PDFEmbeddedFile.js.map"
"8dd7ee58bc5d73d288859b8d7c5ff0f73f8ceece","frontend/node_modules/pdf-lib/es/api/PDFEmbeddedPage.js"
"35a16bcfc511de84f046572134e42323c5efc2fd","frontend/node_modules/pdf-lib/es/api/PDFEmbeddedPage.js.map"
"75669a68349fb3cd1bdc540382cf5b9078c73e35","frontend/node_modules/pdf-lib/es/api/PDFFont.js"
"50fd9453eaadebff65786d15dc710b037e18ca7d","frontend/node_modules/pdf-lib/es/api/PDFFont.js.map"
"f3add4a804e9778dc78b5492b010666cff254067","frontend/node_modules/pdf-lib/es/api/PDFImage.js"
"b08badfff51cc00f5e38e3a5fe6971b83aa53351","frontend/node_modules/pdf-lib/es/api/PDFImage.js.map"
"e3e44dfbbf91e27a76566f1bd6162403f531727b","frontend/node_modules/pdf-lib/es/api/PDFJavaScript.js"
"8745e4164a75d4fcf0d6ce0aaaac6b7a1b10eec2","frontend/node_modules/pdf-lib/es/api/PDFJavaScript.js.map"
"722884ab39ce545304cdf73923961cb37520d45e","frontend/node_modules/pdf-lib/es/api/PDFPage.js"
"a1e9eb2b18439a4a004173cb543c169b2b294f6f","frontend/node_modules/pdf-lib/es/api/PDFPage.js.map"
"532e8287eee93feff77556d9a5d5f7bf97b7d8c0","frontend/node_modules/pdf-lib/es/api/PDFPageOptions.js"
"b020b34c1d33b6926bb839f0c16c06f2a2d204a8","frontend/node_modules/pdf-lib/es/api/PDFPageOptions.js.map"
"85c7ffc5f665070164250135e42645487c075c55","frontend/node_modules/pdf-lib/es/api/StandardFonts.js"
"9ec70a74cce50d9434b8a441fd430a0206bcb17e","frontend/node_modules/pdf-lib/es/api/StandardFonts.js.map"
"026028f73df03687237208c368913aa3ffd7c62f","frontend/node_modules/pdf-lib/es/api/colors.js"
"d500c74d76b0dc39694a473631f1c13dc8ece583","frontend/node_modules/pdf-lib/es/api/colors.js.map"
"c9b0b017c25982fe58c06fd3d2d596746835129c","frontend/node_modules/pdf-lib/es/api/errors.js"
"de994634d76a9053577d3c640e25d1727272296c","frontend/node_modules/pdf-lib/es/api/errors.js.map"
"8e1edc8af5fa79b70274e7c1b34703c4ba635d9b","frontend/node_modules/pdf-lib/es/api/form"
"5f580f096e4c8d78f5fb6fb3986fa658f64d0926","frontend/node_modules/pdf-lib/es/api/form/PDFButton.js"
"89da8fd7be59fe53151a5695d27a2c267ebb4f1f","frontend/node_modules/pdf-lib/es/api/form/PDFButton.js.map"
"eb759dfd73860a2a53ac06fd047a9df67454fe98","frontend/node_modules/pdf-lib/es/api/form/PDFCheckBox.js"
"4a77ffd2e878db100e9fcb5ddffc867c05fe6c99","frontend/node_modules/pdf-lib/es/api/form/PDFCheckBox.js.map"
"b1cef881f3711387c7ed5f79b05cc2012427cac3","frontend/node_modules/pdf-lib/es/api/form/PDFDropdown.js"
"9b563f343c6014232a0154a2fe1fc79a0c54cd8d","frontend/node_modules/pdf-lib/es/api/form/PDFDropdown.js.map"
"29ae53853735161074b46d98dd6dd13590914ae0","frontend/node_modules/pdf-lib/es/api/form/PDFField.js"
"08c0d346c93955bc1a4a9a2f66b478d2a3369b8d","frontend/node_modules/pdf-lib/es/api/form/PDFField.js.map"
"e82bb801309c58041d8097f0aa9eb5eee4375fed","frontend/node_modules/pdf-lib/es/api/form/PDFForm.js"
"22d0bea976a06ad718f1adee41257a38d584afa7","frontend/node_modules/pdf-lib/es/api/form/PDFForm.js.map"
"a26fd5f38e241eed705b818a2350c7143e950172","frontend/node_modules/pdf-lib/es/api/form/PDFOptionList.js"
"07dc76a83b23a8e76c0e52d76a238520721527ad","frontend/node_modules/pdf-lib/es/api/form/PDFOptionList.js.map"
"ea73b04fc0dcdd98df0a216987407282f5c079e4","frontend/node_modules/pdf-lib/es/api/form/PDFRadioGroup.js"
"39337e1a3529d40710431d409d35aca7f774e1f1","frontend/node_modules/pdf-lib/es/api/form/PDFRadioGroup.js.map"
"d343cd1b4ad07ab01811dcc1b80f1ace0beebbec","frontend/node_modules/pdf-lib/es/api/form/PDFSignature.js"
"392fbe9fe7f2af51f4d2b7732356b462c93618b5","frontend/node_modules/pdf-lib/es/api/form/PDFSignature.js.map"
"7a1a9b210a6d47a7dd0543245ced28f912fde329","frontend/node_modules/pdf-lib/es/api/form/PDFTextField.js"
"305d90bd8810b070fe1bbb90677e1df13fdac2bd","frontend/node_modules/pdf-lib/es/api/form/PDFTextField.js.map"
"bf2225074eeac503a88fa0e8ebf3a6f4722e42f7","frontend/node_modules/pdf-lib/es/api/form/appearances.js"
"5b71509e664618c997e9388295d660af50891a6f","frontend/node_modules/pdf-lib/es/api/form/appearances.js.map"
"3576ead41b135459b68e892ca8d21afcdadc8789","frontend/node_modules/pdf-lib/es/api/form/index.js"
"df3ed3598b2fe94686320ffc7dfcfec12332c4f2","frontend/node_modules/pdf-lib/es/api/form/index.js.map"
"399a01e148de949dcb125d55494fbfe843e14aed","frontend/node_modules/pdf-lib/es/api/image"
"881d62d13b53e23ff1b7227ae79ac9efd73ae92f","frontend/node_modules/pdf-lib/es/api/image/alignment.js"
"9f6f15631c713db73d6abb891fd782843f9fa418","frontend/node_modules/pdf-lib/es/api/image/alignment.js.map"
"63bce5804d12205183b70d48543db1aa27b9b6f4","frontend/node_modules/pdf-lib/es/api/image/index.js"
"b81bc37e81e978d6bb86a04315a335d7aa81c7c2","frontend/node_modules/pdf-lib/es/api/image/index.js.map"
"8149cc98e7e83dfad30273b1786492c203951386","frontend/node_modules/pdf-lib/es/api/index.js"
"284dfe5ffb43b41e833057c0981a1bc47e42e4f4","frontend/node_modules/pdf-lib/es/api/index.js.map"
"a2749f0b73074c0074c3fc88cc96242b8c137ec7","frontend/node_modules/pdf-lib/es/api/objects.js"
"dd0c9fb2124ee49e5535821eb8e1d17d00cb7e3c","frontend/node_modules/pdf-lib/es/api/objects.js.map"
"581f8a4b796e22f122821127f72b67db83fa0f51","frontend/node_modules/pdf-lib/es/api/operations.js"
"0f5dbf9fbdece62842f4c3ae045c4a1b99c3ad2f","frontend/node_modules/pdf-lib/es/api/operations.js.map"
"5b8a8298e9bfa11ea78e7001914f0ff9dfebe85c","frontend/node_modules/pdf-lib/es/api/operators.js"
"ab8dabea464edf76dd9e05ae176144cfcfd068d5","frontend/node_modules/pdf-lib/es/api/operators.js.map"
"d41699bebe18d7af5f01521a79c3e373df81b945","frontend/node_modules/pdf-lib/es/api/rotations.js"
"fa54467ba0f45a0945dfa402d497ac09308eaab4","frontend/node_modules/pdf-lib/es/api/rotations.js.map"
"629e79664391553934df6d74e166d191fc87cc84","frontend/node_modules/pdf-lib/es/api/sizes.js"
"9f9908a6f0c7e776abcc87a89b9879bbb7c7fca4","frontend/node_modules/pdf-lib/es/api/sizes.js.map"
"287ac5b358a0bc5c5903df8b5df3689481cf0f7d","frontend/node_modules/pdf-lib/es/api/svgPath.js"
"9f8a277d78659b64e8ea1afe8f752baf865b439e","frontend/node_modules/pdf-lib/es/api/svgPath.js.map"
"9a0304cffb80bf185e5e7f2402794c405caf4e64","frontend/node_modules/pdf-lib/es/api/text"
"589133403c748c0116fb1bc0e85097b3b6dc85f2","frontend/node_modules/pdf-lib/es/api/text/alignment.js"
"7faf5690b408ef0aac39b63bb6411528716d1538","frontend/node_modules/pdf-lib/es/api/text/alignment.js.map"
"d9362e374a6ea0e2127f16a9cd776c6167350c2b","frontend/node_modules/pdf-lib/es/api/text/index.js"
"c89847326d2c959fb351353582afbdf9a7080972","frontend/node_modules/pdf-lib/es/api/text/index.js.map"
"a68bf7904cf637285c8d63b1a6b67d64c177ca05","frontend/node_modules/pdf-lib/es/api/text/layout.js"
"487ead1a9c6916dd00f2d2e7780063dd8ef454b3","frontend/node_modules/pdf-lib/es/api/text/layout.js.map"
"2d3ca3634f73cc9f772fb760461f0956a5e41832","frontend/node_modules/pdf-lib/es/core"
"a995777687fc46016e2e453cb46ee273c833c091","frontend/node_modules/pdf-lib/es/core/PDFContext.js"
"1e1876bae33e3265c84fb9c9356e73ad068b120c","frontend/node_modules/pdf-lib/es/core/PDFContext.js.map"
"6480dcde8a37edc662c0f4335a20a36b0de46162","frontend/node_modules/pdf-lib/es/core/PDFObjectCopier.js"
"0dc072121f3617ec52a041b9412aa0d117558c8d","frontend/node_modules/pdf-lib/es/core/PDFObjectCopier.js.map"
"fd2dbd3b75163d6307bfedaecbdbc870727d5a85","frontend/node_modules/pdf-lib/es/core/acroform"
"01b6363a17a3cf7887689acf23f7165c7bf5c4e2","frontend/node_modules/pdf-lib/es/core/acroform/PDFAcroButton.js"
"eca2a5a6ceb1ec19dca59924558c95a44ead2fda","frontend/node_modules/pdf-lib/es/core/acroform/PDFAcroButton.js.map"
"c3f4c380d382df4edf00df2353ed68805be24013","frontend/node_modules/pdf-lib/es/core/acroform/PDFAcroCheckBox.js"
"81fb8f295557964e48e09ca6f88c3aeed13632a7","frontend/node_modules/pdf-lib/es/core/acroform/PDFAcroCheckBox.js.map"
"08d8834cbb9a23f3a3644c714c1399b9499504ad","frontend/node_modules/pdf-lib/es/core/acroform/PDFAcroChoice.js"
"ba4bec1fd78bc1a96470147520a3331b0d63c722","frontend/node_modules/pdf-lib/es/core/acroform/PDFAcroChoice.js.map"
"0638271b9701272bc17574baddc95f75dbbf9a94","frontend/node_modules/pdf-lib/es/core/acroform/PDFAcroComboBox.js"
"c3034807a95f599aa3cd8287c6d327476eab5592","frontend/node_modules/pdf-lib/es/core/acroform/PDFAcroComboBox.js.map"
"e3221e417284bdf20f9674200a50f34c3e57cfab","frontend/node_modules/pdf-lib/es/core/acroform/PDFAcroField.js"
"27e3818a35c00d04d544c573f9ed5f59a52221ac","frontend/node_modules/pdf-lib/es/core/acroform/PDFAcroField.js.map"
"304b107c7f4e8e58321a9e0fb1fc86d63ac3a0ec","frontend/node_modules/pdf-lib/es/core/acroform/PDFAcroForm.js"
"12aec72c441fc82001c8fb71c0d20aee665d1376","frontend/node_modules/pdf-lib/es/core/acroform/PDFAcroForm.js.map"
"80545536c54954a2422bd6bd0b9e1067f0bf55d5","frontend/node_modules/pdf-lib/es/core/acroform/PDFAcroListBox.js"
"6b05733e5d85167d6b16deac7297e856c09b5cd2","frontend/node_modules/pdf-lib/es/core/acroform/PDFAcroListBox.js.map"
"755d94f2d4f1c6558c6094d59e367c9e0cf3147f","frontend/node_modules/pdf-lib/es/core/acroform/PDFAcroNonTerminal.js"
"4d87c24b232ca6b7e916e2c94f1ba4dbb091aa3d","frontend/node_modules/pdf-lib/es/core/acroform/PDFAcroNonTerminal.js.map"
"200119a794669e1f3c4f6168485426381f4f54be","frontend/node_modules/pdf-lib/es/core/acroform/PDFAcroPushButton.js"
"86cfb7f2d324498b2a3d8d5cfa635798d013c834","frontend/node_modules/pdf-lib/es/core/acroform/PDFAcroPushButton.js.map"
"4f73521070e83aa0b902212d98f6a6b2f3db51f7","frontend/node_modules/pdf-lib/es/core/acroform/PDFAcroRadioButton.js"
"6ddee09f5709c17cf82b660200f3add454182bca","frontend/node_modules/pdf-lib/es/core/acroform/PDFAcroRadioButton.js.map"
"bfb04a1d6230ce3f3241f9d32210fb6041a97ccb","frontend/node_modules/pdf-lib/es/core/acroform/PDFAcroSignature.js"
"449216903a2e40110ad13c1360c4cb1685e72393","frontend/node_modules/pdf-lib/es/core/acroform/PDFAcroSignature.js.map"
"6100141109fdfcff011c599b30e16155a6bb8391","frontend/node_modules/pdf-lib/es/core/acroform/PDFAcroTerminal.js"
"ad508823cf9d2ce6489cf8a23ad5acd614698582","frontend/node_modules/pdf-lib/es/core/acroform/PDFAcroTerminal.js.map"
"7f9e2aec980303548e5dafb96c7fb892b2992905","frontend/node_modules/pdf-lib/es/core/acroform/PDFAcroText.js"
"ba415c9bf3aa98aac0de296131ce7403684573f0","frontend/node_modules/pdf-lib/es/core/acroform/PDFAcroText.js.map"
"bff08c351c207222ffddc37fdbe412e5ad13591a","frontend/node_modules/pdf-lib/es/core/acroform/flags.js"
"8f2bb019b6cf698e436bc51adae18b3ab6b5a73f","frontend/node_modules/pdf-lib/es/core/acroform/flags.js.map"
"e26c482de86ac04e966ce83beeb475857c21307c","frontend/node_modules/pdf-lib/es/core/acroform/index.js"
"1280f4f2e250ab883f9448a86f506788b9902a9c","frontend/node_modules/pdf-lib/es/core/acroform/index.js.map"
"201d05344ef46fe3953be540091cf0300e7d92cc","frontend/node_modules/pdf-lib/es/core/acroform/utils.js"
"da0ab0525889c43c0499ea2f15d3dc4a91a9d8f5","frontend/node_modules/pdf-lib/es/core/acroform/utils.js.map"
"bf1aa56d0a9e892dce3c08ca4680d7b55f67fe33","frontend/node_modules/pdf-lib/es/core/annotation"
"95c55d1082ba889297015bc639ddf36e4fa50503","frontend/node_modules/pdf-lib/es/core/annotation/AppearanceCharacteristics.js"
"c0367e0c5581920147abde38759334be068f2077","frontend/node_modules/pdf-lib/es/core/annotation/AppearanceCharacteristics.js.map"
"0d0d51e6e9d4aec6548018ea6f6dff05c120d089","frontend/node_modules/pdf-lib/es/core/annotation/BorderStyle.js"
"3e324c87e46bdfc0f6112ecaf2a12b26efc87450","frontend/node_modules/pdf-lib/es/core/annotation/BorderStyle.js.map"
"eabeff8fbd7a76f4bd353fc0f8810517ed540b37","frontend/node_modules/pdf-lib/es/core/annotation/PDFAnnotation.js"
"0eaac82f5c608f174247d29d1ce088d5c780250d","frontend/node_modules/pdf-lib/es/core/annotation/PDFAnnotation.js.map"
"6d0e0b14f1608ee90609c180a99b8540d6da87c9","frontend/node_modules/pdf-lib/es/core/annotation/PDFWidgetAnnotation.js"
"a7872f71f4fe5f3784e5102a0383f8ecfec2d1b4","frontend/node_modules/pdf-lib/es/core/annotation/PDFWidgetAnnotation.js.map"
"24b671e234da3b95403b29bf3c6c440db4266cbb","frontend/node_modules/pdf-lib/es/core/annotation/flags.js"
"7ed9d368957524d9162ce02672050f749d6133c3","frontend/node_modules/pdf-lib/es/core/annotation/flags.js.map"
"867e94aec759e82f095d444c5c3119ae5a74f5de","frontend/node_modules/pdf-lib/es/core/annotation/index.js"
"f66776c3bbbc769803bd7f8537ffb59408ba5c5d","frontend/node_modules/pdf-lib/es/core/annotation/index.js.map"
"55c68e32614c11b7e2ec753239d57cbbc7569f73","frontend/node_modules/pdf-lib/es/core/document"
"93f8734244757a181781cdea6eeece3796432e64","frontend/node_modules/pdf-lib/es/core/document/PDFCrossRefSection.js"
"4cf538b2eac54dd5da2c72f3904e4e3003caf6fb","frontend/node_modules/pdf-lib/es/core/document/PDFCrossRefSection.js.map"
"67262eead95e5858f3fe1dddc611c8cadbfc6e91","frontend/node_modules/pdf-lib/es/core/document/PDFHeader.js"
"29d5e9c05554276b54a369e1bbf860b18cb53039","frontend/node_modules/pdf-lib/es/core/document/PDFHeader.js.map"
"195785d277a8d1579638751ec41f10c4b5e42ba8","frontend/node_modules/pdf-lib/es/core/document/PDFTrailer.js"
"78a73c28af355605d02231cc3b9d63b349e1df7c","frontend/node_modules/pdf-lib/es/core/document/PDFTrailer.js.map"
"fb112251071ce621715e078440e2634b2fcd37c0","frontend/node_modules/pdf-lib/es/core/document/PDFTrailerDict.js"
"888c1bc7c9235f8d9a56fbfe73aeb5e7cff21701","frontend/node_modules/pdf-lib/es/core/document/PDFTrailerDict.js.map"
"80d2aebbc14054410507497b88de3bada9bf9430","frontend/node_modules/pdf-lib/es/core/embedders"
"e211cac6699bde48880798039ce9edfd9cb40996","frontend/node_modules/pdf-lib/es/core/embedders/CMap.js"
"8c1882ca085e288d012ae56e8fe5ecad6f1427ab","frontend/node_modules/pdf-lib/es/core/embedders/CMap.js.map"
"be369930eadd0b6bdb9ca99d6b23cff0d348f59a","frontend/node_modules/pdf-lib/es/core/embedders/CustomFontEmbedder.js"
"fc5bf5c9c3041a69906cc2fb8a046d876dfaeb75","frontend/node_modules/pdf-lib/es/core/embedders/CustomFontEmbedder.js.map"
"ded4d8d7a95ad4ffe1ec12a97f1911f93b30b527","frontend/node_modules/pdf-lib/es/core/embedders/CustomFontSubsetEmbedder.js"
"81d47645271cc5330539d69986e24966123db172","frontend/node_modules/pdf-lib/es/core/embedders/CustomFontSubsetEmbedder.js.map"
"ce3a13eb59b92ca01c4570b6ade34a534ecbf615","frontend/node_modules/pdf-lib/es/core/embedders/FileEmbedder.js"
"b958f6bcf60d61420608531ba8c11bd3d7aae981","frontend/node_modules/pdf-lib/es/core/embedders/FileEmbedder.js.map"
"5c81e8f9da18477736efd5f4978cae376f3f7740","frontend/node_modules/pdf-lib/es/core/embedders/FontFlags.js"
"99b41d721b2c266c387125009447574dc7166672","frontend/node_modules/pdf-lib/es/core/embedders/FontFlags.js.map"
"583b887200b2d9a4d57f02f4d1a177748c4bc26b","frontend/node_modules/pdf-lib/es/core/embedders/JavaScriptEmbedder.js"
"e01b7f9c5020fd58ab118da70996d8a891eac805","frontend/node_modules/pdf-lib/es/core/embedders/JavaScriptEmbedder.js.map"
"da816395fe39873412d5105d44b6ae40d8d4b2c9","frontend/node_modules/pdf-lib/es/core/embedders/JpegEmbedder.js"
"d2060de55b585fdc1771a3a637aa1e0b0d4f5acb","frontend/node_modules/pdf-lib/es/core/embedders/JpegEmbedder.js.map"
"f38c8dd85a83b04228c5422dc47554210be331ae","frontend/node_modules/pdf-lib/es/core/embedders/PDFPageEmbedder.js"
"89b4163bb7fe44ef508178fab25d261fcee6c03f","frontend/node_modules/pdf-lib/es/core/embedders/PDFPageEmbedder.js.map"
"3653595cc109c26042c888722f9210e9cfce8379","frontend/node_modules/pdf-lib/es/core/embedders/PngEmbedder.js"
"8e700fff5af8f58e279bb1ce447d9daa8ac28cc7","frontend/node_modules/pdf-lib/es/core/embedders/PngEmbedder.js.map"
"7913a06923b012385142b11479e070710efb2f0a","frontend/node_modules/pdf-lib/es/core/embedders/StandardFontEmbedder.js"
"e9673f19d321cc516855ceea6d28c08284c55119","frontend/node_modules/pdf-lib/es/core/embedders/StandardFontEmbedder.js.map"
"fba720337ac5f09d93fce88417dc19144a4765e2","frontend/node_modules/pdf-lib/es/core/errors.js"
"6e4d9113c9a1254dbb52760655ccd9cdbede9060","frontend/node_modules/pdf-lib/es/core/errors.js.map"
"f41d51d650863f7f0732c90e2f29dea81ebddc3f","frontend/node_modules/pdf-lib/es/core/index.js"
"e857b6725d54181d6426655d96ac2494495ba95e","frontend/node_modules/pdf-lib/es/core/index.js.map"
"6dac2cddb265656573928aae8710aa201adb660b","frontend/node_modules/pdf-lib/es/core/interactive"
"339c6845aec45f42ca72bef7dcf406268d0555f0","frontend/node_modules/pdf-lib/es/core/interactive/ViewerPreferences.js"
"0dacfe19ecb843edbba049215afa76b22c3cfeaa","frontend/node_modules/pdf-lib/es/core/interactive/ViewerPreferences.js.map"
"cd23019624513777192a7a300e911025b1a21bfe","frontend/node_modules/pdf-lib/es/core/objects"
"d12d3df70ba29a560ad43f9768e79d6757c7f2b6","frontend/node_modules/pdf-lib/es/core/objects/PDFArray.js"
"af70bdb2add64fcd116c2adeaa9b66cc6e07e8a2","frontend/node_modules/pdf-lib/es/core/objects/PDFArray.js.map"
"dfec0b08ff2e74c0254df7c82ef7fff5a4e91dd0","frontend/node_modules/pdf-lib/es/core/objects/PDFBool.js"
"7c53f5c654298d6440a0d89744e8b14dc96b2d3c","frontend/node_modules/pdf-lib/es/core/objects/PDFBool.js.map"
"2bf3e92830826ba2f93dceda5fb4b8b9f46f1ea2","frontend/node_modules/pdf-lib/es/core/objects/PDFDict.js"
"8c55932a6cdb2f27d3ce352a9e28bed4913e4646","frontend/node_modules/pdf-lib/es/core/objects/PDFDict.js.map"
"f7f96469fecc931a0cf782e1e7c7878cb70e56b6","frontend/node_modules/pdf-lib/es/core/objects/PDFHexString.js"
"aa81ee9cdc1cce5abc6dfccfb1dedc874e822576","frontend/node_modules/pdf-lib/es/core/objects/PDFHexString.js.map"
"290e6bca1d4614eaa6b9fa08700cab7a84b069c0","frontend/node_modules/pdf-lib/es/core/objects/PDFInvalidObject.js"
"7e45469e83637876003920f49de304607f20137c","frontend/node_modules/pdf-lib/es/core/objects/PDFInvalidObject.js.map"
"30916a2223b856418d2e100f128122488524c899","frontend/node_modules/pdf-lib/es/core/objects/PDFName.js"
"aa43e8ec9dac476cd3ff41a03f2b3e37d5d0a3b2","frontend/node_modules/pdf-lib/es/core/objects/PDFName.js.map"
"7bad36c937ad21b9f170c5bb4bb17d5842851d9a","frontend/node_modules/pdf-lib/es/core/objects/PDFNull.js"
"d0b4c6dd882d1b8b60bf1a089d659a61b19ca24a","frontend/node_modules/pdf-lib/es/core/objects/PDFNull.js.map"
"f78f334b1f9a1669563bd52ea9a3ea0cc3e0adf7","frontend/node_modules/pdf-lib/es/core/objects/PDFNumber.js"
"3d1485ff0542e6f6089f13133014b7667def484f","frontend/node_modules/pdf-lib/es/core/objects/PDFNumber.js.map"
"0c2991153ab66442b06b994a05a3d9068bf272cc","frontend/node_modules/pdf-lib/es/core/objects/PDFObject.js"
"aae161efe6186461dba0751fcbe95a17272ceef7","frontend/node_modules/pdf-lib/es/core/objects/PDFObject.js.map"
"fc2ae40db008358cbe52ad2d81e6110ceab4f689","frontend/node_modules/pdf-lib/es/core/objects/PDFRawStream.js"
"26ce442a96b1bb2862fa69c091931de38c5cdda8","frontend/node_modules/pdf-lib/es/core/objects/PDFRawStream.js.map"
"6670a29df7c96315af1679d5e64e79ee7c7d01f2","frontend/node_modules/pdf-lib/es/core/objects/PDFRef.js"
"17b3021fea62815f646e2780bc0b3f6f2f5d8c99","frontend/node_modules/pdf-lib/es/core/objects/PDFRef.js.map"
"2f406d7c99dc2b5b53ec7fbfb5638d3a876cf3dd","frontend/node_modules/pdf-lib/es/core/objects/PDFStream.js"
"e320e552ac20451161863631f89f82457e06212c","frontend/node_modules/pdf-lib/es/core/objects/PDFStream.js.map"
"8fd0d04aea6598d8473fc595bdfe2fb24fd3e073","frontend/node_modules/pdf-lib/es/core/objects/PDFString.js"
"cb36f65a8219a142c2e4ad650f9612f6926ebae8","frontend/node_modules/pdf-lib/es/core/objects/PDFString.js.map"
"4c1fd48c7268eec9e34835f080c24ac6b6980043","frontend/node_modules/pdf-lib/es/core/operators"
"5500c20983a6b15769ee1718112051f866765bb0","frontend/node_modules/pdf-lib/es/core/operators/PDFOperator.js"
"4ecb3601dbbb9186d99441a81eac8fc9b092e911","frontend/node_modules/pdf-lib/es/core/operators/PDFOperator.js.map"
"4fdc7a2fac8e04891a83ccfc1b438f75f6916262","frontend/node_modules/pdf-lib/es/core/operators/PDFOperatorNames.js"
"8e061238d038277eb9f438c414d9c56f66ee6868","frontend/node_modules/pdf-lib/es/core/operators/PDFOperatorNames.js.map"
"4631b98bdfb07a282cec008beea384b8592c8055","frontend/node_modules/pdf-lib/es/core/parser"
"ed967565de75cf5b3957a62e7b80f679fad6e567","frontend/node_modules/pdf-lib/es/core/parser/BaseParser.js"
"1d646748c818abd284f79c40a91d1149d03f7c2f","frontend/node_modules/pdf-lib/es/core/parser/BaseParser.js.map"
"8b6b6c6c18f6c5118d3cbc6a06442a444bd807dd","frontend/node_modules/pdf-lib/es/core/parser/ByteStream.js"
"9f4ffaf1212d12c40051b50d12c7f0fc33a175f3","frontend/node_modules/pdf-lib/es/core/parser/ByteStream.js.map"
"22deb4a93b04b08d1e7ea36f82ab4a9c0f5fbfcd","frontend/node_modules/pdf-lib/es/core/parser/PDFObjectParser.js"
"13713ff9b6ab2ef0e68bc8be5c89fe0c2b9e9b9d","frontend/node_modules/pdf-lib/es/core/parser/PDFObjectParser.js.map"
"faca2b634ce4ba3fe125f70744eb2c479fb4655a","frontend/node_modules/pdf-lib/es/core/parser/PDFObjectStreamParser.js"
"14a3c98bcf5567355f2ea43f87ca547b39ac6c06","frontend/node_modules/pdf-lib/es/core/parser/PDFObjectStreamParser.js.map"
"b5d25a1be91dddd55ab7562bf40cbc383148436f","frontend/node_modules/pdf-lib/es/core/parser/PDFParser.js"
"c90c521f24a139ffe9a58d38343bf6ff65c43d11","frontend/node_modules/pdf-lib/es/core/parser/PDFParser.js.map"
"4bd9c6a892d01b8d821ab864001f5c3d6a29ccf5","frontend/node_modules/pdf-lib/es/core/parser/PDFXRefStreamParser.js"
"d438e4a6fb6f3d917195bf2e8840529f733d8fcc","frontend/node_modules/pdf-lib/es/core/parser/PDFXRefStreamParser.js.map"
"f244b4cc9724caf68bdec0fa10a7058b8e73e941","frontend/node_modules/pdf-lib/es/core/streams"
"b6a97bf09374ed3d9d102ddeb081829636c9a3fe","frontend/node_modules/pdf-lib/es/core/streams/Ascii85Stream.js"
"f6efa2079d0aabcf0e5bc02181d7894ea1cdada1","frontend/node_modules/pdf-lib/es/core/streams/Ascii85Stream.js.map"
"7f5075f8b96677ceb02b606b4a44ee67382dcd09","frontend/node_modules/pdf-lib/es/core/streams/AsciiHexStream.js"
"24c0ef54afc6e75ba0d0f1379e40cc08b60f9dff","frontend/node_modules/pdf-lib/es/core/streams/AsciiHexStream.js.map"
"27ffc3268f09d0ec5b7e06ed9971a5b8090d9a6e","frontend/node_modules/pdf-lib/es/core/streams/DecodeStream.js"
"9456b8be805c6022dacf04360b8566f0d7b981d6","frontend/node_modules/pdf-lib/es/core/streams/DecodeStream.js.map"
"600b4e5f97f6269d56cd6093e9e36df518e71909","frontend/node_modules/pdf-lib/es/core/streams/FlateStream.js"
"0557bac0735f1d4c5757f1661267382772872697","frontend/node_modules/pdf-lib/es/core/streams/FlateStream.js.map"
"b3642c7de53f41e8e6b455dc221348c15807373f","frontend/node_modules/pdf-lib/es/core/streams/LZWStream.js"
"7567598e5aea00ef79552588760b8c24c743551d","frontend/node_modules/pdf-lib/es/core/streams/LZWStream.js.map"
"1b7a459d6ce3ced3e392632d7c1e453c93ff4656","frontend/node_modules/pdf-lib/es/core/streams/RunLengthStream.js"
"23d496fb2d38814a41252d73c00e6c30e1d43332","frontend/node_modules/pdf-lib/es/core/streams/RunLengthStream.js.map"
"82b20e72259ce89f80ed41bc8fef4e66a9649206","frontend/node_modules/pdf-lib/es/core/streams/Stream.js"
"1adb4a43798b5ac4c31ba30df2a198deefb79120","frontend/node_modules/pdf-lib/es/core/streams/Stream.js.map"
"2d21e2efacac0d83de800d5c8d4020e7abd9e895","frontend/node_modules/pdf-lib/es/core/streams/decode.js"
"c33e83a4ab99a24723c148c6ed52622f36671bc4","frontend/node_modules/pdf-lib/es/core/streams/decode.js.map"
"cfadcc6076b27dd605439aa1c38394efa5375f6b","frontend/node_modules/pdf-lib/es/core/structures"
"3f60f2b30a4feb381e47fca1bfbdefd969de9306","frontend/node_modules/pdf-lib/es/core/structures/PDFCatalog.js"
"3496f596519eee2ac69b2375fa178743746271dd","frontend/node_modules/pdf-lib/es/core/structures/PDFCatalog.js.map"
"f589bac953a6142b6cb3913fa94575c2144e7731","frontend/node_modules/pdf-lib/es/core/structures/PDFContentStream.js"
"eef8c7b2eb1f746a181f6be467edf562b3f079de","frontend/node_modules/pdf-lib/es/core/structures/PDFContentStream.js.map"
"9bfefe8fce151ad6a1462fc96a5ba1e01743ed49","frontend/node_modules/pdf-lib/es/core/structures/PDFCrossRefStream.js"
"05eeaf78e9f326913cdfadc5b5ba5e2ce66a88a1","frontend/node_modules/pdf-lib/es/core/structures/PDFCrossRefStream.js.map"
"4f79323de27404a3031d0dde3d11cfb5c4eadf94","frontend/node_modules/pdf-lib/es/core/structures/PDFFlateStream.js"
"1dc63d5b2b0ed294b169c12198f34cf936bd2925","frontend/node_modules/pdf-lib/es/core/structures/PDFFlateStream.js.map"
"fe2dab6979fcaac76dd1737e2eff52900c3895b6","frontend/node_modules/pdf-lib/es/core/structures/PDFObjectStream.js"
"3600259af483e9195b1052dd0458f3092eec5733","frontend/node_modules/pdf-lib/es/core/structures/PDFObjectStream.js.map"
"b45c30e6f12b65ba64650792daccca6a4effa0df","frontend/node_modules/pdf-lib/es/core/structures/PDFPageLeaf.js"
"72e509f044365e8d29e374bdc4d7a8d5d310c2f0","frontend/node_modules/pdf-lib/es/core/structures/PDFPageLeaf.js.map"
"8711c0811ca198c9092d09c3718c296eeea62750","frontend/node_modules/pdf-lib/es/core/structures/PDFPageTree.js"
"faf6c6f73c0c0e4826246db97b622efb0fbfd34e","frontend/node_modules/pdf-lib/es/core/structures/PDFPageTree.js.map"
"61035097fec62080eeeec8856eddfc5a759fceae","frontend/node_modules/pdf-lib/es/core/syntax"
"6ed63f759d7cd6713d4b75bf5f10d2eff34c3c13","frontend/node_modules/pdf-lib/es/core/syntax/CharCodes.js"
"f9b7fc5488340e99294fc43e5dd093e494539657","frontend/node_modules/pdf-lib/es/core/syntax/CharCodes.js.map"
"b015979b8ec90ca2dd193651bc0128ac3f3d8b9e","frontend/node_modules/pdf-lib/es/core/syntax/Delimiters.js"
"202aba3e6656ef92cf3230b616aef9df2193d872","frontend/node_modules/pdf-lib/es/core/syntax/Delimiters.js.map"
"93c578bec1b4a08aac9fad8f6594a991feda6403","frontend/node_modules/pdf-lib/es/core/syntax/Irregular.js"
"67366b7c0a4d9ae890210abff92740b55b97e43f","frontend/node_modules/pdf-lib/es/core/syntax/Irregular.js.map"
"1129d33c96fb870af2e6c408d242800bd5c67ecb","frontend/node_modules/pdf-lib/es/core/syntax/Keywords.js"
"3946a55ca456fc0d444a8703e2ec9a03f0331e27","frontend/node_modules/pdf-lib/es/core/syntax/Keywords.js.map"
"e098ec2abb7c6b546c0cdc50ca0e9f6be1f8dd5a","frontend/node_modules/pdf-lib/es/core/syntax/Numeric.js"
"c81ab8e8a01efb95a179d6d35d178fd253e5e4ff","frontend/node_modules/pdf-lib/es/core/syntax/Numeric.js.map"
"9a57d240eccd34e5ede3273779fb4b28115b51f0","frontend/node_modules/pdf-lib/es/core/syntax/Whitespace.js"
"85060e02ffb0511e486d6d17857c0a711dbc2f5d","frontend/node_modules/pdf-lib/es/core/syntax/Whitespace.js.map"
"087dd44d2a0a3a50632691d16478c7a714340e76","frontend/node_modules/pdf-lib/es/core/writers"
"e3b46068ede88ce1c82057718d055b76b8fe8d8c","frontend/node_modules/pdf-lib/es/core/writers/PDFStreamWriter.js"
"9eb390fc3aeb2d723e4720a8bd10d28de25164d9","frontend/node_modules/pdf-lib/es/core/writers/PDFStreamWriter.js.map"
"8639f65478908b25864c9a92e9d7e96ae15c7394","frontend/node_modules/pdf-lib/es/core/writers/PDFWriter.js"
"da9dcacea9313e72cddd14f822323fb34fb331ca","frontend/node_modules/pdf-lib/es/core/writers/PDFWriter.js.map"
"bbac766e2d5b1d36a1aea08d63e6b62448084a63","frontend/node_modules/pdf-lib/es/index.js"
"672cc919210ab8ec01c82ed48766be10cb2dfa25","frontend/node_modules/pdf-lib/es/index.js.map"
"46268dcb77820063f496bd5096a7cd558db958f9","frontend/node_modules/pdf-lib/es/types"
"cb6d3334b250d84f5ee2cb9cbf7fb34bc9ad06f3","frontend/node_modules/pdf-lib/es/types/fontkit.js"
"8332f84cff54c8a579505a0d44e210c1610ba878","frontend/node_modules/pdf-lib/es/types/index.js"
"8fdc21c394b18235983d58981d19539a033cff69","frontend/node_modules/pdf-lib/es/types/matrix.js"
"f59018982e8a570cfb4e61ab357372729f19331e","frontend/node_modules/pdf-lib/es/types/matrix.js.map"
"5aeff271968692787ce6c74fdc7c576178b3c94a","frontend/node_modules/pdf-lib/es/utils"
"fed14483f12137d8ab14e4a4ffd32a7dae87e433","frontend/node_modules/pdf-lib/es/utils/Cache.js"
"79194afaa5142f65a08e4bc0adbdfe08eb1595ed","frontend/node_modules/pdf-lib/es/utils/Cache.js.map"
"1a667d9bb0e6392cf80ed4e0f18543e9eb70ffa6","frontend/node_modules/pdf-lib/es/utils/arrays.d.ts"
"70f5ab5805ebdbbc0287577776cb37d292c21792","frontend/node_modules/pdf-lib/es/utils/arrays.js"
"a741ad355102ef9ec66780007b9197466a200cd2","frontend/node_modules/pdf-lib/es/utils/arrays.js.map"
"58c813c9acee803fbb0cbf93554c7357bc965cc9","frontend/node_modules/pdf-lib/es/utils/async.js"
"eba099c591cf7f65c5e1b9a20809277a32163a6e","frontend/node_modules/pdf-lib/es/utils/async.js.map"
"9bf8853ad72882da0007d539e7092ac86aa4d8a9","frontend/node_modules/pdf-lib/es/utils/base64.js"
"002eaf2bb97d7c06647d386814386430cd6f385b","frontend/node_modules/pdf-lib/es/utils/base64.js.map"
"83cd032e824660cc5b805c5087d7c65776c6820d","frontend/node_modules/pdf-lib/es/utils/errors.js"
"1227d06dc84e7688bb0f4b3d4362bca6d081c15b","frontend/node_modules/pdf-lib/es/utils/errors.js.map"
"5dba08e2ee828f159910a0a1ca452ac3e6e4f557","frontend/node_modules/pdf-lib/es/utils/index.js"
"e84da8dffee68ce4a2f08174a223ea6f96d556de","frontend/node_modules/pdf-lib/es/utils/index.js.map"
"9223c4f65af671fa9d1760a443418791c8c93a9f","frontend/node_modules/pdf-lib/es/utils/numbers.js"
"17bbd5c5793d7214257509b9926dd2b0cf0ed0db","frontend/node_modules/pdf-lib/es/utils/numbers.js.map"
"6650cb4642bb87642591897e664012760b58eb2f","frontend/node_modules/pdf-lib/es/utils/objects.js"
"afbd66599bc84167086a9cb1f57cae88dddd5d33","frontend/node_modules/pdf-lib/es/utils/objects.js.map"
"9b6bbe07d3f831baea073feafd7a84f8dcc13105","frontend/node_modules/pdf-lib/es/utils/pdfDocEncoding.js"
"d1a53842f5318fd7afb2aa750c675dcc278cced3","frontend/node_modules/pdf-lib/es/utils/pdfDocEncoding.js.map"
"91354240bbe02b8fb27dd0e6703e30b43970784e","frontend/node_modules/pdf-lib/es/utils/png.js"
"d969f24ff874f559d7c26630e88449274003d533","frontend/node_modules/pdf-lib/es/utils/png.js.map"
"a0ceebeedfc334c975abdb181b7c49470cc36203","frontend/node_modules/pdf-lib/es/utils/rng.js"
"145549d07b1bab3905c37353efd06210028ce2c7","frontend/node_modules/pdf-lib/es/utils/rng.js.map"
"f4130a8215cd620c0273415ef269a39b9f2a0e8f","frontend/node_modules/pdf-lib/es/utils/strings.js"
"50a38b430f22878ce1e019ec30e144df4941b350","frontend/node_modules/pdf-lib/es/utils/strings.js.map"
"1035450702a2c2d8544dd2b10a9ac2f690bb54e7","frontend/node_modules/pdf-lib/es/utils/unicode.js"
"808fd6f40e2d488589d32fc0e000ff68db492cbf","frontend/node_modules/pdf-lib/es/utils/unicode.js.map"
"13bd974f1eb0f8e5f15406c012ea15e71b781384","frontend/node_modules/pdf-lib/es/utils/validators.js"
"885bcf933fad68b86d7bfbbe6b7e09907647359a","frontend/node_modules/pdf-lib/es/utils/validators.js.map"
"090b03eacb80f58b8c4ae71752b2987909a51667","frontend/node_modules/pdf-lib/package.json"
"b83c28bfbec92f51c388cb4f04aca5d112da7641","frontend/node_modules/pdf-lib/src"
"47d0bd9665ae45ef2fd187220a8cbb892b27f25c","frontend/node_modules/pdf-lib/src/api"
"72c9ed7c347c6207cd28e8181060f63fdb5cca18","frontend/node_modules/pdf-lib/src/api/Embeddable.ts"
"e102368e23ca9d583c18180a11df5f27a9595aff","frontend/node_modules/pdf-lib/src/api/PDFDocument.ts"
"fc6430d5d555934f809ae9b2ae11f77e14de0b76","frontend/node_modules/pdf-lib/src/api/PDFDocumentOptions.ts"
"556fdcb3c3bd5302bf817e0dcf05b4b28cb39906","frontend/node_modules/pdf-lib/src/api/PDFEmbeddedFile.ts"
"9766f6a6ac9ab55305516246dffd54933852523d","frontend/node_modules/pdf-lib/src/api/PDFEmbeddedPage.ts"
"44274f0a0bbd50d91b15d284e8255ef6de2ea7f6","frontend/node_modules/pdf-lib/src/api/PDFFont.ts"
"54415055809961750f4d8b81da149e414d31c4b9","frontend/node_modules/pdf-lib/src/api/PDFImage.ts"
"8727d6d7c650d91fe71f65d35b3566a2d4c5b40c","frontend/node_modules/pdf-lib/src/api/PDFJavaScript.ts"
"7333440bd453f80d80e04dc35f0787b32a36f42f","frontend/node_modules/pdf-lib/src/api/PDFPage.ts"
"6ddd8357fab9c5410adb1fdb7cf4cf00d974a95a","frontend/node_modules/pdf-lib/src/api/PDFPageOptions.ts"
"f4f38eaae2c4b7ea402dcd9e1aeda50774f1b091","frontend/node_modules/pdf-lib/src/api/StandardFonts.ts"
"6f2988c8243207796189cebc0d10e434f948365a","frontend/node_modules/pdf-lib/src/api/colors.ts"
"e2b346780057a50381c3d1de5ad4cd9dea2556e5","frontend/node_modules/pdf-lib/src/api/errors.ts"
"664e65d2084b4d53da0634c76244437d0249c8ad","frontend/node_modules/pdf-lib/src/api/form"
"31f23ca166e8d225fe133a781b84462122cda407","frontend/node_modules/pdf-lib/src/api/form/PDFButton.ts"
"1060b427683f2f68d515a830228ee46a5c690119","frontend/node_modules/pdf-lib/src/api/form/PDFCheckBox.ts"
"27d9a7c3ea3f873adbe0e28c8a320f151fdc2bd0","frontend/node_modules/pdf-lib/src/api/form/PDFDropdown.ts"
"cd3b3efe4d13fc75776e131e9f068cbe5a9adeb5","frontend/node_modules/pdf-lib/src/api/form/PDFField.ts"
"e92c833fc1cd5dcc9f24ff676fbba494d5d46db3","frontend/node_modules/pdf-lib/src/api/form/PDFForm.ts"
"585c75d5e644f1e1bf45e60331d79c4d4bfc8a79","frontend/node_modules/pdf-lib/src/api/form/PDFOptionList.ts"
"26b5184bbe8a9fcad9032b02aeca52532702fa76","frontend/node_modules/pdf-lib/src/api/form/PDFRadioGroup.ts"
"83213b9fab289b810a2ae77849732ef9dcbb1dec","frontend/node_modules/pdf-lib/src/api/form/PDFSignature.ts"
"29543c8afc7782e92c7444517859df516a2d1a3b","frontend/node_modules/pdf-lib/src/api/form/PDFTextField.ts"
"4047a914225bd26672b6abe451037cd17472b621","frontend/node_modules/pdf-lib/src/api/form/appearances.ts"
"12127bee769a8e44191a547a239dd98c13eb0b82","frontend/node_modules/pdf-lib/src/api/form/index.ts"
"8da7a2157583d40e74ccedd2fe15e64805d2ed6f","frontend/node_modules/pdf-lib/src/api/image"
"9fcc1eecc6e85abea936fb7780694f2fa01e4aa0","frontend/node_modules/pdf-lib/src/api/image/alignment.ts"
"171a63fb829b6c596c6cf890e7475053d1c547b9","frontend/node_modules/pdf-lib/src/api/image/index.ts"
"677cd389ddbd4d4dea8efde7e7806887c947131a","frontend/node_modules/pdf-lib/src/api/index.ts"
"a6d4bbb7cd222c04aecf4ef6e317bdfedb75b093","frontend/node_modules/pdf-lib/src/api/objects.ts"
"0e46e6fdf7bdee6bc1f4f9f40ad3ea01c01590a5","frontend/node_modules/pdf-lib/src/api/operations.ts"
"62b5e3a24ffd13f3cff8fda7fecc497e93537386","frontend/node_modules/pdf-lib/src/api/operators.ts"
"bd727041ed07d806260c71788387d34396bbfe73","frontend/node_modules/pdf-lib/src/api/rotations.ts"
"063fdafc4a0f2e44907bebfd8142c6e946eedb32","frontend/node_modules/pdf-lib/src/api/sizes.ts"
"de0e91a5629e81f9b78c9d19682342396e0e273a","frontend/node_modules/pdf-lib/src/api/svgPath.ts"
"ebce6aa21d4242eb11a2a723ee2e0e2e3162cc1b","frontend/node_modules/pdf-lib/src/api/text"
"dec3377e0893cf8137c63947c15bba102f716051","frontend/node_modules/pdf-lib/src/api/text/alignment.ts"
"65ee8d41c5b176b92cc49c82bb89c76be426676e","frontend/node_modules/pdf-lib/src/api/text/index.ts"
"caf4b13d0e01dca66da736226bf85f84bdd327ec","frontend/node_modules/pdf-lib/src/api/text/layout.ts"
"f4817cb6e5caa046a3fa9c5561392fea2ae53ae7","frontend/node_modules/pdf-lib/src/core"
"0544aa214479193251be7370a733fb63a5c313cd","frontend/node_modules/pdf-lib/src/core/PDFContext.ts"
"0326ddccfabf6f31c2e25a928f9529c239319b8c","frontend/node_modules/pdf-lib/src/core/PDFObjectCopier.ts"
"10ac0142b63981c3a7aa801e5055c1645ebc7691","frontend/node_modules/pdf-lib/src/core/acroform"
"95417d6a8730b511c37119c9409addfc5535e58e","frontend/node_modules/pdf-lib/src/core/acroform/PDFAcroButton.ts"
"b1dc2bdb543d1de22c4583e2749aff5404e84733","frontend/node_modules/pdf-lib/src/core/acroform/PDFAcroCheckBox.ts"
"52e080745605fcba97fff1148af36129751ffd07","frontend/node_modules/pdf-lib/src/core/acroform/PDFAcroChoice.ts"
"32fd69a089c9ce6e97945fbe4639df08d2c2f281","frontend/node_modules/pdf-lib/src/core/acroform/PDFAcroComboBox.ts"
"9f4cd364ab585f369f335d755dc01f076cee64d5","frontend/node_modules/pdf-lib/src/core/acroform/PDFAcroField.ts"
"076a407d1e7d0d35cd20db90a1579f98009b4c7b","frontend/node_modules/pdf-lib/src/core/acroform/PDFAcroForm.ts"
"4cd5a665b7d5a2a24b9b44768130c06aa4b9d511","frontend/node_modules/pdf-lib/src/core/acroform/PDFAcroListBox.ts"
"59b13b7d04543c6ba140eb22f2b9334b9ceea0a7","frontend/node_modules/pdf-lib/src/core/acroform/PDFAcroNonTerminal.ts"
"67a9856119ffd1dba05a7ce24a6bd18b1d068603","frontend/node_modules/pdf-lib/src/core/acroform/PDFAcroPushButton.ts"
"6f8ecd6c271852981fdbc419dc26e2bed8aa8722","frontend/node_modules/pdf-lib/src/core/acroform/PDFAcroRadioButton.ts"
"8b7c1ca37ac3e9e4757431df6350c9d0a66d38c2","frontend/node_modules/pdf-lib/src/core/acroform/PDFAcroSignature.ts"
"8f307dbff4f1ca353b8d47caeb779c5a62242311","frontend/node_modules/pdf-lib/src/core/acroform/PDFAcroTerminal.ts"
"25171bc9da66a8ba22fa0193263f6d08c619dea1","frontend/node_modules/pdf-lib/src/core/acroform/PDFAcroText.ts"
"bcc8dcf50dd0f805dd91bb342acae98aa2f49b0f","frontend/node_modules/pdf-lib/src/core/acroform/flags.ts"
"25ee8ef045607920e868f8bc30985d1b090d1530","frontend/node_modules/pdf-lib/src/core/acroform/index.ts"
"9f051b6be6468a34afbbb010821b8650d29298a4","frontend/node_modules/pdf-lib/src/core/acroform/utils.ts"
"680829921a7788b2d28fb77be0560a8ccc6306a5","frontend/node_modules/pdf-lib/src/core/annotation"
"5e9ec23572c6a3a06c9ed98d9bcc69e5c6ff9989","frontend/node_modules/pdf-lib/src/core/annotation/AppearanceCharacteristics.ts"
"5ebc13b306bc210500681e65504420bc858edad4","frontend/node_modules/pdf-lib/src/core/annotation/BorderStyle.ts"
"d6225825144555ca0712dd8bda23a8b6201b9de9","frontend/node_modules/pdf-lib/src/core/annotation/PDFAnnotation.ts"
"c8790308145ad900dfd909c8b36c034132a16388","frontend/node_modules/pdf-lib/src/core/annotation/PDFWidgetAnnotation.ts"
"9730ecd4b6f636975f23eb60d1d1f84f660bbd8b","frontend/node_modules/pdf-lib/src/core/annotation/flags.ts"
"60b9d6d57ed731bff019b0c4bb817465db66a715","frontend/node_modules/pdf-lib/src/core/annotation/index.ts"
"d4c25c7e8cd0c2b7c6c0dc25d6251eae73ac639c","frontend/node_modules/pdf-lib/src/core/document"
"13bbab1efbdce3057aa3517f6012343e3824a85f","frontend/node_modules/pdf-lib/src/core/document/PDFCrossRefSection.ts"
"0ef16e73a682e8da28184ca1bccd71a1d399b463","frontend/node_modules/pdf-lib/src/core/document/PDFHeader.ts"
"c4292da9ef0f01c9f34bf78191d417dc427270d0","frontend/node_modules/pdf-lib/src/core/document/PDFTrailer.ts"
"80dcae9855496fbde7c02fbe4c9b512b6d0287e7","frontend/node_modules/pdf-lib/src/core/document/PDFTrailerDict.ts"
"e288dbbee5f8e81a97d768649ff632fd0b076630","frontend/node_modules/pdf-lib/src/core/embedders"
"e59acf301494c0d4197a31ec4ab61b8a37e4f279","frontend/node_modules/pdf-lib/src/core/embedders/CMap.ts"
"f8d215a6f3664c0e2a00eb93d70aba7faddd4eaf","frontend/node_modules/pdf-lib/src/core/embedders/CustomFontEmbedder.ts"
"bf80b1cf3b217c55dfc1fc73d86167bacc701f16","frontend/node_modules/pdf-lib/src/core/embedders/CustomFontSubsetEmbedder.ts"
"059d5d89d3c64ba745474dc3959ee89ca3cf7533","frontend/node_modules/pdf-lib/src/core/embedders/FileEmbedder.ts"
"57e0bc6d017ce4f68182d80faeac38ad7027ee3c","frontend/node_modules/pdf-lib/src/core/embedders/FontFlags.ts"
"b054601c53dd440841ecc5067308cbb9981c66cc","frontend/node_modules/pdf-lib/src/core/embedders/JavaScriptEmbedder.ts"
"94e6dc490d8985c734cf760048671d043e85031d","frontend/node_modules/pdf-lib/src/core/embedders/JpegEmbedder.ts"
"069cb35b2d1f123817a6576fb14c048d0ae2eebb","frontend/node_modules/pdf-lib/src/core/embedders/PDFPageEmbedder.ts"
"d01d4a71b946ddda66c2fbe083bfc999f9d84137","frontend/node_modules/pdf-lib/src/core/embedders/PngEmbedder.ts"
"8a3b710839fdba5c4b4e0ef3a872f6b731549ebd","frontend/node_modules/pdf-lib/src/core/embedders/StandardFontEmbedder.ts"
"f8374c48244391d78628afcb9c40ac393d3e33b4","frontend/node_modules/pdf-lib/src/core/errors.ts"
"8e2d38616c925db8dcd20cbe8bb23bbd5516ca3c","frontend/node_modules/pdf-lib/src/core/index.ts"
"93b7225946b63da3079e9111361726f18bf87bdb","frontend/node_modules/pdf-lib/src/core/interactive"
"f1148aea7d526b8e567bb21f36a6ffec719d4b72","frontend/node_modules/pdf-lib/src/core/interactive/ViewerPreferences.ts"
"3f478eb91689a6ff18e4cfc3f4f36f897c2c0d97","frontend/node_modules/pdf-lib/src/core/objects"
"a2124fb5c9f398a4b20c56436ad44ede702f2ffa","frontend/node_modules/pdf-lib/src/core/objects/PDFArray.ts"
"fc8264a0bcd1a363f33b3233bb124b7fa8a62d12","frontend/node_modules/pdf-lib/src/core/objects/PDFBool.ts"
"f7ba7c7ae5c44edcd342ef14413741833b46840a","frontend/node_modules/pdf-lib/src/core/objects/PDFDict.ts"
"8ddd7d4167f3a1adfc107dab8992863a5a8a5573","frontend/node_modules/pdf-lib/src/core/objects/PDFHexString.ts"
"ecf41cbbc1a2bff48c6257014a968333626bdb0e","frontend/node_modules/pdf-lib/src/core/objects/PDFInvalidObject.ts"
"86a04bc3479f809bc4669f6624715865e3ee3493","frontend/node_modules/pdf-lib/src/core/objects/PDFName.ts"
"36f3f29879592bce3806880efbcf7e17e4690327","frontend/node_modules/pdf-lib/src/core/objects/PDFNull.ts"
"33db2e696e545b4b82eab98329f79c314130cdd5","frontend/node_modules/pdf-lib/src/core/objects/PDFNumber.ts"
"625a9e7cfed8ad7ff710f0cbeff72024a997abc9","frontend/node_modules/pdf-lib/src/core/objects/PDFObject.ts"
"e867eba1f1820a29bcfa1916956585873bd6b4be","frontend/node_modules/pdf-lib/src/core/objects/PDFRawStream.ts"
"513f873d4faa1eef52f72764003951f5464ba542","frontend/node_modules/pdf-lib/src/core/objects/PDFRef.ts"
"c947c7fbeb530cbacee2494a7021de21f0f435bf","frontend/node_modules/pdf-lib/src/core/objects/PDFStream.ts"
"834f02d8e041afb705ff33e9c834f7967229fdff","frontend/node_modules/pdf-lib/src/core/objects/PDFString.ts"
"4bbc8499165644b260476cc01b7d000ade51a1ca","frontend/node_modules/pdf-lib/src/core/operators"
"e110dff652ce8eb2c14cf3a1a124ccdef09771d7","frontend/node_modules/pdf-lib/src/core/operators/PDFOperator.ts"
"53cc99a925ccbcb3a654dc12f09d4bec82ca132e","frontend/node_modules/pdf-lib/src/core/operators/PDFOperatorNames.ts"
"1147d2cac1480e4717f381902e9707c4c75c1613","frontend/node_modules/pdf-lib/src/core/parser"
"44e0bce16e66054001ee18063a60ea82d8167664","frontend/node_modules/pdf-lib/src/core/parser/BaseParser.ts"
"6098f4f84220ce34353ca9990da9316b0991e697","frontend/node_modules/pdf-lib/src/core/parser/ByteStream.ts"
"c51b59fd409c2c0b02e97744c9ab00f053df344b","frontend/node_modules/pdf-lib/src/core/parser/PDFObjectParser.ts"
"47dd043b26b6b1e0b80e903fddaf58eaff4354f3","frontend/node_modules/pdf-lib/src/core/parser/PDFObjectStreamParser.ts"
"5b5497e3f1237ff6842c45ddbb84dabc353e776d","frontend/node_modules/pdf-lib/src/core/parser/PDFParser.ts"
"e452d1152f2726b2497fa107c5174a44b4278e00","frontend/node_modules/pdf-lib/src/core/parser/PDFXRefStreamParser.ts"
"1720446a37dae01c982e28f1d7ebb9d46a22ab65","frontend/node_modules/pdf-lib/src/core/streams"
"3d0d84f5f23acc278eccad2497dbd4b5896417bf","frontend/node_modules/pdf-lib/src/core/streams/Ascii85Stream.ts"
"a782e22112e7d673430b143ba573db634024a6b1","frontend/node_modules/pdf-lib/src/core/streams/AsciiHexStream.ts"
"62dda11ceb9bf243e8401ebfa4bfb54716def826","frontend/node_modules/pdf-lib/src/core/streams/DecodeStream.ts"
"5b751375bcfdd551c1a27f59e4b97c45caa9fb96","frontend/node_modules/pdf-lib/src/core/streams/FlateStream.ts"
"c18738a47905b84c0240255db84da6cf77ae2b03","frontend/node_modules/pdf-lib/src/core/streams/LZWStream.ts"
"04821c80edf951e1744cbb24dcce2fcfd846da82","frontend/node_modules/pdf-lib/src/core/streams/RunLengthStream.ts"
"102e83553185943f7daa2086c2c6b1a461e93edb","frontend/node_modules/pdf-lib/src/core/streams/Stream.ts"
"c9bd689c00b943f8b7ddd85b3b2de4a71c00fb8f","frontend/node_modules/pdf-lib/src/core/streams/decode.ts"
"70faa9b1fbf684004d0e83a1f702ab322046827e","frontend/node_modules/pdf-lib/src/core/structures"
"93765f03c7636f244a46746b915a3909e7113f2d","frontend/node_modules/pdf-lib/src/core/structures/PDFCatalog.ts"
"8ba45f9e4bb7cd4096bd9e04446cfe19b489af42","frontend/node_modules/pdf-lib/src/core/structures/PDFContentStream.ts"
"b1aac5a2a8dfc0a2ba5e5c8822067c8f25660815","frontend/node_modules/pdf-lib/src/core/structures/PDFCrossRefStream.ts"
"4ef32cb5d642e7e20bc52bd367e8fa7007473d17","frontend/node_modules/pdf-lib/src/core/structures/PDFFlateStream.ts"
"d5b0df44c190366c52a48f0e9588d5ba47026300","frontend/node_modules/pdf-lib/src/core/structures/PDFObjectStream.ts"
"0015c5965e451aab1c9fc093ebb40c398e5cf2f9","frontend/node_modules/pdf-lib/src/core/structures/PDFPageLeaf.ts"
"a8368dcb2d49e7b992ad64a6b82b70eb8ce960d6","frontend/node_modules/pdf-lib/src/core/structures/PDFPageTree.ts"
"6f9766faec89dabe9851dc3e07f5c505465ede9b","frontend/node_modules/pdf-lib/src/core/syntax"
"bd24e392bac42e4a9186b3f57e474f3925130975","frontend/node_modules/pdf-lib/src/core/syntax/CharCodes.ts"
"36642bd02fd7c7da8b2bd9061423b0e0867305e8","frontend/node_modules/pdf-lib/src/core/syntax/Delimiters.ts"
"ea1932ba94d88f5b7c55a7b77982dd9f1d0dd2e9","frontend/node_modules/pdf-lib/src/core/syntax/Irregular.ts"
"12e2f957c74da759498a854bda3429276675b42e","frontend/node_modules/pdf-lib/src/core/syntax/Keywords.ts"
"35413ed4ac0bb158a8a753c8095f15c775406f61","frontend/node_modules/pdf-lib/src/core/syntax/Numeric.ts"
"4c640e641859b9e96e96a3ef53519590113c5b80","frontend/node_modules/pdf-lib/src/core/syntax/Whitespace.ts"
"190309386c4c965be6477118ab4a267dfd270310","frontend/node_modules/pdf-lib/src/core/writers"
"4761f8415d8cab4b49d10ac15148345e563e75c7","frontend/node_modules/pdf-lib/src/core/writers/PDFStreamWriter.ts"
"b9b21457bad988cdc9334c3f9799ebe37fde3bd9","frontend/node_modules/pdf-lib/src/core/writers/PDFWriter.ts"
"ef8785539209a8e6eb7907aa0e7c10ff5d850c3e","frontend/node_modules/pdf-lib/src/index.ts"
"fb9dd89f8b42beaddd45dd2a0165f53ac8c21e4f","frontend/node_modules/pdf-lib/src/types"
"24dee6eb29600f4916e322188c7fdd245ba084ab","frontend/node_modules/pdf-lib/src/types/fontkit.ts"
"74861dacac5bdcbc2e37bb5896fc979b9925afed","frontend/node_modules/pdf-lib/src/types/index.ts"
"25750ed6f6ba982dc8ed124520bbe0fbf2a0ee0c","frontend/node_modules/pdf-lib/src/types/matrix.ts"
"0baa9e4bd691c8a9d5d024f4bc0e00d1f845ab80","frontend/node_modules/pdf-lib/src/utils"
"43e29c0740fd25ff0a3234964862caef40a883e1","frontend/node_modules/pdf-lib/src/utils/Cache.ts"
"954f40049b296fc94a54ac3cd3f80e0d2a80dc45","frontend/node_modules/pdf-lib/src/utils/arrays.ts"
"aeb4313a15f401e4a018b0d02ea2a1b2600806ae","frontend/node_modules/pdf-lib/src/utils/async.ts"
"c862106cd6ef8dc018da9115c7d6471903c3af99","frontend/node_modules/pdf-lib/src/utils/base64.ts"
"f97e824e635710df120038268cadee3d6f478334","frontend/node_modules/pdf-lib/src/utils/errors.ts"
"dd674114c4fa320db1230ff5e3854eccd1e9f92a","frontend/node_modules/pdf-lib/src/utils/index.ts"
"aad0bb458e076b1e6e0b151740f822d7e2b5e381","frontend/node_modules/pdf-lib/src/utils/numbers.ts"
"1e0e54f6fb21eb0ed1385403b82ff85b4f6019ed","frontend/node_modules/pdf-lib/src/utils/objects.ts"
"1249dc5708160de8dff3f0823eb505d5ce1810b8","frontend/node_modules/pdf-lib/src/utils/pdfDocEncoding.ts"
"60aad74e50a6f4fe6bee8296ec03ad1189850e86","frontend/node_modules/pdf-lib/src/utils/png.ts"
"73aff2aab87c451e12873918c3686faec9af0c83","frontend/node_modules/pdf-lib/src/utils/rng.ts"
"56a000acaddae0a9c46e14ba679a01a014527f09","frontend/node_modules/pdf-lib/src/utils/strings.ts"
"9d1c55154961c32d11c73d7cf2ee93ebc535b291","frontend/node_modules/pdf-lib/src/utils/unicode.ts"
"f1d46e29ea810883b489094c33c84759dd61f1ff","frontend/node_modules/pdf-lib/src/utils/validators.ts"
"d76dea07efc5cee937521532dfdc47a3e12c46e7","frontend/node_modules/pdf-lib/ts3.4"
"adea1eb53630c40dfd691b3a6621575344a1861b","frontend/node_modules/pdf-lib/ts3.4/apps"
"ebd1001a52f7838c86477e8793aab5a8fe47d845","frontend/node_modules/pdf-lib/ts3.4/apps/deno"
"f857371dbfaf189625ba7614e8750123d4c8c4bc","frontend/node_modules/pdf-lib/ts3.4/apps/deno/dummy.d.ts"
"ae4d66e3f1b7ac04465ac045b357ebca13b5e84e","frontend/node_modules/pdf-lib/ts3.4/cjs"
"703fb8c7e34fea35fed715beaa3d6d2493fae898","frontend/node_modules/pdf-lib/ts3.4/cjs/api"
"3f1283598b99ad23def6b7e47364d480303e9535","frontend/node_modules/pdf-lib/ts3.4/cjs/api/Embeddable.d.ts"
"369de3c8135df5457664ff823da6e30b402e54fe","frontend/node_modules/pdf-lib/ts3.4/cjs/api/PDFDocument.d.ts"
"f902fd6e9ff1b93ac467e0bf21ad77ecbd32eb3f","frontend/node_modules/pdf-lib/ts3.4/cjs/api/PDFDocumentOptions.d.ts"
"555826af8e6001cc741d0260268e958202de9dee","frontend/node_modules/pdf-lib/ts3.4/cjs/api/PDFEmbeddedFile.d.ts"
"be54f8dfd31da629ed4ef582d444ae7660c58c0e","frontend/node_modules/pdf-lib/ts3.4/cjs/api/PDFEmbeddedPage.d.ts"
"eda2addc8ff11fcbc216851ffb9c4563065bcde2","frontend/node_modules/pdf-lib/ts3.4/cjs/api/PDFFont.d.ts"
"2ecf2f175fb949b5e6b35230438eb423a8ef35bb","frontend/node_modules/pdf-lib/ts3.4/cjs/api/PDFImage.d.ts"
"40e99ea6e83ac5a7ef585e2b5af5bbd538ce88b7","frontend/node_modules/pdf-lib/ts3.4/cjs/api/PDFJavaScript.d.ts"
"018dc156beefd2be39bf95f23c9d090d7a7f036f","frontend/node_modules/pdf-lib/ts3.4/cjs/api/PDFPage.d.ts"
"dae481cfbe8d6114838d0afdd761ad235a229177","frontend/node_modules/pdf-lib/ts3.4/cjs/api/PDFPageOptions.d.ts"
"c3395489eb6d1f2e0630eb1b29c077c244e8e15b","frontend/node_modules/pdf-lib/ts3.4/cjs/api/StandardFonts.d.ts"
"517b07f4ecc834ff10cfa1622b94edca8d943588","frontend/node_modules/pdf-lib/ts3.4/cjs/api/colors.d.ts"
"a1c84ec7c159e8c77f58b62615e145b85625baaa","frontend/node_modules/pdf-lib/ts3.4/cjs/api/errors.d.ts"
"064737bdbeabdcc7240595b26811e80ad600fe88","frontend/node_modules/pdf-lib/ts3.4/cjs/api/form"
"a738e539ac8b310b0d0321925a5598e6445d8ea4","frontend/node_modules/pdf-lib/ts3.4/cjs/api/form/PDFButton.d.ts"
"de14678815068d1a0ad99ab73b2b56e11f4db49e","frontend/node_modules/pdf-lib/ts3.4/cjs/api/form/PDFCheckBox.d.ts"
"96dbe4cd029048dd29c01b1ac11bb829f95b5c06","frontend/node_modules/pdf-lib/ts3.4/cjs/api/form/PDFDropdown.d.ts"
"22c6c24dc3d684dbd66cd444a439c70c46a5235f","frontend/node_modules/pdf-lib/ts3.4/cjs/api/form/PDFField.d.ts"
"b91be15e701fe66410c78ce71646af300e975c62","frontend/node_modules/pdf-lib/ts3.4/cjs/api/form/PDFForm.d.ts"
"c6d490ecfee4692ceac225d9bf4da8602af331d6","frontend/node_modules/pdf-lib/ts3.4/cjs/api/form/PDFOptionList.d.ts"
"c5c61357664b630e72dfe184d52a60f19589120d","frontend/node_modules/pdf-lib/ts3.4/cjs/api/form/PDFRadioGroup.d.ts"
"6b28a40ea25356bd14e12c6fc481a2ef810a4aef","frontend/node_modules/pdf-lib/ts3.4/cjs/api/form/PDFSignature.d.ts"
"6bbc661ecb1c1cbadb1c4bc2fed577bcad1f2693","frontend/node_modules/pdf-lib/ts3.4/cjs/api/form/PDFTextField.d.ts"
"62ff9e928ce98ba306a11bf2975e0530d6c05b82","frontend/node_modules/pdf-lib/ts3.4/cjs/api/form/appearances.d.ts"
"5fc83f481cb0db9650f58f9e3e810b6df23abfa5","frontend/node_modules/pdf-lib/ts3.4/cjs/api/form/index.d.ts"
"77f424a8c4423af04dd909cd9f3bfa0e6f42c64b","frontend/node_modules/pdf-lib/ts3.4/cjs/api/image"
"b46d7d76d5d40ae6eeea3b40fc1e1fb49ff3b559","frontend/node_modules/pdf-lib/ts3.4/cjs/api/image/alignment.d.ts"
"67a5caccefd1ad9aa8e4e380afdb937254084e07","frontend/node_modules/pdf-lib/ts3.4/cjs/api/image/index.d.ts"
"f0a740d61e808d17e716beeb227651f2cb54c663","frontend/node_modules/pdf-lib/ts3.4/cjs/api/index.d.ts"
"dcb505c251623763e33177889080fff1fe32db53","frontend/node_modules/pdf-lib/ts3.4/cjs/api/objects.d.ts"
"fccdf6d9cc262b0c447731f4bb57476334fa9b33","frontend/node_modules/pdf-lib/ts3.4/cjs/api/operations.d.ts"
"7391638adff0babeac1f7eb34392586a9c0d468b","frontend/node_modules/pdf-lib/ts3.4/cjs/api/operators.d.ts"
"ab677f8fc9d79e30c83a84e5a7a0424813cf4432","frontend/node_modules/pdf-lib/ts3.4/cjs/api/rotations.d.ts"
"1c956838149591298d6a2c1f0b4f7d375d460397","frontend/node_modules/pdf-lib/ts3.4/cjs/api/sizes.d.ts"
"630fcb7cbc358c845b6356cb355f3c53f6a211f8","frontend/node_modules/pdf-lib/ts3.4/cjs/api/svgPath.d.ts"
"aec5defd0ac68ee1657ccfe0b8cb5a53076da5a8","frontend/node_modules/pdf-lib/ts3.4/cjs/api/text"
"b8f9aa2e0c453c7c59c7de3631131c6cd870435c","frontend/node_modules/pdf-lib/ts3.4/cjs/api/text/alignment.d.ts"
"4d0a7d708d34ed78a5a9f597377ef42883506893","frontend/node_modules/pdf-lib/ts3.4/cjs/api/text/index.d.ts"
"75c71ee086e236678fe0de9ba7ab2b860016ad01","frontend/node_modules/pdf-lib/ts3.4/cjs/api/text/layout.d.ts"
"3dd5c6bfc82b17acad834945d02ddf03ae606cad","frontend/node_modules/pdf-lib/ts3.4/cjs/core"
"debcd1a81045778dddb2a5c7295675ad30d58f3b","frontend/node_modules/pdf-lib/ts3.4/cjs/core/PDFContext.d.ts"
"355f329c39f9688fc127e12a09630c6b64dfe245","frontend/node_modules/pdf-lib/ts3.4/cjs/core/PDFObjectCopier.d.ts"
"383e61203e930d507b9368cc5d9749167a759b81","frontend/node_modules/pdf-lib/ts3.4/cjs/core/acroform"
"a4a82b6de4edd9da47a3151ce389a5ca22f93789","frontend/node_modules/pdf-lib/ts3.4/cjs/core/acroform/PDFAcroButton.d.ts"
"1e99e035a8b753d63da307be17b1a19eb0d97013","frontend/node_modules/pdf-lib/ts3.4/cjs/core/acroform/PDFAcroCheckBox.d.ts"
"9f11c126124a92946021c840bf90b5b6079dfc23","frontend/node_modules/pdf-lib/ts3.4/cjs/core/acroform/PDFAcroChoice.d.ts"
"ca1db0ad4710844afc702ae79902286fa7bb028a","frontend/node_modules/pdf-lib/ts3.4/cjs/core/acroform/PDFAcroComboBox.d.ts"
"23cece7f080f00d5cff07d5eb36d0eca7be8b2f4","frontend/node_modules/pdf-lib/ts3.4/cjs/core/acroform/PDFAcroField.d.ts"
"a346219231f25ca7db43507a1fde5f365b8c1190","frontend/node_modules/pdf-lib/ts3.4/cjs/core/acroform/PDFAcroForm.d.ts"
"d9bc06680c0c743f7e85cca654a16324470c698e","frontend/node_modules/pdf-lib/ts3.4/cjs/core/acroform/PDFAcroListBox.d.ts"
"71ef8721dcbd0ade89142838d2d9ab502c47c76f","frontend/node_modules/pdf-lib/ts3.4/cjs/core/acroform/PDFAcroNonTerminal.d.ts"
"cfeae44a65ed2c30093aa2eff3ee8935292ea89e","frontend/node_modules/pdf-lib/ts3.4/cjs/core/acroform/PDFAcroPushButton.d.ts"
"4a3b45d33789d0286882e13058b7590184622677","frontend/node_modules/pdf-lib/ts3.4/cjs/core/acroform/PDFAcroRadioButton.d.ts"
"6d9924a12dd54aa504941791c6eefd397b04a3d2","frontend/node_modules/pdf-lib/ts3.4/cjs/core/acroform/PDFAcroSignature.d.ts"
"bb43b403d5cc8b8227f909a9f74fb8d5748a1eb8","frontend/node_modules/pdf-lib/ts3.4/cjs/core/acroform/PDFAcroTerminal.d.ts"
"ef7a2a6dfd7df9347d59b4d1be6d1a931bf34a3c","frontend/node_modules/pdf-lib/ts3.4/cjs/core/acroform/PDFAcroText.d.ts"
"e969d898690e1831011f19e2e222ff35fdf93f27","frontend/node_modules/pdf-lib/ts3.4/cjs/core/acroform/flags.d.ts"
"2b0e2b0bec1df37cc218eecfbd76e65479cc3884","frontend/node_modules/pdf-lib/ts3.4/cjs/core/acroform/index.d.ts"
"0700ff869a07bf7ce679713b0051fd8c59dc9d99","frontend/node_modules/pdf-lib/ts3.4/cjs/core/acroform/utils.d.ts"
"257978774e7127fdf14b9809610b66fbf378190a","frontend/node_modules/pdf-lib/ts3.4/cjs/core/annotation"
"71e8994f086e64aa471bf1690ea4e3f956b6b720","frontend/node_modules/pdf-lib/ts3.4/cjs/core/annotation/AppearanceCharacteristics.d.ts"
"61d06e737967f19ac63d278c463a255760ce2d30","frontend/node_modules/pdf-lib/ts3.4/cjs/core/annotation/BorderStyle.d.ts"
"e20dc736600c38112f22e54895936e982d53ba2e","frontend/node_modules/pdf-lib/ts3.4/cjs/core/annotation/PDFAnnotation.d.ts"
"efe7caaf24ad50ec11c9bf19b5c2ab6aca0a3553","frontend/node_modules/pdf-lib/ts3.4/cjs/core/annotation/PDFWidgetAnnotation.d.ts"
"1fc0951f807d54a32989e87ba45a6861b762d579","frontend/node_modules/pdf-lib/ts3.4/cjs/core/annotation/flags.d.ts"
"eb0e66e318869454174514d8ebee810e467c8646","frontend/node_modules/pdf-lib/ts3.4/cjs/core/annotation/index.d.ts"
"8c9129f3a221abbfdbac52db61670a8382cf62fb","frontend/node_modules/pdf-lib/ts3.4/cjs/core/document"
"a9559de614563bfc1212dd22f197c5f6f528516a","frontend/node_modules/pdf-lib/ts3.4/cjs/core/document/PDFCrossRefSection.d.ts"
"8a61354db14a58486d838afdc59fe76cc66afb23","frontend/node_modules/pdf-lib/ts3.4/cjs/core/document/PDFHeader.d.ts"
"4134807ff7d2ab45f60272f43cd63251b9aed3c1","frontend/node_modules/pdf-lib/ts3.4/cjs/core/document/PDFTrailer.d.ts"
"f20af6882a794966e55147dd85d2079f2137c98c","frontend/node_modules/pdf-lib/ts3.4/cjs/core/document/PDFTrailerDict.d.ts"
"a669640046328a8e98b5f9bb63ae92f11e7009d9","frontend/node_modules/pdf-lib/ts3.4/cjs/core/embedders"
"39db13e17d2689344b2c2baf228c766f075e1428","frontend/node_modules/pdf-lib/ts3.4/cjs/core/embedders/CMap.d.ts"
"c930fad9ad61ce2a521d125e201e626804c4b79e","frontend/node_modules/pdf-lib/ts3.4/cjs/core/embedders/CustomFontEmbedder.d.ts"
"df11615316193bbc9a7da42499d4b554d66a5667","frontend/node_modules/pdf-lib/ts3.4/cjs/core/embedders/CustomFontSubsetEmbedder.d.ts"
"4cf220d79e122d38a2839ef02d62702d4558f008","frontend/node_modules/pdf-lib/ts3.4/cjs/core/embedders/FileEmbedder.d.ts"
"b774a1d0e94de48ce88b9e74865209aa741de682","frontend/node_modules/pdf-lib/ts3.4/cjs/core/embedders/FontFlags.d.ts"
"d9fed09dafec1f28659bedeb4b8c2a60d18f8d35","frontend/node_modules/pdf-lib/ts3.4/cjs/core/embedders/JavaScriptEmbedder.d.ts"
"d553c23fd58d58999a832c83923d67ebcbf05dca","frontend/node_modules/pdf-lib/ts3.4/cjs/core/embedders/JpegEmbedder.d.ts"
"a2a1d7973e23e9876abca8002962c7dcb65613e8","frontend/node_modules/pdf-lib/ts3.4/cjs/core/embedders/PDFPageEmbedder.d.ts"
"6bec6dfa1675eae492b274e45e840ea99cb847f5","frontend/node_modules/pdf-lib/ts3.4/cjs/core/embedders/PngEmbedder.d.ts"
"0567f02f90aad9c42f6584e5621c9bc1643825c3","frontend/node_modules/pdf-lib/ts3.4/cjs/core/embedders/StandardFontEmbedder.d.ts"
"b8805e06b22605ee4aee9f28211dde754f28bc05","frontend/node_modules/pdf-lib/ts3.4/cjs/core/errors.d.ts"
"12540c80d8dcd243b3f4077cd1f7a24485b441e6","frontend/node_modules/pdf-lib/ts3.4/cjs/core/index.d.ts"
"67d0f001d5f859ad22cff7228cfacab6c334e156","frontend/node_modules/pdf-lib/ts3.4/cjs/core/interactive"
"584b586094c72bd5e067639df5a45ac43dedc2a1","frontend/node_modules/pdf-lib/ts3.4/cjs/core/interactive/ViewerPreferences.d.ts"
"677b350f0de8371ce810c6166838675c972b30b9","frontend/node_modules/pdf-lib/ts3.4/cjs/core/objects"
"fa8e7d0dcefaa9ddf6c9fc3f84b41ec12bcc80c5","frontend/node_modules/pdf-lib/ts3.4/cjs/core/objects/PDFArray.d.ts"
"db5b5ef72cff3341234eb12b6b8faea4f698f044","frontend/node_modules/pdf-lib/ts3.4/cjs/core/objects/PDFBool.d.ts"
"0828c467df46d8fc96e250c5a2c450a52db6df1c","frontend/node_modules/pdf-lib/ts3.4/cjs/core/objects/PDFDict.d.ts"
"dff450583fdf5475b474dcae47217a9e18d7a5dd","frontend/node_modules/pdf-lib/ts3.4/cjs/core/objects/PDFHexString.d.ts"
"4e61de91d4003664ac05082b8253abf9c08739f0","frontend/node_modules/pdf-lib/ts3.4/cjs/core/objects/PDFInvalidObject.d.ts"
"1270f07108357f4daab7bfe446d87fab31564a24","frontend/node_modules/pdf-lib/ts3.4/cjs/core/objects/PDFName.d.ts"
"36980ee24220c50319e3640476ca668854062131","frontend/node_modules/pdf-lib/ts3.4/cjs/core/objects/PDFNull.d.ts"
"3f1cd2ac874ae305c7445653f3daba7f1134d91c","frontend/node_modules/pdf-lib/ts3.4/cjs/core/objects/PDFNumber.d.ts"
"757912bfc9314a7ab4f423e4254b7776e7f4e25a","frontend/node_modules/pdf-lib/ts3.4/cjs/core/objects/PDFObject.d.ts"
"6373522f88b76b2a1e1c21557d6c9b2a2242e655","frontend/node_modules/pdf-lib/ts3.4/cjs/core/objects/PDFRawStream.d.ts"
"835073c6cd24605e5eb40589bf9939f1e2a3619b","frontend/node_modules/pdf-lib/ts3.4/cjs/core/objects/PDFRef.d.ts"
"0654202c804609eeb2dca98776535d8f3c25f266","frontend/node_modules/pdf-lib/ts3.4/cjs/core/objects/PDFStream.d.ts"
"6d520121bcfdc00677d987e11d343cdb371d37e1","frontend/node_modules/pdf-lib/ts3.4/cjs/core/objects/PDFString.d.ts"
"36295c2bfa8599941f5afb2443a3e0bab6777bec","frontend/node_modules/pdf-lib/ts3.4/cjs/core/operators"
"d07a88de158424e6667cf18ad51e812780f43e89","frontend/node_modules/pdf-lib/ts3.4/cjs/core/operators/PDFOperator.d.ts"
"6e64f808bfc5ceeeebd69a39f185869eb515a8a1","frontend/node_modules/pdf-lib/ts3.4/cjs/core/operators/PDFOperatorNames.d.ts"
"937b4c70dc87bf32abb82ce70e97f64c1e758b0d","frontend/node_modules/pdf-lib/ts3.4/cjs/core/parser"
"086c2a2717b051718634aa26c436c35df0e522a8","frontend/node_modules/pdf-lib/ts3.4/cjs/core/parser/BaseParser.d.ts"
"a10016d4010bcc2a08cefbc738e2b517dc55197e","frontend/node_modules/pdf-lib/ts3.4/cjs/core/parser/ByteStream.d.ts"
"34384c3279374d1dec4efe4a509d5bc90309e3bc","frontend/node_modules/pdf-lib/ts3.4/cjs/core/parser/PDFObjectParser.d.ts"
"1d2a99a4dc65d41625700be960eb9131a1bb58ed","frontend/node_modules/pdf-lib/ts3.4/cjs/core/parser/PDFObjectStreamParser.d.ts"
"ada91f7df99412c3f4fc24deed3548d5de124378","frontend/node_modules/pdf-lib/ts3.4/cjs/core/parser/PDFParser.d.ts"
"330e7d2cad2dc506d6e9274d5a5d3c71d633a7a0","frontend/node_modules/pdf-lib/ts3.4/cjs/core/parser/PDFXRefStreamParser.d.ts"
"622a947041133571f90cf62310cd8618446316b3","frontend/node_modules/pdf-lib/ts3.4/cjs/core/streams"
"20db792ce65fb60be3d0fa333ba46c1f03fadd27","frontend/node_modules/pdf-lib/ts3.4/cjs/core/streams/Ascii85Stream.d.ts"
"f3cc552e971959b66eb77a4bdd6c41250ec58eae","frontend/node_modules/pdf-lib/ts3.4/cjs/core/streams/AsciiHexStream.d.ts"
"e065a8e3776ac89ebe8199b61200aebdc59e6bd4","frontend/node_modules/pdf-lib/ts3.4/cjs/core/streams/DecodeStream.d.ts"
"8c945c72d2871336aea3c00566f79664c885d5f8","frontend/node_modules/pdf-lib/ts3.4/cjs/core/streams/FlateStream.d.ts"
"d223bea7f6280a36940c14efef207d04d14df279","frontend/node_modules/pdf-lib/ts3.4/cjs/core/streams/LZWStream.d.ts"
"b00d2cf97db765fc8b9e733b09bdd87d92529086","frontend/node_modules/pdf-lib/ts3.4/cjs/core/streams/RunLengthStream.d.ts"
"75dafad706b3e394a8a22d5b1d8df2c15439f731","frontend/node_modules/pdf-lib/ts3.4/cjs/core/streams/Stream.d.ts"
"0e4184424aa3efa03881b8d695943f11638c59b1","frontend/node_modules/pdf-lib/ts3.4/cjs/core/streams/decode.d.ts"
"0648756055566b7a66032d10a947a2062c9bc714","frontend/node_modules/pdf-lib/ts3.4/cjs/core/structures"
"9cd98f4e6e876e07247115ebf388442f07378354","frontend/node_modules/pdf-lib/ts3.4/cjs/core/structures/PDFCatalog.d.ts"
"a6286f19331f2fc398bdb717adcc0cb916570076","frontend/node_modules/pdf-lib/ts3.4/cjs/core/structures/PDFContentStream.d.ts"
"67fea9bb49515a6be8dae2fa684fabf03b012983","frontend/node_modules/pdf-lib/ts3.4/cjs/core/structures/PDFCrossRefStream.d.ts"
"db2c0932f7e5b777b044ca13d47ce372dfd6b0e3","frontend/node_modules/pdf-lib/ts3.4/cjs/core/structures/PDFFlateStream.d.ts"
"921f00e130eacf54cc0ecf15acabc08288f3ecb9","frontend/node_modules/pdf-lib/ts3.4/cjs/core/structures/PDFObjectStream.d.ts"
"4dc2b02132fa057e56219751dc68e0b2534cc117","frontend/node_modules/pdf-lib/ts3.4/cjs/core/structures/PDFPageLeaf.d.ts"
"e4511677ecbad24db49f953f831925c009bb955a","frontend/node_modules/pdf-lib/ts3.4/cjs/core/structures/PDFPageTree.d.ts"
"a171ebce896d94317eddae1c00a0ec4484b2f460","frontend/node_modules/pdf-lib/ts3.4/cjs/core/syntax"
"f3c0c0cba068490aa6f1f7844c9aaf8cae3050bf","frontend/node_modules/pdf-lib/ts3.4/cjs/core/syntax/CharCodes.d.ts"
"50726e57498fbe90ba9e295534c27896d8097aa2","frontend/node_modules/pdf-lib/ts3.4/cjs/core/syntax/Delimiters.d.ts"
"2be5003fe8201b893dd744d126278c12c6f3605f","frontend/node_modules/pdf-lib/ts3.4/cjs/core/syntax/Irregular.d.ts"
"9292fd74e5ccda2a94a725ecb3f25a67da6ea985","frontend/node_modules/pdf-lib/ts3.4/cjs/core/syntax/Keywords.d.ts"
"85009e121a160c9a9048549f70f94067ba2b4c5d","frontend/node_modules/pdf-lib/ts3.4/cjs/core/syntax/Numeric.d.ts"
"648702188c444773be785767a63b2b58e7f2bf15","frontend/node_modules/pdf-lib/ts3.4/cjs/core/syntax/Whitespace.d.ts"
"500b4b6c1036e95b565df358ce3c410d69c0a09c","frontend/node_modules/pdf-lib/ts3.4/cjs/core/writers"
"2106bcf7619fb3d028c84a86a3c9d10a2bd5479c","frontend/node_modules/pdf-lib/ts3.4/cjs/core/writers/PDFStreamWriter.d.ts"
"9ae84290943484fc77d10bb56659df289df3b75f","frontend/node_modules/pdf-lib/ts3.4/cjs/core/writers/PDFWriter.d.ts"
"d26c9124f83ed8e9f143d312c085da62f8d33e0c","frontend/node_modules/pdf-lib/ts3.4/cjs/index.d.ts"
"fc1ca4b9ee8bcaa68c9e31f129ba2935c01fa4d1","frontend/node_modules/pdf-lib/ts3.4/cjs/types"
"e2ff0f4b917aec7b7402c00199ebd92aa7bbdcca","frontend/node_modules/pdf-lib/ts3.4/cjs/types/fontkit.d.ts"
"949eda808795460d4985a494b5fa8067e1922a4a","frontend/node_modules/pdf-lib/ts3.4/cjs/types/index.d.ts"
"9111a0bf958b83eb6dc58a00c5e5ba818dd8cb4d","frontend/node_modules/pdf-lib/ts3.4/cjs/types/matrix.d.ts"
"8416cf401becd7d45b8119db5e45eb050a10c022","frontend/node_modules/pdf-lib/ts3.4/cjs/utils"
"e17df7d83d69cbcdc0573b4cb4f7c31bb5d182d7","frontend/node_modules/pdf-lib/ts3.4/cjs/utils/Cache.d.ts"
"4160797c69b451364b03b4c1cc2ad4213f4a66e5","frontend/node_modules/pdf-lib/ts3.4/cjs/utils/arrays.d.ts"
"3524a50755f64bcb4461b5aecef338842bd6b71f","frontend/node_modules/pdf-lib/ts3.4/cjs/utils/async.d.ts"
"908d715c9f9784e3113571d3d7fce50e63886584","frontend/node_modules/pdf-lib/ts3.4/cjs/utils/base64.d.ts"
"f9d4c8a94dca4ca94f3f67a18675a7aca6b7fb0f","frontend/node_modules/pdf-lib/ts3.4/cjs/utils/errors.d.ts"
"788da5e23f5a5ec1ae6b654a6c445bc076901d79","frontend/node_modules/pdf-lib/ts3.4/cjs/utils/index.d.ts"
"cc81997ed6bd027f10937671b39b0516518b4441","frontend/node_modules/pdf-lib/ts3.4/cjs/utils/numbers.d.ts"
"64b7bbc9fb1f4a694d8902363bc4c62e0019b955","frontend/node_modules/pdf-lib/ts3.4/cjs/utils/objects.d.ts"
"993aadb90913a9c130f4106672a7f55d6eaa9a9e","frontend/node_modules/pdf-lib/ts3.4/cjs/utils/pdfDocEncoding.d.ts"
"f8d731e000d725deecb8267dde9516a963551009","frontend/node_modules/pdf-lib/ts3.4/cjs/utils/png.d.ts"
"9c0f7e18c4ed166e34b6460ecb7bf5d1fddbc66e","frontend/node_modules/pdf-lib/ts3.4/cjs/utils/rng.d.ts"
"0c21ab2354b8f5a1d1ec1efba3cbd47417a5fcb3","frontend/node_modules/pdf-lib/ts3.4/cjs/utils/strings.d.ts"
"d77894f423229bc93bf8c0e31f80006199d6d7aa","frontend/node_modules/pdf-lib/ts3.4/cjs/utils/unicode.d.ts"
"718a4cd78df1facb7393ef9a40baa83777247170","frontend/node_modules/pdf-lib/ts3.4/cjs/utils/validators.d.ts"
"93f235df7a37d526798ab8a9cde6fd6eadfbc0dd","frontend/node_modules/pdf-lib/ts3.4/es"
"e45a8bcc81c7f176d9c6d83d38ad29c4447fe1dc","frontend/node_modules/pdf-lib/ts3.4/es/utils"
"6f157aef84da4276f7a93995f224eeedd801bf45","frontend/node_modules/pdf-lib/ts3.4/es/utils/arrays.d.ts"
"520d474b0be7106fb7f678e4d1d5b74faf4bc5d4","frontend/node_modules/pdf-lib/yarn.lock"
"a45e37ce6574f0ef35f1aa7fa75e7bb003ab5f74","frontend/node_modules/picocolors"
"46c9b95d4b83c8eba2d9ed406f49930a9fdaf3e3","frontend/node_modules/picocolors/LICENSE"
"8e47aa8eea126388d0773e7f86f91471eb5e2150","frontend/node_modules/picocolors/README.md"
"372d4b642cf553e8234986a22441cce3aea3d11f","frontend/node_modules/picocolors/package.json"
"9dcf637cda1ae2b7ed3281c42463da234ae91398","frontend/node_modules/picocolors/picocolors.browser.js"
"94e146a82221e527be835656549ddfb1b41fd0c9","frontend/node_modules/picocolors/picocolors.d.ts"
"e32df8548820fdf608b39331be07a8519a1b6c46","frontend/node_modules/picocolors/picocolors.js"
"cd1aec46792f4bdb4fd06aeabf1fd93c8b3f11ea","frontend/node_modules/picocolors/types.d.ts"
"3d54d134ab532eafc032ae4f18686ef4536b8e02","frontend/node_modules/picomatch"
"8ccc6c1bab0138d0d4da5e604fcb9608790b1692","frontend/node_modules/picomatch/CHANGELOG.md"
"b0526e28a319d84a5a7b654d5c93d87aab9350e3","frontend/node_modules/picomatch/README.md"
"eeb58bbaaf5ebce365524dc22c59a8ece0eedb79","frontend/node_modules/picomatch/lib"
"a62ef3879552505852ef3a7b9ebe15cdae5e52cf","frontend/node_modules/picomatch/lib/constants.js"
"58269d018dc9512349adbdbe0f14171b398d342a","frontend/node_modules/picomatch/lib/parse.js"
"782d809435a75989f2f3d7801f45b4fab398cb36","frontend/node_modules/picomatch/lib/picomatch.js"
"c3ca766a7bef961c6cc9c5b5e04c930aa05d7608","frontend/node_modules/picomatch/lib/utils.js"
"3db22d408f024ad3b0de10acc3a7c0ce4200c0e8","frontend/node_modules/picomatch/package.json"
"a226078b63abcec1fabb3410add6fdc726d472ea","frontend/node_modules/portfinder"
"d26f4a2b7629ca2ff178717cea02d674a9907b7f","frontend/node_modules/portfinder/LICENSE"
"160270a7bc440dc22eaeda3467515f16a4b1f2df","frontend/node_modules/portfinder/README.md"
"85d397c45bd0d1c40e4200979705fd2ce0cbe8bd","frontend/node_modules/portfinder/lib"
"93650cf8ce7a31298128d8f52dae72e7bcb68871","frontend/node_modules/portfinder/lib/portfinder.d.ts"
"9b16b1fe4bdee0a7c3f2e019e2f4bf1b7c3d4e81","frontend/node_modules/portfinder/lib/portfinder.js"
"b75c8e90a6c9297bbe78755e1aa87239d9284679","frontend/node_modules/portfinder/package.json"
"daa34759b21367280fdcbfc61a7f8d5201a5e77a","frontend/node_modules/punycode"
"a41e0a7ef970ecdd83d82cd99bda97b22077bc62","frontend/node_modules/punycode/LICENSE-MIT.txt"
"f611016b01a27ad709e837880d4ddc2f19331ff2","frontend/node_modules/punycode/README.md"
"b8b76fc76c2162104f066c6f2330a7cacdee4a72","frontend/node_modules/punycode/package.json"
"dadece25b35f595d717ec52adfc94d23d3b1edda","frontend/node_modules/punycode/punycode.es6.js"
"a1ef251924c81e2cf620132f7765058c690eeb6e","frontend/node_modules/punycode/punycode.js"
"ee5065b04e1b214bd105a292c34a730f0c3993fc","frontend/node_modules/readdirp"
"037cbb4e6952c1b92a9f76af95c7ce1da0ac7479","frontend/node_modules/readdirp/LICENSE"
"df8d32df25cfb766536c6596deed276d04f13e45","frontend/node_modules/readdirp/README.md"
"14b6382d27e38307fd6cd2641fc3b4fb4f19c9ca","frontend/node_modules/readdirp/esm"
"df939404f66d46db3c473bbd0a53b6a8fc7a716f","frontend/node_modules/readdirp/esm/index.d.ts"
"ae8ca782ccf9866de67e4b578a678559d4e0c365","frontend/node_modules/readdirp/esm/index.js"
"0e08e1372dd69e3189e4b7c9ef822eddc90ee52b","frontend/node_modules/readdirp/index.js"
"118177c05ed47add67bce3770de6e59c2c6adad2","frontend/node_modules/readdirp/package.json"
"5cbb8d97cf235d83d6729bc33b8b1c414e6b05f5","frontend/node_modules/resolve-path"
"ea4328aaaa202a4b5c8a9fe109460e8adc9a030a","frontend/node_modules/resolve-path/HISTORY.md"
"88e217bf95a79acebc06491529fc88d7a54a7189","frontend/node_modules/resolve-path/LICENSE"
"aaa8bd7414ce099c6b0afc6e684a9b3e14749473","frontend/node_modules/resolve-path/README.md"
"e889d9b6702e423ce2889b6add968de66d494c6f","frontend/node_modules/resolve-path/index.js"
"3d38d734fda7fa830f8af1ffa429e07ba901c586","frontend/node_modules/resolve-path/node_modules"
"c8955669782b4a44a8d925905f7480448af7fc54","frontend/node_modules/resolve-path/node_modules/http-errors"
"cba86e2df560b54f2b3a8a15830609b8ebbab5f0","frontend/node_modules/resolve-path/node_modules/http-errors/HISTORY.md"
"79663d82f6538f140724bbbe7862a0fc6b9b6cfe","frontend/node_modules/resolve-path/node_modules/http-errors/README.md"
"9509303ed44fb77de1f6c5c713c2e8032773a0af","frontend/node_modules/resolve-path/node_modules/http-errors/index.js"
"a8d28e4f1ac4d7b266db1de2a8356989133078fc","frontend/node_modules/resolve-path/node_modules/http-errors/package.json"
"be601dbad0c7735145b2fa190e67483f5e169348","frontend/node_modules/resolve-path/node_modules/setprototypeof"
"826bf029d966b554a740c689f6b147f1b3648c31","frontend/node_modules/resolve-path/node_modules/setprototypeof/README.md"
"93ea4176c6e770436959666cdd610778c975e989","frontend/node_modules/resolve-path/node_modules/setprototypeof/index.js"
"793c504ed6bc38905ba81289ec9a4ca34966862a","frontend/node_modules/resolve-path/node_modules/setprototypeof/package.json"
"1823da0fec67025ecbba5dd6ff0af2f4901fb085","frontend/node_modules/resolve-path/package.json"
"03e54a02cb275545107cdef5d7af921cd29b1651","frontend/node_modules/resolve"
"d63f0bb6cdfb9bff414b1493862deef1c385a5ec","frontend/node_modules/resolve/.editorconfig"
"60c73a586a6db4e6867b0daac09ce7e8631b0d33","frontend/node_modules/resolve/.eslintrc"
"cda7d14f16bbd8551f37003527898f692b66cd38","frontend/node_modules/resolve/.github"
"d9c05955459660bd6b6a972499502b8d09958220","frontend/node_modules/resolve/.github/FUNDING.yml"
"2777753e7c781c11f0f1f8ae63884f286382b21b","frontend/node_modules/resolve/.github/INCIDENT_RESPONSE_PROCESS.md"
"2952f698c8f0393b1dc9ef63ed6abe961d0fbe91","frontend/node_modules/resolve/.github/THREAT_MODEL.md"
"ff4fce28af33a4504d6960856a0bd603860a62e0","frontend/node_modules/resolve/LICENSE"
"ad2dc5b51aadf6a00772615f02d844da7eda496c","frontend/node_modules/resolve/SECURITY.md"
"f38c5813ebd04ab8bf6988cc0186b9f95433f7e2","frontend/node_modules/resolve/async.js"
"e75365d841446be8828a6e0f883caab7b9e8a4f2","frontend/node_modules/resolve/bin"
"21d1a87eec1fe1557a535fc0cdfd877908cb5c71","frontend/node_modules/resolve/bin/resolve"
"253d9260db8ee381ec9d8a6d8739d1f95faaba9a","frontend/node_modules/resolve/example"
"20e65dc281dbaa3947a1c5d1b1a0bc94167c2073","frontend/node_modules/resolve/example/async.js"
"54b2cc1004223d114e38bbd46fe9a0f5b73ca7e2","frontend/node_modules/resolve/example/sync.js"
"125d8146423596fa289ec4edf8e3c78ef92eb7c7","frontend/node_modules/resolve/index.js"
"a22194a31800d410a38196a2b9e6631028cc9457","frontend/node_modules/resolve/lib"
"7160c33dc9b8b838410e38f6cee82d72dc247475","frontend/node_modules/resolve/lib/async.js"
"b14a2804ae828a4c39c9f949611236cd6ef7a45d","frontend/node_modules/resolve/lib/caller.js"
"57b048f1386ff93b941e8d375d878041535f1964","frontend/node_modules/resolve/lib/core.js"
"5ffdf73bb336aea8649f285547a6f08f779a7be1","frontend/node_modules/resolve/lib/homedir.js"
"537f5c782ffe55c97e43920e8405856a9e828ada","frontend/node_modules/resolve/lib/is-core.js"
"81d02cacc5bd44cafe283e4df9899772feb3fce7","frontend/node_modules/resolve/lib/node-modules-paths.js"
"4b56904eaea72ba024f96728fff40e1be4af7df0","frontend/node_modules/resolve/lib/normalize-options.js"
"823be10502d1a16a30b9ee76f236113c94b1623f","frontend/node_modules/resolve/lib/sync.js"
"87563b388c77b29fd2dfb0fc5aa12657b34e6d2b","frontend/node_modules/resolve/package.json"
"ad34d60dd57771d805f0e6cf9f1104a63b98940d","frontend/node_modules/resolve/readme.markdown"
"cd0ee040177e92c676b1a063406c743289719bd0","frontend/node_modules/resolve/sync.js"
"a36e96fe2b76f031bd412a54433e39756641885b","frontend/node_modules/resolve/test"
"a477adc5ce2a4464362d617a21604b367a8d9718","frontend/node_modules/resolve/test/core.js"
"30806659be2ef27d410722636d6f79c8f8e999b0","frontend/node_modules/resolve/test/dotdot.js"
"dd08a9b0420c021f75af9909ee607198cb12d4fc","frontend/node_modules/resolve/test/dotdot"
"93325922e1257428703bac7a564d43182089e2ce","frontend/node_modules/resolve/test/dotdot/abc"
"67f2534ebf90dcc4c2c1c13ce3ab52c41f4d2ed9","frontend/node_modules/resolve/test/dotdot/abc/index.js"
"643f9fcc6a6a7cf025dcc86559e83d00b993ed96","frontend/node_modules/resolve/test/dotdot/index.js"
"5f2141a67267bceaf743ab292ca8e7bebb2b6bbc","frontend/node_modules/resolve/test/faulty_basedir.js"
"8f8cccdb2f59f3ea03a27151da52f73ed9f068de","frontend/node_modules/resolve/test/filter.js"
"8a43b9818973dfba95a2389f27e966ff4f315343","frontend/node_modules/resolve/test/filter_sync.js"
"3b8c9b32c87bd73fb2a3ec42494d13faae1594e4","frontend/node_modules/resolve/test/home_paths.js"
"5d2c56fd35d0a3ad072c3549f12695c93654aaed","frontend/node_modules/resolve/test/home_paths_sync.js"
"611627549889541b31e4eb8d8f9277871a452076","frontend/node_modules/resolve/test/mock.js"
"c5a7e2a98030d90cc256c9f4174eafdce395280d","frontend/node_modules/resolve/test/mock_sync.js"
"b50e5bb1751d69694deaae36d5f0bc6691498008","frontend/node_modules/resolve/test/module_dir.js"
"ac53484f1f1f33af28b8db560391e4dcfdb974cd","frontend/node_modules/resolve/test/module_dir"
"d77f312366197d3cf20b361cfc167253a6606aed","frontend/node_modules/resolve/test/module_dir/xmodules"
"1bf30147f2d5efd64eddaf803560b684a3aaf67c","frontend/node_modules/resolve/test/module_dir/xmodules/aaa"
"dd7cf7b2d022daae3c3f7628fcfb2f8bf186efac","frontend/node_modules/resolve/test/module_dir/xmodules/aaa/index.js"
"2b82153ffe8ef8f5c6334db193183fcce30bbe81","frontend/node_modules/resolve/test/module_dir/ymodules"
"e9dbe3dd52f8aa858a3b872b676a25094ea3952f","frontend/node_modules/resolve/test/module_dir/ymodules/aaa"
"ef2d4d4bf76e61fdfe16ef406c9752c6435138f3","frontend/node_modules/resolve/test/module_dir/ymodules/aaa/index.js"
"e04279a0c32a6b5c621faf38be659133ac6e047c","frontend/node_modules/resolve/test/module_dir/zmodules"
"f93ed0b308765427ecff927ccb72ead1ffbe4ce4","frontend/node_modules/resolve/test/module_dir/zmodules/bbb"
"e8ba629936a7ad11134ac826edfad2379759c7cb","frontend/node_modules/resolve/test/module_dir/zmodules/bbb/main.js"
"c13b8cf6acfd3344bc2c7969a31d930d933fdf22","frontend/node_modules/resolve/test/module_dir/zmodules/bbb/package.json"
"675441db2ced7b7facac9b7344fe8ea98c16e45b","frontend/node_modules/resolve/test/node-modules-paths.js"
"e463d6c8c313b3554d5d4e07643fea29cfa86c51","frontend/node_modules/resolve/test/node_path.js"
"a7c1a11eb3ebae53aebdc9db6e2723fa17aa1b73","frontend/node_modules/resolve/test/node_path"
"7919e292318aa8185ace4a3fdae35bbc45efb789","frontend/node_modules/resolve/test/node_path/x"
"4bc5bd17b3d553164b057a32e58e40d9acfbf43d","frontend/node_modules/resolve/test/node_path/x/aaa"
"ad70d0bb03f6f433224a681f9055fe9d0a388dfc","frontend/node_modules/resolve/test/node_path/x/aaa/index.js"
"8a79ba82df0320d6d7b548532ce542f641a28e07","frontend/node_modules/resolve/test/node_path/x/ccc"
"a64132e4c7e52cfea76744d826e99932e994c7c1","frontend/node_modules/resolve/test/node_path/x/ccc/index.js"
"be6a2f68b5098ed1f0b944287b35b190fbca112c","frontend/node_modules/resolve/test/node_path/y"
"e12c391943dddc154c857e7bcbe074c414f175b6","frontend/node_modules/resolve/test/node_path/y/bbb"
"4d0f32e24368185d6f3c16445f88b902329025d6","frontend/node_modules/resolve/test/node_path/y/bbb/index.js"
"1cfac9883e735e1a77ff9162feadd9e10b8aab3a","frontend/node_modules/resolve/test/node_path/y/ccc"
"793315e846687e1dd2bae012fc30676b2a421753","frontend/node_modules/resolve/test/node_path/y/ccc/index.js"
"ef63c40f9393dc63219d5e3debb7ed6db175c455","frontend/node_modules/resolve/test/nonstring.js"
"16519aeae51c4fb65b8ccdd69f303a2315358ef3","frontend/node_modules/resolve/test/pathfilter.js"
"198e28d6c60aef904a9da0608e2ef02006f02d97","frontend/node_modules/resolve/test/pathfilter"
"e4233f26b62bb359a7119413d271b5e517b1cb8e","frontend/node_modules/resolve/test/pathfilter/deep_ref"
"2febb598fbc06832ce5b076735cb9f79fb257c7c","frontend/node_modules/resolve/test/precedence.js"
"4616f5ded86b5b9580112e76874e6f35c7c76ed4","frontend/node_modules/resolve/test/precedence"
"b83a3e7ad98d17536ebc574326276c0fe341b99a","frontend/node_modules/resolve/test/precedence/aaa.js"
"1deba7a459866846cd77057fc3e3aec8fd43e328","frontend/node_modules/resolve/test/precedence/aaa"
"e0f8f6abf72f7fe517abf6c57fae219b831b1cc9","frontend/node_modules/resolve/test/precedence/aaa/index.js"
"93542a965e0ea4fa1a548dcb4491e1defd73afe0","frontend/node_modules/resolve/test/precedence/aaa/main.js"
"2298f47fdd16dcc8375b62d1a15109a5833da926","frontend/node_modules/resolve/test/precedence/bbb.js"
"24091ab8562d06e21d34bea23230e7e963fb7b3d","frontend/node_modules/resolve/test/precedence/bbb"
"716b81d4bd463f66980f3cb44588b283bfb23edc","frontend/node_modules/resolve/test/precedence/bbb/main.js"
"df8211af3af3d2059ce2a665e936390fcc4529a4","frontend/node_modules/resolve/test/resolver.js"
"4049891aeef5b320a963a010917f1b4530c3c189","frontend/node_modules/resolve/test/resolver"
"b41bb99bac3c77b47dd43d469d9bcac44d0f5532","frontend/node_modules/resolve/test/resolver/baz"
"2f77720b8672a0e2ed8b49636775335884cb3ec0","frontend/node_modules/resolve/test/resolver/baz/package.json"
"bd816eaba4ca3be8e4d68cfc0ae9f64b5aa712cc","frontend/node_modules/resolve/test/resolver/baz/quux.js"
"872a0b2f9875e9d0777337870a62d4e75b8ae5fc","frontend/node_modules/resolve/test/resolver/browser_field"
"bf406f0830f8aab6aaec9e3f60f1623fbe6854e6","frontend/node_modules/resolve/test/resolver/browser_field/package.json"
"8b137891791fe96927ad78e64b0aad7bded08bdc","frontend/node_modules/resolve/test/resolver/cup.coffee"
"bd3a4f1c85d9941db09db7554c1a950987335fd7","frontend/node_modules/resolve/test/resolver/dot_main"
"d7f4fc8079f60aaee820b293537b21d488a1bc31","frontend/node_modules/resolve/test/resolver/dot_main/package.json"
"b334ccee0ce6ef22ffad9e2354be86e725759b06","frontend/node_modules/resolve/test/resolver/dot_slash_main"
"f51287b9d1e739a8827578a541e89f7e91450615","frontend/node_modules/resolve/test/resolver/dot_slash_main/package.json"
"903de67d58eeaee83109b52bff00ed6e905f9c42","frontend/node_modules/resolve/test/resolver/false_main"
"a7416c0c7aa4a1df56419f92dcc7519836db8978","frontend/node_modules/resolve/test/resolver/false_main/package.json"
"ba4ab5082e8c6442f14608054c29b1b14047baf7","frontend/node_modules/resolve/test/resolver/incorrect_main"
"bc1fb0a6f4ede17ec05e767ca8ccacbc3015ff70","frontend/node_modules/resolve/test/resolver/incorrect_main/index.js"
"b7188041763f8a94977f173a26c41fdbf5f2effb","frontend/node_modules/resolve/test/resolver/incorrect_main/package.json"
"ae9a7db523e8fccfbafe480b12d3fe795f8bbad5","frontend/node_modules/resolve/test/resolver/invalid_main"
"0590748642ae2eadb17726ec3d1b501c94652277","frontend/node_modules/resolve/test/resolver/invalid_main/package.json"
"26a54c62aa8b7eca09f12952e8a67c72a3f06ad2","frontend/node_modules/resolve/test/resolver/multirepo"
"d6707ca0cd64d48d212b90abe2e72f24b092572f","frontend/node_modules/resolve/test/resolver/multirepo/lerna.json"
"4391d392ea2761caea4d8286cc8ccc56cfa3e4a5","frontend/node_modules/resolve/test/resolver/multirepo/package.json"
"cf262b926f3926a238936f4513bc9a2d9cda4357","frontend/node_modules/resolve/test/resolver/multirepo/packages"
"582d3ebdee310991d266188541e90d18a7359d6b","frontend/node_modules/resolve/test/resolver/multirepo/packages/package-a"
"8875a32df0ffc4eda94bb6c6dd9855ac604820c4","frontend/node_modules/resolve/test/resolver/multirepo/packages/package-a/index.js"
"204de51e05878b3451223ba654c5e4a790ef1e51","frontend/node_modules/resolve/test/resolver/multirepo/packages/package-a/package.json"
"b79fe509c054a78e717d9adc72fe34cd2e2f9b67","frontend/node_modules/resolve/test/resolver/multirepo/packages/package-b"
"f57c3b5f5e454d3948e1a4bc5aec10fdcd79d8b5","frontend/node_modules/resolve/test/resolver/multirepo/packages/package-b/package.json"
"ea414d1be4d0851e8d538f4a574357b3d21b5088","frontend/node_modules/resolve/test/resolver/nested_symlinks"
"76e0ddd7aec7a0125bad74ca2d76a69d6bde3e92","frontend/node_modules/resolve/test/resolver/nested_symlinks/mylib"
"9b4846a82a77be169097f041f791070732229cb7","frontend/node_modules/resolve/test/resolver/nested_symlinks/mylib/async.js"
"acfe9e9517720ab5532c247052fadb214c5ffef3","frontend/node_modules/resolve/test/resolver/nested_symlinks/mylib/package.json"
"3283efc2ec81f8d2a62be9a1fd28a192403ce549","frontend/node_modules/resolve/test/resolver/nested_symlinks/mylib/sync.js"
"01622a46427607753e3ead9db81aa980ca702b33","frontend/node_modules/resolve/test/resolver/other_path"
"8b8c249ec20f048d78bfa2972eed5847ac6b1103","frontend/node_modules/resolve/test/resolver/other_path/lib"
"a71db98d4e9cd54b73748f6c3e16a77925fde7d9","frontend/node_modules/resolve/test/resolver/quux"
"b94d2d7ec9156addc1588c69f8cf867dd609b009","frontend/node_modules/resolve/test/resolver/quux/foo"
"5f64d4f8576a93f760785e2d643a47b4635e4265","frontend/node_modules/resolve/test/resolver/same_names"
"888cae37af95c51299d735439cf896dc4d5aaafc","frontend/node_modules/resolve/test/resolver/same_names/foo.js"
"1f4bbd5755887b4c06a6bd85d0672837e5d01061","frontend/node_modules/resolve/test/resolver/symlinked"
"4abe78758666d3346a83aa4d89387768ee932cd1","frontend/node_modules/resolve/test/resolver/symlinked/_"
"094b6663aad48339078d8acfeed35e3a878e6e8f","frontend/node_modules/resolve/test/resolver/symlinked/_/node_modules"
"d564d0bc3dd917926892c55e3706cc116d5b165e","frontend/node_modules/resolve/test/resolver/symlinked/_/symlink_target"
"6f6e5d390f2ba5ed35f32221d479192fdfdd6e80","frontend/node_modules/resolve/test/resolver/symlinked/package"
"cb1c2c01e753b31f6e550e991a82022f7acf8638","frontend/node_modules/resolve/test/resolver/symlinked/package/bar.js"
"8e1b585914a7b46cd21d5d8709ac08bc1fe84962","frontend/node_modules/resolve/test/resolver/symlinked/package/package.json"
"19564023b134dbd11a9fe5cd2c9c6a5d0417103a","frontend/node_modules/resolve/test/resolver/without_basedir"
"5b31975be69da5efea03fac676afa5f2199831be","frontend/node_modules/resolve/test/resolver/without_basedir/main.js"
"a6df8ced4682af11914d60c7a6a96b8a33ab438b","frontend/node_modules/resolve/test/resolver_sync.js"
"3a5f4fcff728f305c2d3d17a416fea4cbfe31f6b","frontend/node_modules/resolve/test/shadowed_core.js"
"55ec440ff8373fa2aece82123b37049d56bb2c38","frontend/node_modules/resolve/test/shadowed_core"
"02e09ca16043da349f6a22fb775ab800f3c6f218","frontend/node_modules/resolve/test/shadowed_core/node_modules"
"b0d4a6557ac193f35307a77ee4a6ed14bebbe028","frontend/node_modules/resolve/test/shadowed_core/node_modules/util"
"b7b8450a9ef231940eca37b8fe951310147a9470","frontend/node_modules/resolve/test/subdirs.js"
"35f881afb8c7e043567cf85953d9046c011cec3d","frontend/node_modules/resolve/test/symlinks.js"
"edcc167769b7276f54a18aade1d98ab7c50713a7","frontend/node_modules/rollup"
"7b806824370697048284c1726fc4d1b567bfea68","frontend/node_modules/rollup/LICENSE.md"
"0c4fe959efe87652e32e26b655af02e615201e33","frontend/node_modules/rollup/README.md"
"704c7848de89af1baeebcb7714d585d40fba451f","frontend/node_modules/rollup/dist"
"2312d5a2fe994c1ecc51f681667d5508dda8c2cc","frontend/node_modules/rollup/dist/bin"
"d28ce3128a88a68e859ef93470c765b8e4c284d7","frontend/node_modules/rollup/dist/bin/rollup"
"4ee0155d69549bf93c374c32ac8209fd252e96c2","frontend/node_modules/rollup/dist/es"
"1781bf65a7c6cf1346fd5d9624bf8d1477bbf52d","frontend/node_modules/rollup/dist/es/getLogFilter.js"
"ba16e7dd4a95ca231192ace24f12a119f04794a4","frontend/node_modules/rollup/dist/es/parseAst.js"
"162f6d28a1a58fabdc8b2a94af937852ff01e2d6","frontend/node_modules/rollup/dist/es/rollup.js"
"d641e93fde669c05e665c4dbaaf60833de9acd2f","frontend/node_modules/rollup/dist/es/shared"
"3411eac1e50ed4a00e218ed39786e0baa3ca4657","frontend/node_modules/rollup/dist/es/shared/node-entry.js"
"9833a284f08472806e14e63a8d705094d9fb2ddf","frontend/node_modules/rollup/dist/es/shared/parseAst.js"
"001dcffab0499db4633799cb1417c3b0832fac7f","frontend/node_modules/rollup/dist/es/shared/watch.js"
"cc75d624984f02837cf02d6e0bb4c5367c79de6c","frontend/node_modules/rollup/dist/getLogFilter.d.ts"
"942b90faf50fc495d7f00465f18d1309b0bc5d12","frontend/node_modules/rollup/dist/getLogFilter.js"
"4306b09cce14fcf4a9c0b88420601e0f503d2fc7","frontend/node_modules/rollup/dist/loadConfigFile.d.ts"
"43b4f56b3ebb0309f616ed67d5f78764cbbd209b","frontend/node_modules/rollup/dist/loadConfigFile.js"
"c5a65c3edb4663769b8d8e63fe81d7b0d33a71c5","frontend/node_modules/rollup/dist/native.js"
"4d64dac5f86cbed6a73d115801f2ccde69bdc472","frontend/node_modules/rollup/dist/parseAst.d.ts"
"c7c22062325a472a9554b59256b0263a6169d2d8","frontend/node_modules/rollup/dist/parseAst.js"
"6c5191092ba45073b0068b0cb6fcbc31b0148f01","frontend/node_modules/rollup/dist/rollup.d.ts"
"86b6d6a66cc358668744029bfb48e9996d4efe27","frontend/node_modules/rollup/dist/rollup.js"
"5a50f26155d807e236c11ba2a97ce6c47ae36d2b","frontend/node_modules/rollup/dist/shared"
"6f294cac0537bdd3317246a2ec5d3b1148140e45","frontend/node_modules/rollup/dist/shared/fsevents-importer.js"
"7a0b55d0af698c2697e2a321cad972212f542a42","frontend/node_modules/rollup/dist/shared/index.js"
"040f7e2eaa5426bd3e9e95d41f5cbefea82eb905","frontend/node_modules/rollup/dist/shared/loadConfigFile.js"
"3072311f879b7c378122d6feccaf677989b31870","frontend/node_modules/rollup/dist/shared/parseAst.js"
"8cd1cb57b54e777a59b6777e435bd21ab5fa2551","frontend/node_modules/rollup/dist/shared/rollup.js"
"437194384f380ebd52609c42bc74b64b895b08bc","frontend/node_modules/rollup/dist/shared/watch-cli.js"
"ad646f5f8546e9cd75d64cf48854597c37bea61b","frontend/node_modules/rollup/dist/shared/watch.js"
"9ff8b7459e4a8f92cdff2ba4d60445e9062c096f","frontend/node_modules/rollup/package.json"
"fe8594ee023464ba5acbea2059c3d93d0075d091","frontend/node_modules/safe-regex-test"
"ff89be3cc8eed9586cdb0174825afe4edc29c566","frontend/node_modules/safe-regex-test/.eslintrc"
"62b1e0905d90776db5e01712adb6d3e111d4463a","frontend/node_modules/safe-regex-test/.github"
"ef4a2679821bd749a7a4063dc5973db4cce70df2","frontend/node_modules/safe-regex-test/.github/FUNDING.yml"
"8ed1eb473839afe75eebedde870d6fce06e2f3cf","frontend/node_modules/safe-regex-test/CHANGELOG.md"
"fca66d436bccf7502a16e6ad269ee334e46a7f52","frontend/node_modules/safe-regex-test/README.md"
"a1267e44f668195b89b68c6950e20773c57b2c46","frontend/node_modules/safe-regex-test/index.d.ts"
"bf751bc3dda0a7a06054b7f8762e6dd7e9f3618c","frontend/node_modules/safe-regex-test/index.js"
"f8f982ebb53ff55174e99cba0ebb286711914acd","frontend/node_modules/safe-regex-test/package.json"
"1b224bdb1524662c38e4cfcf7f53d3c47ad0d01a","frontend/node_modules/safe-regex-test/test"
"6420e0771a3070a82ad03d6a227e78ce2f0ebdc7","frontend/node_modules/safe-regex-test/test/index.js"
"6c2a8a0b95f9fcd636ae49c6331cc3a3ad2b4cc7","frontend/node_modules/safe-regex-test/tsconfig.json"
"dd66875e812f5c113da87aaa85d539644635286c","frontend/node_modules/shebang-command"
"f35db30851c777b62df472eae9fb8e1e658b2095","frontend/node_modules/shebang-command/index.js"
"db6bc32cc7c44e86102035b2fb75ba8d05123f3f","frontend/node_modules/shebang-command/license"
"18e3c04638cb6825284a0e0fa6ff81997db8fc42","frontend/node_modules/shebang-command/package.json"
"84feb442d746f32b40f258c7efd7aad92cb23a15","frontend/node_modules/shebang-command/readme.md"
"2791655ae1429167f52a7c2bdbec40ca0c9041d9","frontend/node_modules/shebang-regex"
"61d034b31eb8fc9baf1eda2bfbf804cb0a47ec1f","frontend/node_modules/shebang-regex/index.d.ts"
"63fc4a0b678909ba66c6dac127a64b0836bbd67d","frontend/node_modules/shebang-regex/index.js"
"00ab30feeefe8968eda2be6808633384dc74cc46","frontend/node_modules/shebang-regex/package.json"
"5ecf863aa35ab36852cfe6be6d78ccc9be546113","frontend/node_modules/shebang-regex/readme.md"
"30e87e355268a35dd765700a84bb22961eaded44","frontend/node_modules/signal-exit"
"eead04a12162dc336a2d5029bc5101c9e430aa21","frontend/node_modules/signal-exit/LICENSE.txt"
"f9c7c007d550d035f81a0c310b179fee771274b1","frontend/node_modules/signal-exit/README.md"
"93703f369265c6771ae720335b27b2014049bea5","frontend/node_modules/signal-exit/index.js"
"e1a00311f9fbe5bff5ccc01bd1d5fdbff12c34f6","frontend/node_modules/signal-exit/package.json"
"3bd67a8a554e30dddb9854997ab9485ac01e90dc","frontend/node_modules/signal-exit/signals.js"
"67b561a9a401ef19e91398dc900fa1ee41e818f5","frontend/node_modules/statuses"
"a1977b297d754b7926ed31eb4434b536c0dc1a8d","frontend/node_modules/statuses/HISTORY.md"
"0fe5720dbee18484942ab0f3a81782c8275abc48","frontend/node_modules/statuses/README.md"
"a09283a2784dbbfd1f6b6c8270e2498f8cf82817","frontend/node_modules/statuses/codes.json"
"4df469a05d1a293ac67077f149f17b24ff49d2b1","frontend/node_modules/statuses/index.js"
"7595e2bad8e4e2eedaaa8bfda64f97040d60014f","frontend/node_modules/statuses/package.json"
"5da6a6ed1cbab381f49389e745aa916fe867c56e","frontend/node_modules/strip-final-newline"
"78fc0c5939fa14c8c72105af6f62237764698adf","frontend/node_modules/strip-final-newline/index.js"
"d9f2a6c5220b5b170309c10b8fc1dfb4ba7c0a2d","frontend/node_modules/strip-final-newline/package.json"
"32dfd5090403b50aee0b34a548c97b7e62da7bfb","frontend/node_modules/strip-final-newline/readme.md"
"78c36378a33b9131129a40d585fd9c7d61dd84fc","frontend/node_modules/supports-color"
"62afa3a7425dc6a1eeafd1333afc15d429c5d10d","frontend/node_modules/supports-color/browser.js"
"6fada390fb88d8e1dae3454216aa3995141a1785","frontend/node_modules/supports-color/index.js"
"f7182edcea2baa8778219d4aab2c0c1b21f1a30a","frontend/node_modules/supports-color/package.json"
"36542285863330887923979b4c00579738907d49","frontend/node_modules/supports-color/readme.md"
"3208a5b13777a0dd27a0e419cabe1df042c990a8","frontend/node_modules/supports-preserve-symlinks-flag"
"346ffeca87d3784723773d39f9e52b8c6d12f8c3","frontend/node_modules/supports-preserve-symlinks-flag/.eslintrc"
"7e0bb58c79cb5670beb8aa97a90fee8bc12ac1a1","frontend/node_modules/supports-preserve-symlinks-flag/.github"
"e8d64f37e5fc43885727dc3d086050af7dcc4bb1","frontend/node_modules/supports-preserve-symlinks-flag/.github/FUNDING.yml"
"61f607f4894beba4e0693c72a6446bf3497bb318","frontend/node_modules/supports-preserve-symlinks-flag/CHANGELOG.md"
"2e7b9a3eacf263cb418f4c16b087290ef78c39b2","frontend/node_modules/supports-preserve-symlinks-flag/LICENSE"
"eb05b124ca68ba0312c98834f282a2cd6ce568b5","frontend/node_modules/supports-preserve-symlinks-flag/README.md"
"087be1fe9fda8930ca66a68204bd0112b9d8710b","frontend/node_modules/supports-preserve-symlinks-flag/browser.js"
"86fd5d331c4a4d44e9a92d46fbb637165cea78d5","frontend/node_modules/supports-preserve-symlinks-flag/index.js"
"56edadcaad850fa1f348aeb0988e98d16eb14a84","frontend/node_modules/supports-preserve-symlinks-flag/package.json"
"0efc46859301d4a2aa64f429b714d890bc332ae0","frontend/node_modules/supports-preserve-symlinks-flag/test"
"9938d671691790a75bacefc6100b39d6e4ab937a","frontend/node_modules/supports-preserve-symlinks-flag/test/index.js"
"cf785b647e3e8474d06c3198fc9adaeed63b48f2","frontend/node_modules/table-layout"
"2cb380981bb1acd2920298e05475e9abdfec0570","frontend/node_modules/table-layout/README.md"
"f38b50540e352fcbda13e4718fa9ae740daa9400","frontend/node_modules/table-layout/dist"
"d1a0b70707459d59be0f6fbff2ecb29c28b8e25f","frontend/node_modules/table-layout/dist/index.cjs"
"2103ea118481805186515d390db4f4cd3252add8","frontend/node_modules/table-layout/dist/index.mjs"
"dff374620dfda70f73c994296889ff0f528c27c7","frontend/node_modules/table-layout/index.js"
"46510e97a7757ddd46301be24afe5fffb0003138","frontend/node_modules/table-layout/lib"
"b35ddebfe17d1f47095a169eefa336c1e548680f","frontend/node_modules/table-layout/lib/ansi.js"
"37aec5457d2e95e2f5664f5f3c61cfd7444fedaa","frontend/node_modules/table-layout/lib/cell.js"
"c1b891526300e023aa15624093ef2421b7508531","frontend/node_modules/table-layout/lib/column.js"
"0bc996a0ef1b7d791a8d055b80b59aceb7d1a1fa","frontend/node_modules/table-layout/lib/columns.js"
"5f8d382d446d9e100f3f95a24d57ad75865a7ea1","frontend/node_modules/table-layout/lib/padding.js"
"2ad0ec98356fc3ec5128b8009d199018bef15013","frontend/node_modules/table-layout/lib/rows.js"
"7047205b66039ec1c20c131d72f2534604bd7ff1","frontend/node_modules/table-layout/lib/util.js"
"9e910ebd6818df1a6216f92de3fa6c8636c9defd","frontend/node_modules/table-layout/node_modules"
"a1facbde7991387bd0060d1a1bbf13c6c2a1dea3","frontend/node_modules/table-layout/package.json"
"95970d72f8d8b390986f5f8140d590c2b3995058","frontend/node_modules/tr46"
"62c0de28a830d3ae3a006c9e1e7df19067e409a7","frontend/node_modules/tr46/LICENSE.md"
"7bd9ffda03f883c787a68e6fd1b7870f438457a2","frontend/node_modules/tr46/README.md"
"9e53f0580b47260d8d272fa832d50f61589656e3","frontend/node_modules/tr46/index.js"
"5d6f0170b4c0a92873da70e4c4ea37e7aa4d526b","frontend/node_modules/tr46/lib"
"30d29181d953c4383b48d06d14633848af040cbc","frontend/node_modules/tr46/lib/mappingTable.json"
"08cabf53e7e8c2efcaac9baffbb99ec85d84e0a9","frontend/node_modules/tr46/lib/regexes.js"
"e5399be4ab73c9d4a9934f8b0c3f84588828ff2b","frontend/node_modules/tr46/lib/statusMapping.js"
"bf5560a48a2446b1d314cdf9c7b48cc04c1613c0","frontend/node_modules/tr46/package.json"
"65d2f78e943ba138741697503c424126aec1c773","frontend/node_modules/tslib"
"2e4a05cf504edf931377cf8ed73204097ce94dda","frontend/node_modules/tslib/CopyrightNotice.txt"
"fa7d1bdf94d541b1754132c52ec3868d1fe4cdaf","frontend/node_modules/tslib/LICENSE.txt"
"a7ee5aa2ca9517cc853a44eb2ba6b7be17a0da25","frontend/node_modules/tslib/README.md"
"4dbdd6470813ff3a2b928f56e637cc752bbe3d4a","frontend/node_modules/tslib/modules"
"c2b6149867edd56494f5aec2f37c6b9cfa9a8c36","frontend/node_modules/tslib/modules/index.js"
"96ae6e57eb3980436bae7749ddbdca84b4978cc2","frontend/node_modules/tslib/modules/package.json"
"f8c2a53d0ffb46eda57df0733f6c60ab89cfb4c2","frontend/node_modules/tslib/package.json"
"bbdd90a4342a53659bff5c8432c0e3632f662d94","frontend/node_modules/tslib/test"
"de3214d104b6514719f6e163d48c54d96fb7cd67","frontend/node_modules/tslib/test/validateModuleExportsMatchCommonJS"
"0c1b613d8bddbd17b319c4093757e545f31b0a45","frontend/node_modules/tslib/test/validateModuleExportsMatchCommonJS/index.js"
"166e5095e43943a7473562a0ce40e29181573625","frontend/node_modules/tslib/test/validateModuleExportsMatchCommonJS/package.json"
"4d7f724cb4df81479b2c632774317310698f71a2","frontend/node_modules/tslib/tslib.d.ts"
"b122e41b06af8034aca824c9563053cf501eba2a","frontend/node_modules/tslib/tslib.es6.html"
"7fdec025453847d8198104e9b7a422b648c17ed4","frontend/node_modules/tslib/tslib.es6.js"
"44c9ba51e3547ad1b7a9244f14703ab681519619","frontend/node_modules/tslib/tslib.html"
"fbce0186f246229c9ecc0f6fa6c080770abfc346","frontend/node_modules/tslib/tslib.js"
"61e1c29049d26a205011f8fbab4b04d8a710128d","frontend/node_modules/tsscmp"
"9b05860864975c9b1a41dd4d4d689131b622d30e","frontend/node_modules/tsscmp/.travis.yml"
"c62e51bf1e057b409a880b45a674226b2cb1147d","frontend/node_modules/tsscmp/LICENSE"
"cba99d03700b1c5aadda61cee9cb04f9b0c27153","frontend/node_modules/tsscmp/README.md"
"29cd460bdcaed87eb408c4c402ed870907b2cd02","frontend/node_modules/tsscmp/appveyor.yml"
"4351b2f11e30db545d0d040b242fa8a0eb01f51d","frontend/node_modules/tsscmp/lib"
"d52e5b542ba8730758244421c2c9378b1a7bd5f0","frontend/node_modules/tsscmp/lib/index.js"
"a88010b6ea1e824e6bdbbe03e1878f4f29036ff9","frontend/node_modules/tsscmp/package.json"
"e742002c70d5694b22e1b14cf1cdc68ef0ad9362","frontend/node_modules/tsscmp/test"
"de08a18b250621eba1eaec35df0dfcdcca1f45f8","frontend/node_modules/tsscmp/test/benchmark"
"fd93e42338e3fdbc0633f384dd2034b5e23d5159","frontend/node_modules/tsscmp/test/benchmark/index.js"
"0bb372d29129b9355f53ee36a58d41cfcd4e9a8f","frontend/node_modules/tsscmp/test/unit"
"03354234a34220aac40dba7912bcd6d5bcc2d2b0","frontend/node_modules/tsscmp/test/unit/index.js"
"c762d6336c869c9de112d06d2fbe6dadbdeede1e","frontend/node_modules/typical"
"700561a5e23e90694da01df6f8f09ee295bf9977","frontend/node_modules/typical/LICENSE"
"bb092a1f3da6af5ad9c7f7a407b69b0f822d740d","frontend/node_modules/typical/README.hbs"
"cc64654c337a783af10d9a70d8a0ae7b094982c8","frontend/node_modules/typical/README.md"
"0ff2801017de3f119f68c5ec5cb73cfc64fb4a1f","frontend/node_modules/typical/dist"
"81689319f0caad14064e776452873a6f5d04337e","frontend/node_modules/typical/dist/index.js"
"e3ef5bb95da8464d18f362a4444b3bf1ef06c05e","frontend/node_modules/typical/index.mjs"
"9642da08a68696b85742902c390b23be95a9426a","frontend/node_modules/typical/package.json"
"07f0db85ddbaff26c12b0999609c54ae93f821e4","frontend/node_modules/undici-types"
"e7323bb52ec35279e2df7d728a6dd5a10b99afd8","frontend/node_modules/undici-types/LICENSE"
"20a721c445a21b60d9d3a20d142da608bffd7d9b","frontend/node_modules/undici-types/README.md"
"4bb3512c77bbd2160220db2bbb4873b38c6d3da3","frontend/node_modules/undici-types/agent.d.ts"
"e58d08f61ccd846ae9bcc90a822ceb4193e2d993","frontend/node_modules/undici-types/api.d.ts"
"733239c0bf035742463cb15369d9d970d749a2e1","frontend/node_modules/undici-types/balanced-pool.d.ts"
"e53be60a611ab24f417f5bb69a957ba3d69e6999","frontend/node_modules/undici-types/cache-interceptor.d.ts"
"4c33335766667761460cc464303e80efe0c6eb10","frontend/node_modules/undici-types/cache.d.ts"
"ad9bd8482dffba3d6888210b16244c50d179246a","frontend/node_modules/undici-types/client-stats.d.ts"
"bd1a32c380aa1ef2d3d7c24381a55bb76f772947","frontend/node_modules/undici-types/client.d.ts"
"bd924339eb3986d17544bd1905c8856e25396e27","frontend/node_modules/undici-types/connector.d.ts"
"f2a87f1b7518f72d94894b21fbfe96b7d0264ab3","frontend/node_modules/undici-types/content-type.d.ts"
"f746d35853fe5a5a0894e69a1e9d42c57ef2a657","frontend/node_modules/undici-types/cookies.d.ts"
"4925c871d70e882f8209b28da2f1b2deb46ad002","frontend/node_modules/undici-types/diagnostics-channel.d.ts"
"fffe870c272a787f01e9fcbf78e87a3fdbd906ce","frontend/node_modules/undici-types/dispatcher.d.ts"
"1733d7f6e32ab15b16fc81fc2018e5f5e2c2b84e","frontend/node_modules/undici-types/env-http-proxy-agent.d.ts"
"fbf319556116a8141c570c9d6d72fad8a51d44d8","frontend/node_modules/undici-types/errors.d.ts"
"081ca09aee97ff540fecfb22737d94c39d52c35c","frontend/node_modules/undici-types/eventsource.d.ts"
"2cf502900d13e9b12ab975274f28bffa690eb77c","frontend/node_modules/undici-types/fetch.d.ts"
"030f5485950d343405827f8b1aacacec2472b55d","frontend/node_modules/undici-types/formdata.d.ts"
"2760e136de4469460e7e35cf0908ac2ad20fc316","frontend/node_modules/undici-types/global-dispatcher.d.ts"
"265769b7b4e6bc82f6fcfb0143736cbe8fab92a4","frontend/node_modules/undici-types/global-origin.d.ts"
"e7a6808df36324049b1290e0a629a28f49848008","frontend/node_modules/undici-types/h2c-client.d.ts"
"8007dbf8e39a132426b2f04db68d2a0667569190","frontend/node_modules/undici-types/handlers.d.ts"
"efd7b1dd0bbae5a603aa1d0452b13cd1a8bc721c","frontend/node_modules/undici-types/header.d.ts"
"be0bc289c5f48c2a45f0583146d6f6e8173cfd1d","frontend/node_modules/undici-types/index.d.ts"
"74389db2758574cb135d3425d5d040851bab848d","frontend/node_modules/undici-types/interceptors.d.ts"
"330926be1919b19d6aa1c5e1bd4efc9bdfb53401","frontend/node_modules/undici-types/mock-agent.d.ts"
"df07fa0dca09be2221fd4cfb74093682891012bf","frontend/node_modules/undici-types/mock-call-history.d.ts"
"702e82464942a643ef3249691be7a8ecc5aa4474","frontend/node_modules/undici-types/mock-client.d.ts"
"eefeecd62ee909d24faec88a3db00e23d0fbf602","frontend/node_modules/undici-types/mock-errors.d.ts"
"a48d715a4cd094e6e0c301651dbb9d3efe710f07","frontend/node_modules/undici-types/mock-interceptor.d.ts"
"f35f357bc136e96f45968f6bbb86a82800e44f5e","frontend/node_modules/undici-types/mock-pool.d.ts"
"a5e7d9de2b58b575a07baf0929663210232e9429","frontend/node_modules/undici-types/package.json"
"8f7acbb069eb7249b7cc75bb7decd843e6471ebb","frontend/node_modules/undici-types/patch.d.ts"
"f76a5f61dddf89cf4fb863a040a99e3aa20260d1","frontend/node_modules/undici-types/pool-stats.d.ts"
"5198476eb9c78f0b28b1fed73c306957fff13f50","frontend/node_modules/undici-types/pool.d.ts"
"41555422178b578b7e68d355f171d39bf8e5915c","frontend/node_modules/undici-types/proxy-agent.d.ts"
"e4f314b4a0ec333b91401832470eefcd86332ca7","frontend/node_modules/undici-types/readable.d.ts"
"82268c373888338b27237d9a11a6193f511d5873","frontend/node_modules/undici-types/retry-agent.d.ts"
"3bc484b2d0705407f38eea25022ae20bd2a47c80","frontend/node_modules/undici-types/retry-handler.d.ts"
"f1d1ccdbb4d2f2e5f03e6516b47bff7c8b69880f","frontend/node_modules/undici-types/snapshot-agent.d.ts"
"8fc50cc4243fcbf903caf6bac3b2cdae462f010e","frontend/node_modules/undici-types/util.d.ts"
"bfb3ca7700c4cf98497774707cc6a6af754674b2","frontend/node_modules/undici-types/utility.d.ts"
"d2a8eb9c39a93d0464d7f16df36348ec645e1274","frontend/node_modules/undici-types/webidl.d.ts"
"a8477c1c948d71eafef0470ee6a4bc92160b620a","frontend/node_modules/undici-types/websocket.d.ts"
"20651db9dd6180d962436dc676e8360fd2dc7bf5","frontend/node_modules/webidl-conversions"
"d4a994f50bfa1ecc19489f03822a6e728d3e2a49","frontend/node_modules/webidl-conversions/LICENSE.md"
"16cc393157c6513a4e69f6453b7dcaf14516ffe4","frontend/node_modules/webidl-conversions/README.md"
"af54ac5fadac4af86dda092c994a624ae92b2724","frontend/node_modules/webidl-conversions/lib"
"0229347c1327779c2cb2fc2ed82558a1fd0a7745","frontend/node_modules/webidl-conversions/lib/index.js"
"20747bb420aa2f97f0068421866b6a5be72b692c","frontend/node_modules/webidl-conversions/package.json"
"e3ef4af9f6577713ebd7d6a5ccaee6ca9b280ae7","frontend/node_modules/whatwg-url"
"8e8c25c3a5d49b03f37fe4b66b0d84fde2b055dc","frontend/node_modules/whatwg-url/LICENSE.txt"
"322766fbb157883fc70dbd912bf2311416e0a569","frontend/node_modules/whatwg-url/README.md"
"c470e48e4eb027ed07abf42a263e042e14a3f6bd","frontend/node_modules/whatwg-url/index.js"
"89013b655c7550c20b34e857d80e300393d26043","frontend/node_modules/whatwg-url/lib"
"ea8712fd709baa510d595bd6d8b2f61d90bfd49f","frontend/node_modules/whatwg-url/lib/Function.js"
"06b0ddc30b3f68ef9f71b8712a4d271206b7becb","frontend/node_modules/whatwg-url/lib/URL-impl.js"
"53a47f23c517b5aee4f4b2470de7e063912d8e26","frontend/node_modules/whatwg-url/lib/URL.js"
"d929591f78917cd9f3ef2033840fd5e7bcb0a7a9","frontend/node_modules/whatwg-url/lib/URLSearchParams-impl.js"
"a55587fa7d004644ebb6fb928420a06fe0ec3a13","frontend/node_modules/whatwg-url/lib/URLSearchParams.js"
"9a00672a7eefb56865c9ec5872c3d331bc8cd845","frontend/node_modules/whatwg-url/lib/VoidFunction.js"
"cb66b8f10aee1c8a6125c4553213917ea95aba59","frontend/node_modules/whatwg-url/lib/encoding.js"
"4a984a3b3a8ab614216364ffa243ff6b21657a37","frontend/node_modules/whatwg-url/lib/infra.js"
"8a89f12abea72eae733b951fe5ededad9c89b297","frontend/node_modules/whatwg-url/lib/percent-encoding.js"
"490cbab950c0134aa80c6c37199cdb44dbcb08fa","frontend/node_modules/whatwg-url/lib/url-state-machine.js"
"ed53310bbede736c7cd79d7839605f4e2e581d2e","frontend/node_modules/whatwg-url/lib/urlencoded.js"
"3af17706fd62a069a0dac854c4f50839c358fa0d","frontend/node_modules/whatwg-url/lib/utils.js"
"d0ef78aea37bc54bb4bb78aed75ca4089f975ff6","frontend/node_modules/whatwg-url/package.json"
"b731ace5f49f0afd309c120d6410f7dc2c4aeb60","frontend/node_modules/whatwg-url/webidl2js-wrapper.js"
"01589d2ee751b24c7c42599182ec65dbdc2c0bf8","frontend/node_modules/which"
"7fb1f2033c8dcf5d7ac89ee1f77ef0be979cfb26","frontend/node_modules/which/CHANGELOG.md"
"cd833509f3bcc971ef2e4ddcdfdd9a26d5accfb8","frontend/node_modules/which/README.md"
"87da794cb0d94e5289c930b08bd39cb12a2ff169","frontend/node_modules/which/bin"
"7cee3729eebdd09e39bd891aa4d17483ea4a757a","frontend/node_modules/which/bin/node-which"
"97ad7fbabc52b54b1d9c4c50236c3a81d78218a7","frontend/node_modules/which/package.json"
"82afffd21437498a02aaaa1c03be7ea9178b2c48","frontend/node_modules/which/which.js"
"08bbe104ac207c8b595c1e4623e645de71451664","frontend/node_modules/wordwrapjs"
"c0ec60d150cdb13db0d0a96625b61cbca3889b2b","frontend/node_modules/wordwrapjs/LICENSE"
"5e84501bc7876f2b92edbcbb378ebdfc8b6e7505","frontend/node_modules/wordwrapjs/README.hbs"
"652076b60d9024639e8564be617be7bf702142be","frontend/node_modules/wordwrapjs/README.md"
"520e8bc890e12dd96c1647aa5417856572780eec","frontend/node_modules/wordwrapjs/dist"
"cd6e800cb0bb7df9814db503b310e461fbe3ef8a","frontend/node_modules/wordwrapjs/dist/index.cjs"
"5fe0099a6603afaba181dc48ef36bb7ef48342d2","frontend/node_modules/wordwrapjs/dist/index.mjs"
"76e82a878f661ec032c56544649939f83a20f0e3","frontend/node_modules/wordwrapjs/index.js"
"70f3ee4d0cf6b69c59e27cdaf7bf0e8c3742f1f6","frontend/node_modules/wordwrapjs/package.json"
"4795ecaf928ce39aeb2ab151d67f76eeb16830a8","frontend/node_modules/ws"
"a145cd1dff053182c444072e1c199926e0cb09ad","frontend/node_modules/ws/LICENSE"
"20a611496f01979d729832637d98524852174e0f","frontend/node_modules/ws/README.md"
"ca4f628ac17c80e5b1d40910d1b18c605490deda","frontend/node_modules/ws/browser.js"
"722c78676ef712b9f201d14b936ed12bd6d7ca10","frontend/node_modules/ws/index.js"
"01af1512e34a30feb614afae4bfd8a899a381f5a","frontend/node_modules/ws/lib"
"6fd84c311746cd71b602a17c46ddc68541368d0b","frontend/node_modules/ws/lib/buffer-util.js"
"4082981f89d2edc44742f51ce0602a5ce9df4bb0","frontend/node_modules/ws/lib/constants.js"
"a6fbe72b7b12370f056e2dc8e8ccd93bf7fce24e","frontend/node_modules/ws/lib/event-target.js"
"87a421329d451ad7fe68e4fdaa94573192e5234e","frontend/node_modules/ws/lib/extension.js"
"3fd35784ea9ea59cff8c112b6556a89cde7f7b6f","frontend/node_modules/ws/lib/limiter.js"
"ce91784295cd73b91f657b6a49f4a9979ebeb7a8","frontend/node_modules/ws/lib/permessage-deflate.js"
"1d2af76e1f25644e25323420619f47baf1f0f043","frontend/node_modules/ws/lib/receiver.js"
"441171c579574f37d7f21f76df5837af6b6104fe","frontend/node_modules/ws/lib/sender.js"
"19e1bff4a1a9f5d071e1cbb85717b6a4fa96b03c","frontend/node_modules/ws/lib/stream.js"
"169ac6f0631515811a79b131b3e228fab9a04a3f","frontend/node_modules/ws/lib/validation.js"
"8ead7d4a0fc776d8bc43c15b92ebf37d438a8559","frontend/node_modules/ws/lib/websocket-server.js"
"14f82c8239c4e13352e8fadd6c2d2f00c80b7647","frontend/node_modules/ws/lib/websocket.js"
"0417b97ff3d264e44a95b069255748047ecd9b3e","frontend/node_modules/ws/package.json"
"f816a2f90ccaf8d56a76e6c70b0c104b58b9a7e6","frontend/node_modules/ylru"
"3fe39a7b9c62fa95c48b588accc787a7c004b7c7","frontend/node_modules/ylru/LICENSE"
"6edbfba8731a00feda7f5dfa198edc754c8a39d8","frontend/node_modules/ylru/README.md"
"2fc60edfb2cf4904d0e23572eabff85ec0da5290","frontend/node_modules/ylru/index.d.ts"
"9f5a8050ebf4976606ae04e22ef57f093f5393ad","frontend/node_modules/ylru/index.js"
"7b96b3e4d5b3140b23a91511bbd58dba9a212a21","frontend/node_modules/ylru/package.json"
"72382da3b167a44f6435342610b662adb67f97d1","frontend/package-lock.json"
"97f7dc93d306d67db94705905fb859e411513217","frontend/package.json"
"fa180ca0f97e00250672dadff5876235e37e9bbf","image.jpg"
"e560dd9efa2f0587b3380c727584213400df86a1","me34scripts.js"
"ec4dc586c8c121954cc677d3bdee9112f66af0e3","permisosxrol.csv"
"ad7344f9ef3e32e512b49f63e2277522050c934a","salva"
"f33f0704cf93defb49c51c3df1edfc4a877c4c47","salva/alarmscripts.js"
"e054cf4077d63957958f247267763612327c1714","salva/backend"
"3a37152cfc349dbcf0acb55b1ded6fe987477a31","salva/backend/.env"
"f04998e002df7ee25f97217059807514007f77eb","salva/backend/node_modules"
"b8322ff7fe81afd1242ffe9328818d45a117711e","salva/backend/node_modules/.package-lock.json"
"9ee752d80296332c69c00cf597ab5689707bcb8f","salva/backend/package-lock.json"
"5935753ecb4df36ff4e31e1969cf04262d339e3e","salva/backend/package.json"
"5d2d8f443ba1361b7fe0253bbfb209eb69c9103c","salva/backend/saidicdoserver.js"
"26515cd8eb58243a5bcf9eaca92cd39953f5890e","salva/frontend"
"6c85a1667f22c8f327b747141349cce7b0a1f529","salva/frontend/css"
"59deebc45a649a8ca8c2d04b5c5c81a5f73cfb71","salva/frontend/css/alarmstyles.css"
"d27ca9e2343176e9e4c80c765ae3aeb67cd2427e","salva/frontend/css/auditstyles.css"
"7e24a5ca1dbe9db3407f13641dbfdb84c8693ec0","salva/frontend/css/estadisticas.css"
"0134493eadf9f6cb8582aa03e9d7d5b842ab1856","salva/frontend/css/rolstyles.css"
"ae0a2e49038680287b8380d61a1ae99d88778f9d","salva/frontend/css/styles.css"
"0128c8393d70fb82c83b9b0b933d312629187361","salva/frontend/css/usersdlg.css"
"bfc4665878231b1e41936946501ed999ac7896ef","salva/frontend/images"
"248aed380eeb4b9622f695c194405534e7711e95","salva/frontend/js"
"24b90c2281a1d676e8b58dea76b2114df6add3d4","salva/frontend/js/alarmscripts.js"
"e7e35b36bd492c2d5c466d7e8063f24fe8563c82","salva/frontend/js/auditscripts.js"
"37443c30cfb12e683ddb68ffa25010804d91930b","salva/frontend/js/bmenu.js"
"37dd7f333cf7ad90aee0a44043836cb46a0d2556","salva/frontend/js/definitions.js"
"a52c4383fd6feb571929e7b7b2ce0d6fc32962c6","salva/frontend/js/estadisticas.js"
"afe3172352079a267af533845314492e04d8dbe3","salva/frontend/js/login.js"
"794731fcc588f0f567103b278874ff000d6af965","salva/frontend/js/main.js"
"ac103575bc161ea719ebf7ab47fa32e32adeba0f","salva/frontend/js/me34scripts.js"
"dbef82041b7b628de163e0d31d58cabbdd10203b","salva/frontend/js/menu.js"
"26555581b25509e95684872658dd1dfc6c9521b0","salva/frontend/js/mgiscripts.js"
"e5aaede02cbc17503b31d8bfcde438afc8df14b3","salva/frontend/js/rolscripts.js"
"3fb6617d6035743d14ccec6d0c53e4796d486e6b","salva/frontend/js/usersdlg.js"
"81964d64e2b0f1860a0031ca377f5b337d2b7822","salva/frontend/main.html"
"bf8bfea6cefa644b10ffc6283d00f38b920f5221","salva/frontend/node_modules"
"5fbcb7cbd573937c9959a86227a0f44fb60fe08a","salva/frontend/node_modules/.package-lock.json"
"b9e0c434a2ca13177628b958a4c50834707d2989","salva/frontend/package-lock.json"
"cb9d547f301ccfd2752a1a45a262daef7890071d","salva/frontend/package.json"
"74d17bd9d179af61d89806fbce7f52a362718a82","salva/frontend/pdf"
"5b4efded40bf5371a5decc5d176894cb7fb5a58b","salva/main.html"
"93feb6caa81bbc23f6aadc061df1c921177eff63","salva/saidicdoserver.js"
"e8429d891ef41fc010ad99ebef3ea71d5fc35314","temp"
"9fe5ed21cc8b2a74d6b2f852b357b769fecd7009","temp/ayuda.html"
"713affa852aabf0e6a465565e1e6bbbe25d9eeab","temp/backoffice-auditar.html"
"572dac24b4274a707d65d45d401ae4c431cb9298","temp/backoffice-backup.html"
"70893cee1824484ee3654e01a9d269ffac190397","temp/backoffice-estadisticas.html"
"e12582c2692cb048d9b28781f6b01a951fd4c636","temp/menu.js"
"599d5b6b5a1c66c99305789b716a90fe6ce2683f","temp/seleccionar-sujeto.html"
"75ee6468e6b3cc2e8d2351255647b3d492b8f7d9","temp/styles.css"
"2f88d15bfcd458efe496bc68b0563c658416be36","temp/version.html"
